pid,model,regime,n,updates,median_mm,p95_mm,p99_mm,win_pct,along_mean_mm,jump_median_mm,jump_p95_mm,jump_p99_mm,correction8_median_mm,correction8_p95_mm,correction8_p99_mm,innovation8_p95_mm
38153,raw,all,6709,876,0.9868994271880821,3.836692727400786,5.843234087972951,0.0,0.11514726768181625,0.765900341859993,2.5985938489444553,4.056357292679415,0.765900341859993,2.5985938489444553,4.056357292679415,2.5985938489444553
38153,raw,speed_lt_0.01,1139,152,0.04039178216771172,0.13094508929414986,1.2310048737249393,0.0,0.056684651358475134,0.05659528656798847,0.13387301785536454,0.557919197270945,0.05659528656798847,0.13387301785536454,0.557919197270945,0.13387301785536454
38153,raw,speed_ge_0.05,5102,663,1.177686853630966,4.084022444816354,6.1365749729087415,0.0,0.06073626015714736,0.9571153961230517,2.96210696477697,4.146199691852032,0.9571153961230517,2.96210696477697,4.146199691852032,2.96210696477697
38153,raw,speed_ge_0.2,2978,386,1.322637169669309,4.494791913349192,6.435145736215389,0.0,-0.04593658097584897,1.1407393935028733,3.146298173275419,4.857423944630423,1.1407393935028733,3.146298173275419,4.857423944630423,3.146298173275419
38153,raw,speed_ge_0.4,423,54,2.9125908588110496,6.414108544619411,8.272975727178506,0.0,0.036186299393280094,2.1668741832843357,4.949551303346836,7.628207500636036,2.1668741832843357,4.949551303346836,7.628207500636036,4.949551303346836
38153,raw,accel_lt_0.5,2153,291,0.12278932826725669,1.6710365528683269,2.564956717613396,0.0,0.011371703679698189,0.12499698089826149,0.5278417850480359,0.5598494441685292,0.12499698089826149,0.5278417850480359,0.5598494441685292,0.5278417850480359
38153,raw,accel_ge_2,578,74,2.8687897908442466,6.447718646568061,7.814714514094266,0.0,0.798254552304213,2.8677174439817916,4.949551303346836,7.561700182761247,2.8677174439817916,4.949551303346836,7.561700182761247,4.949551303346836
38153,raw,reversal,102,10,1.770196896580603,6.989427324359788,8.373355315860428,0.0,2.430288029873689,1.0565762251123414,3.540445798244039,4.318655954619754,1.0565762251123414,3.540445798244039,4.318655954619754,3.540445798244039
38153,raw,horizon_40_80ms,6683,868,0.9914309733476906,3.8412582636505963,5.84439025843239,0.0,0.11623643656432593,0.7729335909590553,2.6085143897774508,4.062092575862691,0.7729335909590553,2.6085143897774508,4.062092575862691,2.6085143897774508
38153,ema_0.25,all,6709,876,1.412497634411399,6.484231149098038,10.554522212175844,31.971977940080485,0.3849661892351542,0.5613822094428207,2.484426307286817,3.5532246968932055,0.5613822094428207,2.484426307286817,3.5532246968932055,2.484426307286817
38153,ema_0.5,all,6709,876,1.1253689858844937,4.72153193970132,7.382054513595728,40.91518855269042,0.21053435890791225,0.5650963212312141,2.080536048101878,3.1611134865815584,0.5650963212312141,2.080536048101878,3.1611134865815584,2.080536048101878
38153,ema_0.75,all,6709,876,1.0263250431902537,4.073197635456756,6.382876870152017,48.457296169324785,0.1503967623630199,0.6320204310324635,2.326256986628833,3.4424565722852996,0.6320204310324635,2.326256986628833,3.4424565722852996,2.326256986628833
38153,bounded_acceleration,all,6709,876,0.9716648711752364,3.470286200595559,5.349201782233005,43.83663735280966,0.01850383561639555,0.9022473168248015,3.107198476673066,4.299178189105183,0.9022473168248015,3.107198476673066,4.299178189105183,3.107198476673066
38153,bounded_acceleration,speed_lt_0.01,1139,152,0.04039178216771172,0.13094508929414986,1.2310048737249393,0.0,0.056684651358475134,0.05659528656798847,0.13387301785536454,0.5294147934407489,0.05659528656798847,0.13387301785536454,0.5294147934407489,0.13387301785536454
38153,bounded_acceleration,speed_ge_0.05,5102,663,1.1640394019026523,3.755208359513241,5.619241183341171,52.29321834574676,-0.04979078451145464,1.1322607422969864,3.2733760413280186,4.389802949186183,1.1322607422969864,3.2733760413280186,4.389802949186183,3.2733760413280186
38153,bounded_acceleration,speed_ge_0.2,2978,386,1.367294739011941,4.192670596197697,5.861495836864667,44.123572867696446,-0.16555360111698564,1.3873539174090004,3.6399993438551546,5.2307898061563245,1.3873539174090004,3.6399993438551546,5.2307898061563245,3.6399993438551546
38153,bounded_acceleration,speed_ge_0.4,423,54,2.614543128282825,5.938836741321026,7.789571738722875,65.95744680851064,-0.3482902582775819,2.596337320168597,5.321882919165813,7.636307995216251,2.596337320168597,5.321882919165813,7.636307995216251,5.321882919165813
38153,bounded_acceleration,accel_lt_0.5,2153,291,0.12278932826725669,1.6376921532718431,2.39836243977405,26.33534602879703,0.00019396364435445145,0.13375486021017144,0.7045894717533443,0.9005080667340298,0.13375486021017144,0.7045894717533443,0.9005080667340298,0.7045894717533443
38153,bounded_acceleration,accel_ge_2,578,74,2.672922000965551,5.628169650597371,6.882713595337631,52.595155709342556,0.326834355352201,3.231591838915286,5.321882919165813,7.606041231601219,3.231591838915286,5.321882919165813,7.606041231601219,5.321882919165813
38153,bounded_acceleration,reversal,102,10,1.8721633446896844,5.603356024242574,6.285282473816866,45.09803921568628,2.0573512466727224,1.612098372684154,3.2298503989872582,3.9851397854289834,1.612098372684154,3.2298503989872582,3.9851397854289834,3.2298503989872582
38153,bounded_acceleration,horizon_40_80ms,6683,868,0.9735597574846219,3.4755911662349526,5.354782726434804,43.977255723477484,0.019309322357543714,0.9054590648836442,3.112009583032606,4.299357532922502,0.9054590648836442,3.112009583032606,4.299357532922502,3.112009583032606
38153,abg_0.5_0.1_0,all,6709,876,1.9021347203640453,9.31020113433877,14.85175595733131,24.057236547920706,0.5924242108676405,0.5522034619488865,2.6618054873883965,4.044017203858806,0.5522034619488865,2.6618054873883965,4.044017203858806,2.6618054873883965
38153,abg_0.8_0.2_0,all,6709,876,1.4841668787503441,6.982618956331302,11.027220188982753,29.90013414815919,0.40964416438688595,0.5472893677321485,2.489695287887547,3.591248352108293,0.5472893677321485,2.489695287887547,3.591248352108293,2.489695287887547
38153,abg_1.0_0.5_0,all,6709,876,1.1253690913842458,4.721531138699909,7.382054802904682,40.91518855269042,0.21053458637674344,0.5650962198453496,2.0805348738896656,3.1611141555509694,0.5650962198453496,2.0805348738896656,3.1611141555509694,2.0805348738896656
38153,abg_0.5_0.1_0.01,all,6709,876,1.9886055223634256,8.560712351102406,11.58240127910016,21.687285735579074,-0.07404153989202589,0.6376227296505124,2.6788430417945275,3.403534240735827,0.6376227296505124,2.6788430417945275,3.403534240735827,2.6788430417945275
38153,abg_0.8_0.3_0.05,all,6709,876,1.4372783914690588,4.303096971842939,6.209113566835092,34.028916380980775,-0.0702824610129781,0.7052006289309216,2.176062106071086,3.0909846608953515,0.7052006289309216,2.176062106071086,3.0909846608953515,2.176062106071086
38153,abg_1.0_0.5_0.1,all,6709,876,1.1503759519676913,3.737635695489488,5.551236018676009,41.347443732299894,-0.07629308900083953,0.7477728197533435,2.4940898152985618,3.8289488031397627,0.7477728197533435,2.4940898152985618,3.8289488031397627,2.4940898152985618
38153,acc_decay_2ms_cap0,all,6709,876,0.9693306752719134,3.5635197009584996,5.455678093782779,58.90594723505739,0.026059611701541342,8.326672684688674e-14,2.620521161979504e-13,3.93486776107697e-13,0.8886614100308559,3.0592408910084474,4.202210505042667,3.059226031468266
38153,acc_decay_2ms_cap5,all,6709,876,0.9693306752719134,3.5635197009584996,5.455678093782779,58.90594723505739,0.026059611701541342,8.326672684688674e-14,2.700804214269694e-13,0.06382071159158255,0.8886614100308559,3.0592408910084474,4.202210505042667,3.059226031468266
38153,acc_decay_4ms_cap0,all,6709,876,0.9873646012629164,3.6461809331705024,5.618701752052223,57.31107467580861,0.03410169574912759,8.326672684688674e-14,2.6871947099926417e-13,3.983728131428559e-13,0.77483345674235,2.6744136025868137,3.6890299588646513,2.7211157023064696
38153,acc_decay_4ms_cap5,all,6709,876,0.9873646012629164,3.6461809331705024,5.618701752052223,57.31107467580861,0.03410169574912759,8.326672684688674e-14,2.7996817288481074e-13,0.048299373693759834,0.77483345674235,2.6744136025868137,3.6890299588646513,2.7211157023064696
38153,acc_decay_4ms_cap5,speed_lt_0.01,1139,152,0.03302188724509891,0.1298808784682272,1.2347557192844563,82.87971905179982,0.060184712610830055,4.3368086899420177e-16,7.511369983831659e-16,3.696105488475517e-15,0.04858430252378321,0.11451890638718776,0.4713338367989619,0.11723871961711109
38153,acc_decay_4ms_cap5,speed_ge_0.05,5102,663,1.1742608191048356,3.9265864557033763,5.743862801042114,52.45001960015681,-0.035036077267809544,1.1188630228279524e-13,2.999675526361384e-13,0.09903725561328328,0.9817599628673278,2.8666623648925995,3.7302785611783196,2.8666449898459345
38153,acc_decay_4ms_cap5,speed_ge_0.2,2978,386,1.3622443201610541,4.341767034886472,5.900432091512952,47.0785762256548,-0.16156215522060646,1.3597399555105182e-13,3.2257476090772284e-13,0.17673218313874306,1.1938986304644585,3.1897966200885923,4.471518505166908,3.187713770236899
38153,acc_decay_4ms_cap5,speed_ge_0.4,423,54,2.717319508812435,5.980459023508587,7.760586389389727,65.01182033096927,-0.4013876697966891,1.2448456000252325e-13,0.22375994186088483,2.653545421458512,2.2688355552834354,4.540865420467893,6.7025594859796644,4.660616077761557
38153,acc_decay_4ms_cap5,accel_lt_0.5,2153,291,0.12070408990767402,1.638094185947337,2.430546726060239,68.46261031119369,0.003823003644475915,8.741117365843378e-16,2.5886966999662934e-13,3.2715375793783505e-13,0.10948754263690992,0.6203782543278086,0.7586484081109842,0.6170411995440803
38153,acc_decay_4ms_cap5,accel_ge_2,578,74,2.775194974709163,5.93243259689301,7.709825495296889,57.09342560553633,0.408983177874667,1.0358521839084692e-13,0.1851415598740735,2.6268890992199347,2.7448215570002645,4.540865420467893,6.679215326424458,4.660616077761557
38153,acc_decay_4ms_cap5,reversal,102,10,2.011418439751431,5.929467676759938,6.452542053113535,31.372549019607842,2.2586706638113996,3.3554790508786925e-14,1.1822972532243205e-13,1.2294731119437733e-13,1.3547215238086094,2.850400757186078,3.5034951861634998,2.8285275957638794
38153,acc_decay_4ms_cap5,horizon_40_80ms,6683,868,0.9895379990781032,3.6490329130285883,5.619025061964189,57.249738141553195,0.034956637000944826,8.326672684688674e-14,2.816131171330096e-13,0.04885410852896026,0.7849328474543333,2.694330590834272,3.691319852093307,2.725329008008915
38153,acc_decay_8ms_cap0,all,6709,876,1.022009011810333,3.855459786395646,5.808705323757995,52.28797138172604,0.04705662466857561,8.326672684688674e-14,2.673719711621644e-13,3.931646487059194e-13,0.5637427882484675,1.8655741012913531,2.7484229184501183,2.0119196042475953
38153,acc_decay_8ms_cap5,all,6709,876,1.022009011810333,3.855459786395646,5.808705323757995,52.34759278581011,0.0472219775974708,8.326672684688674e-14,2.6945789820192467e-13,0.023147226207165437,0.5637427882484675,1.8655741012913531,2.7484229184501183,2.0119196042475953
38153,acc_decay_12ms_cap0,all,6709,876,1.078010692909004,4.156068249702123,6.104638238232299,47.98032493665226,0.060736662928083114,8.326672684688674e-14,2.668146074326946e-13,3.9567729898990215e-13,0.44714911230178467,1.5131593033825559,2.120897601013262,1.5566947823968087
38153,acc_decay_12ms_cap5,all,6709,876,1.078010692909004,4.134942217696708,6.098684053797868,48.03994634073632,0.06128930960935249,8.326672684688674e-14,2.6871947099926417e-13,0.02314722620720888,0.44714911230178467,1.5131593033825559,2.120897601013262,1.5566947823968087
38153,decay_2ms_cap0,all,6709,876,1.0017729799009751,3.922327370633718,6.353535107517845,52.958712177671785,0.1278820744416472,7.850462293418876e-14,2.5438405243138007e-13,3.232920657311431e-13,0.754134282441356,2.555051209247698,3.990459948560916,2.558473817358496
38153,decay_2ms_cap5,all,6709,876,1.0017729799009751,3.922327370633718,6.353535107517845,52.958712177671785,0.1278820744416472,7.850462293418876e-14,2.5589376332604514e-13,3.426640856524859e-13,0.754134282441356,2.555051209247698,3.990459948560916,2.558473817358496
38153,decay_4ms_cap0,all,6709,876,1.0439869174872463,4.085234395436271,6.425754518461512,48.94917275301833,0.142045998284119,7.850462293418876e-14,2.5019047835791994e-13,3.11864493316497e-13,0.6707980528380098,2.258365225285643,3.5368685277601877,2.2757073870128495
38153,decay_4ms_cap5,all,6709,876,1.0439869174872463,4.085234395436271,6.425754518461512,48.94917275301833,0.142045998284119,7.850462293418876e-14,2.5589376332604514e-13,3.426640856524859e-13,0.6707980528380098,2.258365225285643,3.5368685277601877,2.2757073870128495
38153,decay_8ms_cap0,all,6709,876,1.1121284843586976,4.482240543573338,6.991274444957092,42.30138619764495,0.16856939778945287,7.850462293418876e-14,2.5297705492439164e-13,3.248706834302236e-13,0.49773864476857743,1.7366367218930332,2.7249429598686996,1.6825967016329115
38153,decay_8ms_cap5,all,6709,876,1.1121284843586976,4.46223029523219,6.991274444957092,42.30138619764495,0.16869925237398767,7.850462293418876e-14,2.5589376332604514e-13,3.3562955801295216e-13,0.49773864476857743,1.7366367218930332,2.7249429598686996,1.6825967016329115
38153,decay_12ms_cap0,all,6709,876,1.1838804304477222,4.865731232605068,7.645358694955091,37.18885079743628,0.19713169886927762,7.850462293418876e-14,2.5350237743463366e-13,3.172225058814305e-13,0.40333502012799893,1.4509673920205097,2.163183822511352,1.3018857715687018
38153,decay_12ms_cap5,all,6709,876,1.1838804304477222,4.833954639329794,7.606563580214062,37.18885079743628,0.19756631875609248,7.850462293418876e-14,2.5589376332604514e-13,3.511518910592254e-13,0.40333502012799893,1.4509673920205097,2.163183822511352,1.3018857715687018
38153,decay_16ms_cap0,all,6709,876,1.2627606925924868,5.2162152514806275,8.259085673557236,34.40155015650618,0.22875803060807043,7.850462293418876e-14,2.542464835533649e-13,3.2368285245694687e-13,0.3616089608260265,1.310728706936211,1.9087022164809506,1.0557702839654861
38153,decay_16ms_cap5,all,6709,876,1.2627606925924868,5.193992130310406,8.244433788840526,34.40155015650618,0.22926514083106303,7.850462293418876e-14,2.7230117268790986e-13,0.006706073734228675,0.3616089608260265,1.310728706936211,1.9087022164809506,1.0557702839654861
72364,raw,all,9641,1256,2.0450422390632204,7.443024573426333,11.589201805663587,0.0,0.5294676923707916,1.3657924537232229,4.7444852029039,8.102453975899822,1.3657924537232229,4.7444852029039,8.102453975899822,4.7444852029039
72364,raw,speed_lt_0.01,230,35,0.4241431866924204,0.7715355791134808,1.3612723597421537,0.0,0.13720468465042696,0.6556024483727668,1.4193034839133212,4.9903085798926945,0.6556024483727668,1.4193034839133212,4.9903085798926945,1.4193034839133212
72364,raw,speed_ge_0.05,8682,1130,2.161369631273287,7.699368657106827,11.71557509231289,0.0,0.4892455346161925,1.4332406773488544,4.7474119438600955,8.144437368372,1.4332406773488544,4.7474119438600955,8.144437368372,4.7474119438600955
72364,raw,speed_ge_0.2,5687,742,2.2698981316171323,8.158275995358498,12.301779249456215,0.0,0.19573029330521607,1.6254214421464552,5.2833738769199075,8.125060418000224,1.6254214421464552,5.2833738769199075,8.125060418000224,5.2833738769199075
72364,raw,speed_ge_0.4,1872,250,3.597095066619122,9.676429871758684,16.148943401341164,0.0,0.04728419100901003,2.3447968075157126,7.18541383480193,9.889749021515222,2.3447968075157126,7.18541383480193,9.889749021515222,7.18541383480193
72364,raw,accel_lt_0.5,906,121,1.27518220839834,3.679482962157334,6.629452249243197,0.0,0.11596306985667168,0.4115310469337701,0.5510381052556067,0.6235048143968582,0.4115310469337701,0.5510381052556067,0.6235048143968582,0.5510381052556067
72364,raw,accel_ge_2,2530,334,3.8089580226611646,10.564002300711572,16.465900104840223,0.0,1.4462918358035308,3.074667381030385,7.607823097876269,12.030243338981087,3.074667381030385,7.607823097876269,12.030243338981087,7.607823097876269
72364,raw,reversal,335,28,4.1838621339473665,20.429490516982412,32.59680567483723,0.0,4.202057562615486,2.2363672831108277,13.163668275958097,16.24374444199824,2.2363672831108277,13.163668275958097,16.24374444199824,13.163668275958097
72364,raw,horizon_40_80ms,9623,1249,2.048388348456287,7.444441650957417,11.59555409104634,0.0,0.5307152283906713,1.3719726122221183,4.747899734019461,8.113757196950013,1.3719726122221183,4.747899734019461,8.113757196950013,4.747899734019461
72364,ema_0.25,all,9641,1256,3.6088428467083435,13.91649859809898,21.1237174581434,9.376620682501816,1.4578407835541365,1.3835668840267386,5.074076727263477,7.6169789062634985,1.3835668840267386,5.074076727263477,7.6169789062634985,5.074076727263477
72364,ema_0.5,all,9641,1256,2.5344566686278074,9.722785603672778,15.454414708798026,16.75137433876154,0.8094579306527979,1.1891282473773543,4.405873624570095,6.627050238407666,1.1891282473773543,4.405873624570095,6.627050238407666,4.405873624570095
72364,ema_0.75,all,9641,1256,2.183890982211703,8.212048368854399,12.645161706744776,26.096877917228507,0.6179100116717526,1.22783835082982,4.284998164498073,6.972512852179977,1.22783835082982,4.284998164498073,6.972512852179977,4.284998164498073
72364,bounded_acceleration,all,9641,1256,1.693681504135936,6.5852677280424246,10.31266331720306,70.70843273519345,0.2628200481164694,1.5129350029152056,4.800377520398335,8.714558664386482,1.5129350029152056,4.800377520398335,8.714558664386482,4.800377520398335
72364,bounded_acceleration,speed_lt_0.01,230,35,0.4241431866924204,0.7715355791134808,1.3612723597421537,0.0,0.13720468465042696,0.7957527046778252,1.775868037722715,5.544582926446398,0.7957527046778252,1.775868037722715,5.544582926446398,1.775868037722715
72364,bounded_acceleration,speed_ge_0.05,8682,1130,1.7754058323253301,6.745975577003126,10.601916113345409,74.56807187284036,0.21088269166024243,1.5627995762909088,4.806910849903119,8.774609972606946,1.5627995762909088,4.806910849903119,8.774609972606946,4.806910849903119
72364,bounded_acceleration,speed_ge_0.2,5687,742,1.8921891739292858,7.212371866154175,11.186181149414034,75.47037102162828,-0.10027245424596526,1.7189420409511063,5.23330870749249,8.869742100310615,1.7189420409511063,5.23330870749249,8.869742100310615,5.23330870749249
72364,bounded_acceleration,speed_ge_0.4,1872,250,3.117870000440207,8.952784679288337,16.367610382979304,76.5491452991453,-0.42638961184575636,2.433302153266065,7.096201017157985,10.00446501965344,2.433302153266065,7.096201017157985,10.00446501965344,7.096201017157985
72364,bounded_acceleration,accel_lt_0.5,906,121,1.0025190383560345,3.1223571165564037,6.308507325192381,70.41942604856513,0.005099130708122843,0.52496257060796,0.9341839821574577,1.3946496383068285,0.52496257060796,0.9341839821574577,1.3946496383068285,0.9341839821574577
72364,bounded_acceleration,accel_ge_2,2530,334,3.213867018599866,9.587087497712037,15.93578622285808,74.62450592885375,0.8275381886685357,3.1393546976755724,7.736499400916187,12.437818343140162,3.1393546976755724,7.736499400916187,12.437818343140162,7.736499400916187
72364,bounded_acceleration,reversal,335,28,4.0583544410835515,19.864546254815433,33.12631751521372,57.01492537313433,3.971482800537561,2.333178830776191,13.74672069596678,16.766620496407135,2.333178830776191,13.74672069596678,16.766620496407135,13.74672069596678
72364,bounded_acceleration,horizon_40_80ms,9623,1249,1.6961133944829085,6.586723144396932,10.325068623364233,70.81991063078043,0.2635274591905566,1.5199072012799175,4.8079997381539155,8.730726324291977,1.5199072012799175,4.8079997381539155,8.730726324291977,4.8079997381539155
72364,abg_0.5_0.1_0,all,9641,1256,5.107335162829633,19.697509607062457,29.852181220148616,5.31065242194793,2.206786809117255,1.4481556761848762,5.5940050317069865,8.392712671467452,1.4481556761848762,5.5940050317069865,8.392712671467452,5.5940050317069865
72364,abg_0.8_0.2_0,all,9641,1256,3.815969416635478,14.63044382614691,22.425210229128414,8.640182553677004,1.530461245935398,1.3592334955402032,5.077558388061294,7.519422668944936,1.3592334955402032,5.077558388061294,7.519422668944936,5.077558388061294
72364,abg_1.0_0.5_0,all,9641,1256,2.5344556028340226,9.722785439263333,15.45441453904599,16.75137433876154,0.8094583693677481,1.1891285470846156,4.405873411473395,6.627050048962171,1.1891285470846156,4.405873411473395,6.627050048962171,4.405873411473395
72364,abg_0.5_0.1_0.01,all,9641,1256,4.826510365459692,20.255453701573494,32.61516272604376,12.073436365522248,-0.8662453490783162,1.5336787425449951,6.5949486992645365,10.167015815036413,1.5336787425449951,6.5949486992645365,10.167015815036413,6.5949486992645365
72364,abg_0.8_0.3_0.05,all,9641,1256,2.1620254118002804,9.926669959597527,15.578969196355304,47.43283891712478,-0.20837968533686663,1.067078615449717,4.7617916140241014,6.986075460953676,1.067078615449717,4.7617916140241014,6.986075460953676,4.7617916140241014
72364,abg_1.0_0.5_0.1,all,9641,1256,1.7078975295605583,7.517777129786436,12.63750143008891,58.80095425785707,-0.16119163885586052,1.13951403427597,4.520630309484384,7.578996525976372,1.13951403427597,4.520630309484384,7.578996525976372,4.520630309484384
72364,acc_decay_2ms_cap0,all,9641,1256,1.7078748185242048,6.7302152497424235,10.687612884925185,70.32465511876362,0.2782339991367413,1.3877787807814457e-13,6.659835680760124e-13,0.015021172847299258,1.4899468819609187,4.7189412654586675,8.579113868730335,4.726263861651267
72364,acc_decay_2ms_cap5,all,9641,1256,1.7078748185242048,6.7302152497424235,10.62111046983701,70.36614459081008,0.27956620101171026,1.40747164323766e-13,0.11381230416456056,3.7136449774944955,1.4899468819609187,4.7189412654586675,8.579113868730335,4.726263861651267
72364,acc_decay_4ms_cap0,all,9641,1256,1.7500100105471252,6.942458296935517,11.029811811903263,67.02624209106939,0.30548353050836224,1.3466190863862533e-13,6.648209175034696e-13,0.015021172847338681,1.3067861249573773,4.182412100983045,7.541094629475413,4.2039099677150675
72364,acc_decay_4ms_cap5,all,9641,1256,1.7500100105471252,6.913126526485062,10.863245266236202,67.06773156311586,0.30626260371632297,1.3877787807814457e-13,0.12302053355807048,3.611055283424017,1.3067861249573773,4.182412100983045,7.541094629475413,4.2039099677150675
72364,acc_decay_4ms_cap5,speed_lt_0.01,230,35,0.43443743713511795,1.1447849393463887,1.4867233769783534,64.34782608695652,0.1375391503865182,5.721958498152797e-14,1.561661997206599e-13,1.5883343936280325,0.6686900054822529,1.5107908276684134,4.79477111255621,1.5552087962676977
72364,acc_decay_4ms_cap5,speed_ge_0.05,8682,1130,1.8446756513997882,7.12446080322118,11.373360636544042,68.65929509329648,0.2487450853583165,1.507320490771351e-13,0.11523595904630883,3.611080520672266,1.3572842084306536,4.217081008298996,7.5411167308869995,4.209631502929789
72364,acc_decay_4ms_cap5,speed_ge_0.2,5687,742,1.9583191975464713,7.735391042302515,11.961149323753217,68.91155266397045,-0.0804143747122595,2.077037090527612e-13,0.3314829961790143,3.688663652109671,1.5131468796811052,4.608265785459908,7.6090598245688446,4.583047592834203
72364,acc_decay_4ms_cap5,speed_ge_0.4,1872,250,3.2827491044011485,9.384763965239447,16.348283838787655,67.1474358974359,-0.3896346582730208,3.598716450804386e-13,2.098243570658543,4.9066614288479355,2.127405177926892,6.216256278419472,8.675716139103715,6.214467520976085
72364,acc_decay_4ms_cap5,accel_lt_0.5,906,121,0.9530413006490475,3.133034532697283,6.294339801441689,75.60706401766004,-0.006879096697341297,1.494683490070454e-13,4.126162952233366e-13,0.14794654287291525,0.4425551900676071,0.8107716876939609,1.2130110538000787,0.8181076045755558
72364,acc_decay_4ms_cap5,accel_ge_2,2530,334,3.5936908108497767,10.199276907711344,16.29124035265798,61.30434782608696,0.9897123370155831,2.340739918748985e-13,2.735556233507914,7.369931606409458,2.7660590581071087,6.76155802992388,10.832914402911783,6.769264629548869
72364,acc_decay_4ms_cap5,reversal,335,28,4.419810759813985,21.24136126712986,33.27301747902857,39.40298507462687,4.2562093492247906,1.3092278833360674e-13,9.0296557468498,11.997309623567265,2.055553781058239,12.286410680653448,14.885320799711181,12.038631526707995
72364,acc_decay_4ms_cap5,horizon_40_80ms,9623,1249,1.7533471278577475,6.919387260647884,10.863342907865828,67.11004884131768,0.3071045934619356,1.3877787807814457e-13,0.13092926262285162,3.6110620780677762,1.3104405326391246,4.2228591595183165,7.541100579855455,4.210585092132242
72364,acc_decay_8ms_cap0,all,9641,1256,1.8696534063292465,7.52466693104593,12.146513622914611,58.36531480136915,0.3610330593867139,1.3597399555105182e-13,6.7546483467178e-13,0.015021172847333683,0.9790511459521524,3.163294448920963,5.190596056644342,3.1082577162626968
72364,acc_decay_8ms_cap5,all,9641,1256,1.8696534063292465,7.495390473760908,11.66116735403087,58.41717664142724,0.35836180150734215,1.4152622167509189e-13,0.1448782881075181,3.0163303375448787,0.9790511459521524,3.163294448920963,5.190596056644342,3.1082577162626968
72364,acc_decay_12ms_cap0,all,9641,1256,1.9946213360165135,8.247363016395513,13.601102361677397,50.305984856342704,0.4175381600002201,1.3092278833360674e-13,6.617398946792946e-13,0.015021172847304254,0.7856878743176399,2.6518799349668076,4.125225535339709,2.404971132561765
72364,acc_decay_12ms_cap5,all,9641,1256,1.9961379008150422,8.1571869053602,12.599428041400044,50.357846696400784,0.40626955154514405,1.3721219693333374e-13,0.41684940417699523,3.272066130022679,0.7856878743176399,2.6689185171691423,4.278598352011136,2.404971132561765
72364,decay_2ms_cap0,all,9641,1256,2.1164097050736275,7.674038945890722,12.091773014710563,32.65221450057048,0.5623993242479077,1.2719202621569003e-13,6.058239527243029e-13,1.3003416537199754e-12,1.3469221747553881,4.686877896055595,7.9707966239094015,4.6712344729843185
72364,decay_2ms_cap5,all,9641,1256,2.1164097050736275,7.674038945890722,11.970116574742978,32.69370397261695,0.5630763104480502,1.2990351116015622e-13,1.3235195765893227e-12,3.0957885664287765,1.3469221747553881,4.686877896055595,7.9707966239094015,4.6712344729843185
72364,decay_4ms_cap0,all,9641,1256,2.2140986473193074,8.018269206374455,12.423525611068742,28.938906752411576,0.609928903607977,1.2719202621569003e-13,6.097870347053314e-13,1.2719692755438424e-12,1.2110982919394382,4.212002689360064,7.02965569834271,4.154962511054516
72364,decay_4ms_cap5,all,9641,1256,2.2140986473193074,7.993286488346234,12.156552109215696,28.990768592469664,0.6094881895595331,1.3055398881206174e-13,1.4518055523115852e-12,3.027051352102395,1.2110982919394382,4.212002689360064,7.02965569834271,4.154962511054516
72364,decay_8ms_cap0,all,9641,1256,2.401406592896246,8.826728365465486,13.842655244497744,23.068146457836324,0.7092670796804258,1.2719202621569003e-13,6.052347891710605e-13,1.2972201665203717e-12,0.9390075719255428,3.299478379422447,5.145845537094652,3.0720672861572633
72364,decay_8ms_cap5,all,9641,1256,2.401406592896246,8.776123349114489,13.440506674284654,23.120008297894408,0.7037953650250848,1.309457693398147e-13,0.09569774692429285,2.9472178611400413,0.9390075719255428,3.299478379422447,5.145845537094652,3.0720672861572633
72364,decay_12ms_cap0,all,9641,1256,2.6032859595661564,9.74637406919307,15.546776652009424,18.525049268748056,0.8153838980753428,1.2719202621569003e-13,5.951210540483517e-13,1.2937540041070979e-12,0.8020005431129318,2.8607005055844947,4.446536240516523,2.376969291136997
72364,decay_12ms_cap5,all,9641,1256,2.606415512669688,9.564166701332756,14.417892870040609,18.57691110880614,0.7968049510343014,1.3092278833360674e-13,0.7553236720769891,3.8753882837149987,0.8020005431129318,2.8833955727603966,4.446536240516523,2.376969291136997
72364,decay_16ms_cap0,all,9641,1256,2.8342290184534087,10.710482327753263,17.160772878477278,14.925837568716938,0.9308002454425848,1.275694539393563e-13,5.798440941491785e-13,1.304916914209383e-12,0.7300925621641099,2.631038798696048,4.11248420095543,1.9276142333571562
72364,decay_16ms_cap5,all,9641,1256,2.837171493525289,10.30567251542016,15.059252914954087,15.008816512809876,0.8900207274908482,1.3597399555105182e-13,1.6516505477034042,5.045707986721505,0.7300925621641099,2.631038798696048,5.045707986721505,1.9779275725383285
73461,raw,all,10817,1395,2.3604631438662715,9.25492105025051,13.83330259382221,0.0,0.6144944320393778,1.51650324354552,5.219052633637894,8.84823130031968,1.51650324354552,5.219052633637894,8.84823130031968,5.219052633637894
73461,raw,speed_lt_0.01,672,91,0.1738514616641902,1.2187011976937046,3.695754857054436,0.0,0.08443270766451325,0.28628573478553293,1.2432598439632399,5.0737881981004795,0.28628573478553293,1.2432598439632399,5.0737881981004795,1.2432598439632399
73461,raw,speed_ge_0.05,9540,1228,2.6051972539018005,9.687131850615526,14.11956660003753,0.0,0.6267917852697508,1.6725980271892298,5.340629429631897,9.011145481838048,1.6725980271892298,5.340629429631897,9.011145481838048,5.340629429631897
73461,raw,speed_ge_0.2,5170,664,3.231328069516379,11.060563508154518,15.576379412259051,0.0,0.24178252050518803,2.1799775325464212,5.893053091060065,9.70378551984177,2.1799775325464212,5.893053091060065,9.70378551984177,5.893053091060065
73461,raw,speed_ge_0.4,2224,291,4.967178410211459,13.060658236494096,17.68350515923058,0.0,0.17544888816129153,3.2357555739935244,6.956026472796826,9.742589963979283,3.2357555739935244,6.956026472796826,9.742589963979283,6.956026472796826
73461,raw,accel_lt_0.5,1371,183,0.8413278361390365,2.77874154437473,3.9790399657884605,0.0,0.12264570639773108,0.3481068120254472,0.5337043649298017,0.5725492098592883,0.3481068120254472,0.5337043649298017,0.5725492098592883,0.5337043649298017
73461,raw,accel_ge_2,3625,463,4.465189485013231,12.374665967451467,16.681960576484315,0.0,1.1543348084186287,3.430966510121333,7.248639787328987,11.281400406431286,3.430966510121333,7.248639787328987,11.281400406431286,7.248639787328987
73461,raw,reversal,287,31,4.699431629404344,10.039219936825972,12.764495981320717,0.0,3.631757881419371,2.2351356836335676,6.9902765681285945,14.490562497565959,2.2351356836335676,6.9902765681285945,14.490562497565959,6.9902765681285945
73461,raw,horizon_40_80ms,10795,1386,2.366046786923352,9.256275478480873,13.835906260527372,0.0,0.6156890495405651,1.530275441172584,5.226286324057584,8.870115294852031,1.530275441172584,5.226286324057584,8.870115294852031,5.226286324057584
73461,ema_0.25,all,10817,1395,4.29407584753216,15.26603619009396,21.250738883428266,12.600536193029491,1.5714168400078807,1.600161673745634,5.669814897326761,8.041663751499994,1.600161673745634,5.669814897326761,8.041663751499994,5.669814897326761
73461,ema_0.5,all,10817,1395,3.034904084761031,11.579391069071894,16.729353840855442,16.54802625496903,0.9280317834584488,1.382898156832794,5.013695322376837,7.712894297594074,1.382898156832794,5.013695322376837,7.712894297594074,5.013695322376837
73461,ema_0.75,all,10817,1395,2.5785929456444636,10.065578644841603,14.903978899140185,22.288989553480633,0.7207303175676651,1.4022381417542178,4.9277812118385125,7.6596126671607845,1.4022381417542178,4.9277812118385125,7.6596126671607845,4.9277812118385125
73461,bounded_acceleration,all,10817,1395,1.93941451067421,8.705372234078588,13.558507023335961,69.566423222705,0.32550324493854443,1.6014144922233668,5.292162175146336,8.923022517941735,1.6014144922233668,5.292162175146336,8.923022517941735,5.292162175146336
73461,bounded_acceleration,speed_lt_0.01,672,91,0.1738514616641902,1.2187011976937046,3.695754857054436,0.0,0.08443270766451325,0.28628573478553293,1.585444751995004,5.598703916729988,0.28628573478553293,1.585444751995004,5.598703916729988,1.585444751995004
73461,bounded_acceleration,speed_ge_0.05,9540,1228,2.114093272279656,9.019801713949875,13.722303979500168,76.12159329140461,0.3137133888752548,1.7255887052175172,5.472243088690061,9.121769037846022,1.7255887052175172,5.472243088690061,9.121769037846022,5.472243088690061
73461,bounded_acceleration,speed_ge_0.2,5170,664,2.648931405633429,10.620670931084023,14.896333695743925,77.33075435203095,-0.10943334940369195,2.2617511093651332,6.037973895622092,9.556670179420756,2.2617511093651332,6.037973895622092,9.556670179420756,6.037973895622092
73461,bounded_acceleration,speed_ge_0.4,2224,291,4.166293094729713,12.587143921080806,17.033898475286367,84.89208633093526,-0.28441912092091104,3.184788120295936,6.682919168155092,9.942155521183285,3.184788120295936,6.682919168155092,9.942155521183285,6.682919168155092
73461,bounded_acceleration,accel_lt_0.5,1371,183,0.6734823535003401,2.3993875098897317,3.5455601223886277,43.98249452954048,0.07195919049842825,0.3760771355105702,0.911938811183453,1.0982350040872382,0.3760771355105702,0.911938811183453,1.0982350040872382,0.911938811183453
73461,bounded_acceleration,accel_ge_2,3625,463,4.0192854264694775,11.812779429208256,16.28996249149941,72.13793103448276,0.6937720808994379,3.5397121310815827,7.57781323274285,11.222160811064489,3.5397121310815827,7.57781323274285,11.222160811064489,7.57781323274285
73461,bounded_acceleration,reversal,287,31,4.455187747020766,10.425266411008387,13.497734548559373,59.58188153310105,3.422958942176308,2.5860885875085216,7.789909557463235,15.013706228163757,2.5860885875085216,7.789909557463235,15.013706228163757,7.789909557463235
73461,bounded_acceleration,horizon_40_80ms,10795,1386,1.94313053127058,8.711810811317136,13.560010834650365,69.69893469198703,0.3261664870011728,1.6149949831955042,5.317494703625167,8.949719811660263,1.6149949831955042,5.317494703625167,8.949719811660263,5.317494703625167
73461,abg_0.5_0.1_0,all,10817,1395,6.018483240898079,21.6911442116606,28.698334196507364,9.438846260515854,2.33535098206255,1.705301711411464,6.1989908503151545,8.523911452103459,1.705301711411464,6.1989908503151545,8.523911452103459,6.1989908503151545
73461,abg_0.8_0.2_0,all,10817,1395,4.531802584585481,16.29067937518332,22.398324738033345,11.842470185818618,1.6553046086538161,1.597349165654874,5.74004091187749,7.908914174157289,1.597349165654874,5.74004091187749,7.908914174157289,5.74004091187749
73461,abg_1.0_0.5_0,all,10817,1395,3.034904174335847,11.579392862654617,16.729353097072696,16.54802625496903,0.9280322445258538,1.3828975543642763,5.013694991671977,7.712893431498673,1.3828975543642763,5.013694991671977,7.712893431498673,5.013694991671977
73461,abg_0.5_0.1_0.01,all,10817,1395,5.7683383595747735,23.897952841363978,44.21611672728098,12.101321993158917,-0.29932566363820656,1.7985745300939608,7.428136776513722,14.143444269240899,1.7985745300939608,7.428136776513722,14.143444269240899,7.428136776513722
73461,abg_0.8_0.3_0.05,all,10817,1395,2.5933630466313247,15.17865569502552,24.964773575594407,41.16668207451234,-0.1582897105619,1.235684612052654,7.252522154237904,11.42746355087102,1.235684612052654,7.252522154237904,11.42746355087102,7.252522154237904
73461,abg_1.0_0.5_0.1,all,10817,1395,2.054565953398219,12.40050389059409,21.103575403218358,53.05537579735602,-0.09168232508704303,1.3024319988409698,6.776689336712748,11.235214728375867,1.3024319988409698,6.776689336712748,11.235214728375867,6.776689336712748
73461,acc_decay_2ms_cap0,all,10817,1395,1.9952829992438805,9.00917967499873,13.661252365102378,70.36146805953591,0.34555806529331373,1.3092278833360674e-13,6.20706254604961e-13,2.123651698420896e-12,1.5758013051859237,5.215923107028612,8.834311577703156,5.210455788551399
73461,acc_decay_2ms_cap5,all,10817,1395,1.9952829992438805,8.996970766274607,13.645527902515397,70.38920218175095,0.34578458872877527,1.3877787807814457e-13,0.33415946287601866,3.9728445019539502,1.5758013051859237,5.215923107028612,8.834311577703156,5.210455788551399
73461,acc_decay_4ms_cap0,all,10817,1395,2.061873154498687,9.283772689332014,13.970151908855211,65.16594249791994,0.37098337038914453,1.2880248798673562e-13,6.152941629424553e-13,2.002003670595714e-12,1.3975333382777269,4.7065643892778155,8.067271125929146,4.634588264011265
73461,acc_decay_4ms_cap5,all,10817,1395,2.061873154498687,9.249459593932697,13.950904663410869,65.212166034945,0.3707302200630649,1.3877787807814457e-13,0.38485758342563875,4.211887804752114,1.3975333382777269,4.7065643892778155,8.067271125929146,4.634588264011265
73461,acc_decay_4ms_cap5,speed_lt_0.01,672,91,0.1461653935071358,1.2347015934377297,3.9761967985491222,73.95833333333334,0.0944257156751196,5.721958498152797e-14,1.2604605824301007e-13,0.8208962053246569,0.23829307512562234,1.252457157395959,4.101152952581216,1.3884464227763735
73461,acc_decay_4ms_cap5,speed_ge_0.05,9540,1228,2.2719076548578885,9.804502617451766,14.063904644116278,66.06918238993711,0.3599470666303924,1.576213700060856e-13,0.46929712619915886,4.2666004506384905,1.514039340540553,4.789713435562306,8.115185490252472,4.792293349543505
73461,acc_decay_4ms_cap5,speed_ge_0.2,5170,664,2.925173026478239,11.224352527156068,15.669452015401186,65.16441005802707,-0.07074283145293268,2.2992690645661263e-13,1.1469474775115134,4.707798568244765,1.9845297201262428,5.383162816241884,8.50156284421299,5.287729670582569
73461,acc_decay_4ms_cap5,speed_ge_0.4,2224,291,4.631742171480964,13.31128869497611,18.12430794109001,67.44604316546763,-0.20858270394294226,3.4219371797089427e-13,1.805619533207,4.910509453902694,2.8004312793059345,5.959992036157669,8.679086030495961,5.85253771918108
73461,acc_decay_4ms_cap5,accel_lt_0.5,1371,183,0.6630837868248313,2.4128956010719453,3.553137098374571,75.20058351568198,0.061567507059331616,1.1123893155135927e-13,2.6480584507798444e-13,4.596212085244693e-13,0.3165100945304827,0.7509965081573496,0.9566441997244848,0.798626491768529
73461,acc_decay_4ms_cap5,accel_ge_2,3625,463,4.407028494717307,12.51449026079352,16.402218920439353,54.84137931034483,0.8260600302177857,2.2377260456559047e-13,2.3990943206998203,6.260168095735153,3.1107972838255216,6.479725028849685,9.861043781381621,6.636237347425538
73461,acc_decay_4ms_cap5,reversal,287,31,4.545050167087091,10.57736385392079,13.261685202769753,55.400696864111495,3.4778996994897233,1.1188630228279524e-13,1.8673986553824309,9.58401335786515,2.245714688029689,6.014094836699232,12.771886974283078,6.821979791601869
73461,acc_decay_4ms_cap5,horizon_40_80ms,10795,1386,2.0666513938102624,9.275631221559806,13.954521773302963,65.22464103751737,0.3715406417728025,1.3877787807814457e-13,0.38528673908586814,4.21923726464731,1.4092115422155764,4.712318555808605,8.073707383823333,4.6567731168748745
73461,acc_decay_8ms_cap0,all,10817,1395,2.229255548541337,10.082113883613996,14.959747463686764,55.32957381898863,0.4230366678975945,1.3092278833360674e-13,6.175817149434584e-13,2.1133075448177557e-12,1.0714416798238007,3.7100181313324567,6.052659879879753,3.4266896398695827
73461,acc_decay_8ms_cap5,all,10817,1395,2.229255548541337,9.957563437873493,14.599587219624892,55.37579735601368,0.42318701800150066,1.3916764352120124e-13,0.7297332665623614,4.422243141314224,1.0714416798238007,3.7100181313324567,6.100928484070953,3.4266896398695827
73461,acc_decay_12ms_cap0,all,10817,1395,2.4136594839237278,10.853315509321279,16.15717553677349,46.38069705093834,0.4805250055704547,1.3092278833360674e-13,6.048337755168135e-13,2.0489607189386893e-12,0.8569991953030628,3.2012402754606275,5.155171742510202,2.6513534000147203
73461,acc_decay_12ms_cap5,all,10817,1395,2.4136594839237278,10.51722762724955,15.688724673706615,46.454654710178424,0.477332850029696,1.4752290795525883e-13,1.3897489860289012,5.275740002420413,0.8569991953030628,3.2012402754606275,5.289840992884175,2.6513534000147203
73461,decay_2ms_cap0,all,10817,1395,2.4698854485545114,9.644266317324902,13.91222634176397,27.586206896551722,0.6511674349903351,1.2177709378935646e-13,5.266250202865052e-13,1.075228693093614e-12,1.4942418840820373,5.13854932901053,8.713007412413017,5.138474994852463
73461,decay_2ms_cap5,all,10817,1395,2.4698854485545114,9.644266317324902,13.91222634176397,27.586206896551722,0.651264178955945,1.2412670766236365e-13,0.21912813344743046,3.8496381374269095,1.4942418840820373,5.13854932901053,8.713007412413017,5.138474994852463
73461,decay_4ms_cap0,all,10817,1395,2.5876468955124783,10.089536755103913,14.417948733904199,25.03466765276879,0.6968927294463969,1.2412670766236365e-13,5.277183724747288e-13,1.0852189747865598e-12,1.3348194438692345,4.613914751744898,8.063809574500848,4.5705628974697206
73461,decay_4ms_cap5,all,10817,1395,2.5876468955124783,10.046019523191426,14.390095803223305,25.03466765276879,0.6960930482798628,1.2412670766236365e-13,0.2685554223106552,4.207935114568355,1.3348194438692345,4.613914751744898,8.063809574500848,4.5705628974697206
73461,decay_8ms_cap0,all,10817,1395,2.8406976145269356,10.865173013243183,15.628760973216066,20.23666450956827,0.7931515567707584,1.225775788297295e-13,5.297607012011451e-13,1.0852189747865598e-12,1.0559426804950316,3.664626770942388,5.930929758440861,3.3793510096141284
73461,decay_8ms_cap5,all,10817,1395,2.8406976145269356,10.72596043395102,15.281758690702206,20.23666450956827,0.7913120507234002,1.2412670766236365e-13,0.6596310788004436,4.499781203322812,1.0559426804950316,3.664626770942388,6.151134593594684,3.3793510096141284
73461,decay_12ms_cap0,all,10817,1395,3.0982007618885508,11.780981625161388,16.8809828171832,16.806878062309327,0.899920884916112,1.2412670766236365e-13,5.225060360993981e-13,1.0489842674005064e-12,0.895625670091157,3.2209564018879906,5.132477069430305,2.6147257939369895
73461,decay_12ms_cap5,all,10817,1395,3.0991359631049376,11.40110176472238,16.07566089302915,16.862346306739393,0.8916601430787542,1.249000902703301e-13,1.47768036690478,5.092971970582091,0.895625670091157,3.2209564018879906,5.2445419050869795,2.6147257939369895
73461,decay_16ms_cap0,all,10817,1395,3.3870230256922618,12.724954320116478,18.141033753659453,14.745308310991955,1.0177387507978446,1.2177709378935646e-13,5.221432907951715e-13,1.1159462346076547e-12,0.8084254204517302,3.0135705344988497,4.825882339931363,2.120423968249083
73461,decay_16ms_cap5,all,10817,1395,3.3870230256922618,12.04897567254405,16.72793956971935,14.81002126282703,0.9937489221991941,1.2719202621569003e-13,2.388651644322753,6.4173964384750715,0.8104591192813932,2.977073532233344,6.7280085976904855,2.1587026067125024
71605,raw,all,5141,652,1.1919052815380162,5.849689548075076,8.706716249117166,0.0,0.5010670010592415,1.069991497182708,4.850440441701237,8.574060873824516,1.069991497182708,4.850440441701237,8.574060873824516,4.850440441701237
71605,raw,speed_lt_0.01,770,95,0.3356230052229444,0.6467119051285339,0.8354180095334105,0.0,0.11956777039554431,0.5223660597826485,1.125804285683109,1.292130401562575,0.5223660597826485,1.125804285683109,1.292130401562575,1.125804285683109
71605,raw,speed_ge_0.05,2994,380,2.0777861425260866,6.949352326750289,9.362642828116627,0.0,0.6566240062120188,1.6669470889948705,5.92397412693954,9.066903666789083,1.6669470889948705,5.92397412693954,9.066903666789083,5.92397412693954
71605,raw,speed_ge_0.2,1378,175,1.974721390182353,7.152779658814332,9.507536596554598,0.0,0.016889852221306702,1.499067885605619,6.557143407080139,9.3631946764208,1.499067885605619,6.557143407080139,9.3631946764208,6.557143407080139
71605,raw,speed_ge_0.4,178,22,2.4197583875783724,7.36714734817657,9.67716750204565,0.0,-1.0813208354543482,1.4907778466071928,8.388606450047586,8.699396224344866,1.4907778466071928,8.388606450047586,8.699396224344866,8.388606450047586
71605,raw,accel_lt_0.5,663,83,0.3184363316721326,1.506346292400025,2.2166222380125293,0.0,0.101906672291636,0.2877703953312881,0.4154263459694594,0.4896458258470662,0.2877703953312881,0.4154263459694594,0.4896458258470662,0.4154263459694594
71605,raw,accel_ge_2,1613,208,2.95900120404417,7.866069033489782,10.003249446082378,0.0,1.0189919552106532,2.7394072160093517,7.603107645977525,11.04763836529079,2.7394072160093517,7.603107645977525,11.04763836529079,7.603107645977525
71605,raw,reversal,301,26,3.531004505426166,8.625462292329283,10.625308179720987,0.0,3.049110174968519,1.5708014795530496,4.9829336513202165,5.115357609172762,1.5708014795530496,4.9829336513202165,5.115357609172762,4.9829336513202165
71605,raw,horizon_40_80ms,3854,103,1.3514977308637128,6.383608766120214,9.080938737986232,0.0,0.566319394107591,1.1703576897504129,4.855553875649241,8.46798210732053,1.1703576897504129,4.855553875649241,8.46798210732053,4.855553875649241
71605,ema_0.25,all,5141,652,1.8445193045158108,7.324771198701709,10.384525671192378,33.92336121377164,1.0996332671531852,0.9203515875340216,3.7244826675259093,4.914145860980812,0.9203515875340216,3.7244826675259093,4.914145860980812,3.7244826675259093
71605,ema_0.5,all,5141,652,1.4489412378367639,6.316199521674094,9.363143437751393,40.16728262983855,0.7417244002498207,0.887122784633086,3.5627304507893878,5.328048441962074,0.887122784633086,3.5627304507893878,5.328048441962074,3.5627304507893878
71605,ema_0.75,all,5141,652,1.2738051294251638,5.916461944923231,8.660246436629986,45.73040264539973,0.5864546000011749,0.9359249070329476,4.184652245872549,6.881438508676212,0.9359249070329476,4.184652245872549,6.881438508676212,4.184652245872549
71605,bounded_acceleration,all,5141,652,1.14896479174876,5.936661686135006,8.958376938614691,40.77027815600078,0.3732401744969814,1.127518325753396,5.123337531072346,8.859003936636027,1.127518325753396,5.123337531072346,8.859003936636027,5.123337531072346
71605,bounded_acceleration,speed_lt_0.01,770,95,0.3356230052229444,0.6467119051285339,0.8354180095334105,0.0,0.11956777039554431,0.5545993692377623,1.3286789309215687,1.5691426632197396,0.5545993692377623,1.3286789309215687,1.5691426632197396,1.3286789309215687
71605,bounded_acceleration,speed_ge_0.05,2994,380,1.9815192134039843,7.071917538616145,9.603602631802401,56.78022712090849,0.4677718365149274,1.7387967315920736,6.154520766359445,9.594513724205955,1.7387967315920736,6.154520766359445,9.594513724205955,6.154520766359445
71605,bounded_acceleration,speed_ge_0.2,1378,175,1.8371779091157228,7.1196855235559315,9.576499094512718,60.15965166908563,-0.18700740321665996,1.4829153247449616,6.448650238213167,9.86307160299371,1.4829153247449616,6.448650238213167,9.86307160299371,6.448650238213167
71605,bounded_acceleration,speed_ge_0.4,178,22,2.3366666514065235,7.673637258292353,10.127291698652837,55.0561797752809,-1.4973595016715193,1.5447928040351355,8.217998620366808,9.07193345064529,1.5447928040351355,8.217998620366808,9.07193345064529,8.217998620366808
71605,bounded_acceleration,accel_lt_0.5,663,83,0.3389155820838493,1.4191327544917287,2.1854909873402653,19.90950226244344,0.053799090382112474,0.3215754460678523,0.543173293547865,0.7215644369478476,0.3215754460678523,0.543173293547865,0.7215644369478476,0.543173293547865
71605,bounded_acceleration,accel_ge_2,1613,208,2.8930679242161066,8.200435932002062,10.230536414193239,52.076875387476754,0.8046809288553075,2.8669970585590465,7.877268207583823,11.507201483131121,2.8669970585590465,7.877268207583823,11.507201483131121,7.877268207583823
71605,bounded_acceleration,reversal,301,26,3.5462157966057677,8.952402161540613,10.78615358111708,49.16943521594684,2.977226877706404,1.75973254803216,4.96411600780939,5.3613512695589485,1.75973254803216,4.96411600780939,5.3613512695589485,4.96411600780939
71605,bounded_acceleration,horizon_40_80ms,3854,103,1.3042759304321114,6.457458026170741,9.360530011821288,38.842760768033216,0.427215460009469,1.2454289848912354,5.34389465846754,8.303920468245362,1.2454289848912354,5.34389465846754,8.303920468245362,5.34389465846754
71605,abg_0.5_0.1_0,all,5141,652,2.7356960687984855,10.353200095859009,13.687554987146854,23.1472476171951,1.632171733462235,0.9690373490778461,3.5271006927806456,4.678773177717998,0.9690373490778461,3.5271006927806456,4.678773177717998,3.5271006927806456
71605,abg_0.8_0.2_0,all,5141,652,1.999886727856949,8.029978122888668,11.167665277962293,31.453024703365106,1.190394620268914,0.9373866686450962,3.5069420084113374,4.971672490023477,0.9373866686450962,3.5069420084113374,4.971672490023477,3.5069420084113374
71605,abg_1.0_0.5_0,all,5141,652,1.4489402482074858,6.316198953331597,9.363143376997062,40.16728262983855,0.7417245194943076,0.8871231373619466,3.5627308985930886,5.3280491509463035,0.8871231373619466,3.5627308985930886,5.3280491509463035,3.5627308985930886
71605,abg_0.5_0.1_0.01,all,5141,652,3.615841827772975,15.016580404616624,21.199338328627444,12.799066329507877,1.0094991891078497,1.2924063127326932,5.456580869585135,6.971651131780447,1.2924063127326932,5.456580869585135,6.971651131780447,5.456580869585135
71605,abg_0.8_0.3_0.05,all,5141,652,2.0185683186361296,9.971231946922295,14.381105171857044,25.734292939116905,0.22515623073124746,1.143223892577665,4.950670851092492,7.564457428490869,1.143223892577665,4.950670851092492,7.564457428490869,4.950670851092492
71605,abg_1.0_0.5_0.1,all,5141,652,1.5239925328543722,8.54461872660584,12.28549502805391,36.08247422680412,0.11286842202521191,1.0618952724051218,5.260166947642826,7.957012006607387,1.0618952724051218,5.260166947642826,7.957012006607387,5.260166947642826
71605,acc_decay_2ms_cap0,all,5141,652,1.211611151377731,5.9789233370934864,9.065931662585275,49.21221552227193,0.3848279163514479,6.206335383118183e-14,1.95503617007582e-13,2.3157383096042623e-13,1.1063205199445156,5.042811120480066,8.719896822624767,5.044237650321204
71605,acc_decay_2ms_cap5,all,5141,652,1.211611151377731,5.9789233370934864,9.065931662585275,49.25111845944369,0.3846505536811158,6.798699777552591e-14,0.12610499013707535,3.856635582105711,1.1063205199445156,5.042811120480066,8.719896822624767,5.044237650321204
71605,acc_decay_4ms_cap0,all,5141,652,1.2896142678463784,6.093946805564246,9.096040405352884,47.38377747519938,0.4146557500586922,6.206335383118183e-14,1.9467381219790605e-13,2.3745182036603733e-13,0.9837895234241563,4.439944182105954,7.700248134597515,4.486740808055555
71605,acc_decay_4ms_cap5,all,5141,652,1.2896142678463784,6.093946805564246,9.096040405352884,47.42268041237113,0.41405380316919677,6.359601310784502e-14,0.07519633586684821,3.792790124119205,0.9837895234241563,4.439944182105954,7.700248134597515,4.486740808055555
71605,acc_decay_4ms_cap5,speed_lt_0.01,770,95,0.33341218301898495,0.7687188918562493,0.9709384914488823,62.857142857142854,0.09495462513109124,2.797157557069881e-14,1.1464934308770757e-13,1.302892440177785e-13,0.47805520315444233,1.1271945851699852,1.3454039499329538,1.1635848592864129
71605,acc_decay_4ms_cap5,speed_ge_0.05,2994,380,2.1461825446905376,6.952271115986749,9.492492350349517,47.160988643954575,0.5359547568937196,7.850462293418876e-14,1.1776522719620717,4.5423095686919135,1.5277942580869417,5.410052407924747,8.35663656460045,5.38979509137875
71605,acc_decay_4ms_cap5,speed_ge_0.2,1378,175,2.102769818456118,6.956132938801218,9.620962231959872,48.25834542815675,-0.10644526755634924,9.739201700399851e-14,1.567581503111364,4.8096626107342235,1.3059098765885864,5.751531255070925,8.590769841319766,5.647377711343603
71605,acc_decay_4ms_cap5,speed_ge_0.4,178,22,2.6440563344427392,7.632498905187379,9.823904373528629,41.57303370786517,-1.2915247979524154,6.596283310279225e-14,3.32647165628137,4.051310891557286,1.3550510738634944,7.291871741961152,7.926646584818637,7.196876947286808
71605,acc_decay_4ms_cap5,accel_lt_0.5,663,83,0.33236245982759316,1.4987001353007592,2.1523863875302727,46.003016591251885,0.04005462812255295,2.964296775167217e-14,1.5643065168717016e-13,2.2543328165852348e-13,0.2776198262351131,0.4729356778956194,0.619242927543928,0.4756816757097821
71605,acc_decay_4ms_cap5,accel_ge_2,1613,208,3.1003143195370284,8.281097421955597,10.318539641797255,44.94730316181029,0.951228567700144,8.326672684688674e-14,2.776583217271883,6.462297381358229,2.4887024334410985,6.8103093064943305,10.03805763393532,6.898483753727502
71605,acc_decay_4ms_cap5,reversal,301,26,3.6938589016530154,8.931270122633828,10.864807836884228,41.86046511627907,3.045621875649437,5.721958498152797e-14,1.1479343168305967e-13,0.3509048265465392,1.5231916088888655,4.357395229048148,4.683924078650462,4.347303243848213
71605,acc_decay_4ms_cap5,horizon_40_80ms,3854,103,1.3969902056128989,6.455644139051096,9.233331248314933,49.81837052413077,0.4619835257376075,3.94053425015214e-14,0.2849348853139499,3.4144658495418017,1.0937590964228157,4.628258996024278,7.368932278257863,4.679892763785535
71605,acc_decay_8ms_cap0,all,5141,652,1.4071706319826316,6.2193175544873,9.108180660588065,42.20968683135577,0.4880302633406963,6.206335383118183e-14,2.1498321705708208e-13,2.411847552102206e-13,0.7413887700978499,3.305818109065965,5.636770608478448,3.317375216075267
71605,acc_decay_8ms_cap5,all,5141,652,1.4071706319826316,6.199931400972985,8.923487721377885,42.28749270569928,0.48404219615995525,7.889650436241055e-14,0.10548879337023827,3.705400062230392,0.7413887700978499,3.305818109065965,5.636770608478448,3.317375216075267
71605,acc_decay_12ms_cap0,all,5141,652,1.5185589749798516,6.458167318282826,9.475959194727244,37.15230499902742,0.5687975745385019,6.168527644767367e-14,2.0479256520561465e-13,2.3651130995823374e-13,0.6058745177244489,2.7111157070992946,4.183581460461429,2.5667728865578274
71605,acc_decay_12ms_cap5,all,5141,652,1.5200709929959972,6.457294554172835,9.14439880675966,37.191207936199184,0.5603714959203918,6.359601310784502e-14,0.49570691453649646,3.3505245138477253,0.6058745177244489,2.7111157070992946,4.183581460461429,2.5667728865578274
71605,decay_2ms_cap0,all,5141,652,1.27911119383823,5.947471815185822,8.619984100169514,47.986773001361605,0.5227134105052584,3.9347983802664104e-14,1.409553357576146e-13,2.2761264355043343e-13,1.0528208535817845,4.774787718988226,8.442613176496955,4.775553854939727
71605,decay_2ms_cap5,all,5141,652,1.27911119383823,5.947471815185822,8.619984100169514,47.986773001361605,0.5223513347563105,4.987113826722116e-14,2.581887798150326e-13,3.575003785699611,1.0528208535817845,4.774787718988226,8.442613176496955,4.775553854939727
71605,decay_4ms_cap0,all,5141,652,1.3502928486010026,5.907907574408988,8.768653235641805,45.03014977630811,0.5625281235868242,3.925231146709438e-14,1.4975764392083836e-13,2.2482822466927515e-13,0.937722081192147,4.216991154395987,7.528053689687937,4.247752355732221
71605,decay_4ms_cap5,all,5141,652,1.3502928486010026,5.907907574408988,8.768653235641805,45.06905271347987,0.561642855524862,4.3885418357208765e-14,2.5082795636097093e-13,3.5961640429639004,0.937722081192147,4.216991154395987,7.528053689687937,4.247752355732221
71605,decay_8ms_cap0,all,5141,652,1.5045628590766071,6.2779211944355895,8.84800929203214,38.72787395448356,0.6540934358010979,3.94053425015214e-14,1.5369974993655375e-13,2.314723705786629e-13,0.7024199011032293,3.2093776546204547,5.317458333054054,3.140673596217445
71605,decay_8ms_cap5,all,5141,652,1.5059410825925243,6.263007083495358,8.79204748287591,38.76677689165532,0.6504160784180036,4.987113826722116e-14,2.954646441276354e-13,3.212255796581312,0.7024199011032293,3.2093776546204547,5.317458333054054,3.140673596217445
71605,decay_12ms_cap0,all,5141,652,1.6298304681851514,6.603521943318499,9.474742348117903,35.44057576347014,0.7525247394661233,3.925231146709438e-14,1.4532602015648883e-13,2.2714894130830967e-13,0.5862469957061469,2.570662101831309,3.9570095636448133,2.4300524683596567
71605,decay_12ms_cap5,all,5141,652,1.6298304681851514,6.553241982093862,9.36417002146808,35.4794787006419,0.7445997782271045,5.011217479946937e-14,0.16261640344308595,2.8982818130906254,0.5862469957061469,2.570662101831309,3.9570095636448133,2.4300524683596567
71605,decay_16ms_cap0,all,5141,652,1.770415191688163,6.942967015249112,10.178242530313916,32.4450496012449,0.8548725287724218,3.379910371230624e-14,1.542022658451652e-13,2.2616537403460744e-13,0.5218390545813766,2.2008867169204662,3.3198889969744645,1.9706622812842443
71605,decay_16ms_cap5,all,5141,652,1.7704908181847463,6.847827405387029,9.944311017733376,32.56175841276016,0.8419470407604711,4.669293374527267e-14,0.41918505255212274,3.1713259576824795,0.5218390545813766,2.2008867169204662,3.382392457360408,1.9706622812842443
3250,raw,all,8197,1077,0.8857442701439028,2.2594441765633326,3.1363484774568846,0.0,0.1131495665290482,0.6054530475217288,1.5758430778619676,2.2929032061370136,0.6054530475217288,1.5758430778619676,2.2929032061370136,1.5758430778619676
3250,raw,speed_lt_0.01,21,5,1.1485710330782657,2.3006842166668164,2.3006842166668164,0.0,0.9819472439051035,0.13838852729242895,0.8376628474627724,0.9731979631114152,0.13838852729242895,0.8376628474627724,0.9731979631114152,0.8376628474627724
3250,raw,speed_ge_0.05,7234,942,0.8478291899035943,2.167214605465767,3.049778827359322,0.0,0.010306261516999248,0.5974869732557665,1.5922526770026155,2.295313376884299,0.5974869732557665,1.5922526770026155,2.295313376884299,1.5922526770026155
3250,raw,speed_ge_0.2,1328,173,1.0849617710192874,2.374805474613831,2.874638140812873,0.0,-0.19259063419862904,0.7894796384990371,2.228771773990408,2.8838089639363726,0.7894796384990371,2.228771773990408,2.8838089639363726,2.228771773990408
3250,raw,accel_lt_0.5,3607,478,0.7913012070481908,1.8870668101093448,2.8608425754659454,0.0,0.02133978408478442,0.38808943998623513,0.5588238631627911,0.6221144564464709,0.38808943998623513,0.5588238631627911,0.6221144564464709,0.5588238631627911
3250,raw,accel_ge_2,136,17,0.9492790553178488,2.7641137232580517,3.275057296735645,0.0,-0.0012535090217695851,2.412536964152155,3.1293993525172175,3.395442034979997,2.412536964152155,3.1293993525172175,3.395442034979997,3.1293993525172175
3250,raw,reversal,173,17,2.126318010178148,3.744221594548849,4.319297212169244,0.0,1.6465438992336079,1.048984627742887,1.6335651411665861,1.838570110830919,1.048984627742887,1.6335651411665861,1.838570110830919,1.6335651411665861
3250,raw,horizon_40_80ms,8173,1067,0.8859508476777322,2.2588279162237543,3.1363484774568846,0.0,0.11104191184813049,0.6064226580600443,1.5785576916907913,2.2935918263505233,0.6064226580600443,1.5785576916907913,2.2935918263505233,1.5785576916907913
3250,ema_0.25,all,8197,1077,1.3541272073224597,3.6577571562388154,4.835610144325101,17.75039648651946,0.3846747581249517,0.5224116371334022,1.3493100473918485,1.6510075341546386,0.5224116371334022,1.3493100473918485,1.6510075341546386,1.3493100473918485
3250,ema_0.5,all,8197,1077,1.0517246640315354,2.7201826418765913,3.716959414276367,25.082347200195194,0.22213294190660088,0.5129408797002417,1.2256193339460268,1.6815155468354885,0.5129408797002417,1.2256193339460268,1.6815155468354885,1.2256193339460268
3250,ema_0.75,all,8197,1077,0.9373142990365455,2.3640635312843976,3.3322955840483153,30.084177137977306,0.15722178554736213,0.5347114763612443,1.3915512595138726,1.912596671174634,0.5347114763612443,1.3915512595138726,1.912596671174634,1.3915512595138726
3250,bounded_acceleration,all,8197,1077,0.8518010053385829,2.0929046961666806,3.0754641154025126,54.580944247895566,0.005719884495982276,0.6877621657148194,1.9029263150070443,2.7789038567662163,0.6877621657148194,1.9029263150070443,2.7789038567662163,1.9029263150070443
3250,bounded_acceleration,speed_lt_0.01,21,5,1.1485710330782657,2.3006842166668164,2.3006842166668164,0.0,0.9819472439051035,0.13838852729242895,0.6285055507408172,0.7222092070450687,0.13838852729242895,0.6285055507408172,0.7222092070450687,0.6285055507408172
3250,bounded_acceleration,speed_ge_0.05,7234,942,0.8401714632745789,2.0530218950165215,3.0472991206131606,52.170306884158144,-0.07036482758813338,0.6874703497044101,1.93085171571912,2.9127271596923454,0.6874703497044101,1.93085171571912,2.9127271596923454,1.93085171571912
3250,bounded_acceleration,speed_ge_0.2,1328,173,1.1163097478586608,2.493459024837667,3.4014853650897945,43.29819277108434,-0.3610033844410269,0.9837492189831113,2.6088569626559877,3.638544956263461,0.9837492189831113,2.6088569626559877,3.638544956263461,2.6088569626559877
3250,bounded_acceleration,accel_lt_0.5,3607,478,0.7713927041171298,1.7716858989607365,2.4098526627781736,53.64568893817577,-0.04876422005970482,0.44287511727655493,0.7845956710600605,0.9637138422359912,0.44287511727655493,0.7845956710600605,0.9637138422359912,0.7845956710600605
3250,bounded_acceleration,accel_ge_2,136,17,1.1605848334737021,2.8569264630142834,3.605939402439182,26.47058823529412,-0.38550216791245556,2.692821188043241,3.8069383339594607,4.084311545882804,2.692821188043241,3.8069383339594607,4.084311545882804,3.8069383339594607
3250,bounded_acceleration,reversal,173,17,1.706502375914375,4.066255652121365,5.351766071467782,80.34682080924856,1.3717405525131303,1.0165618223437216,2.1332984613130144,2.19272503005658,1.0165618223437216,2.1332984613130144,2.19272503005658,2.1332984613130144
3250,bounded_acceleration,horizon_40_80ms,8173,1067,0.8521568704244569,2.0906046979787734,3.0754641154025126,54.58216077327786,0.0038652938483732346,0.6884435054008101,1.9049051585115158,2.7946996230056635,0.6884435054008101,1.9049051585115158,2.7946996230056635,1.9049051585115158
3250,abg_0.5_0.1_0,all,8197,1077,1.8624948139587594,5.040548520417535,6.456167056947033,10.784433329266804,0.5731532519151499,0.5398936876330682,1.4102331187709307,1.7649890505643153,0.5398936876330682,1.4102331187709307,1.7649890505643153,1.4102331187709307
3250,abg_0.8_0.2_0,all,8197,1077,1.4390292573315602,3.8763167312706006,5.084496556038501,16.00585580090277,0.4106832575788415,0.520546370677708,1.3223931797874977,1.6227431898701798,0.520546370677708,1.3223931797874977,1.6227431898701798,1.3223931797874977
3250,abg_1.0_0.5_0,all,8197,1077,1.0517250002097767,2.720182471515448,3.7169596604453736,25.082347200195194,0.22213311343648084,0.5129404605825938,1.2256179787042405,1.6815162290755679,0.5129404605825938,1.2256179787042405,1.6815162290755679,1.2256179787042405
3250,abg_0.5_0.1_0.01,all,8197,1077,2.052424737454459,4.722765204393742,6.89053140182896,12.431377333170673,-0.020491567688877263,0.6486609344461751,1.479144664629758,2.1085184356446005,0.6486609344461751,1.479144664629758,2.1085184356446005,1.479144664629758
3250,abg_0.8_0.3_0.05,all,8197,1077,1.3081227837208758,3.4411841353597663,5.635479101538369,25.326338904477247,-0.013872030742199974,0.6204390393203925,1.5812060473757648,2.3551311402268413,0.6204390393203925,1.5812060473757648,2.3551311402268413,1.5812060473757648
3250,abg_1.0_0.5_0.1,all,8197,1077,1.1119241194408875,2.853470296126296,4.653861250787359,33.82944979870685,-0.051342428973526186,0.6657657828387292,1.7119178691296844,2.417753450158085,0.6657657828387292,1.7119178691296844,2.417753450158085,1.7119178691296844
3250,acc_decay_2ms_cap0,all,8197,1077,0.8681168273512503,2.1212740907029497,3.0890926831297683,53.19019153348786,0.018305397727659038,1.2412670766236365e-13,3.925231146709438e-13,0.033307985293971214,0.6771498465655058,1.868776440020525,2.736002600925698,1.8740409857099203
3250,acc_decay_2ms_cap5,all,8197,1077,0.8681168273512503,2.1212740907029497,3.0890926831297683,53.19019153348786,0.018305397727659038,1.2412670766236365e-13,3.925231146709438e-13,0.033307985293971214,0.6771498465655058,1.868776440020525,2.736002600925698,1.8740409857099203
3250,acc_decay_4ms_cap0,all,8197,1077,0.8885731570636745,2.1492939082486706,3.139308004316147,49.396120531901914,0.02679760879496366,1.2412670766236365e-13,3.9113432744735697e-13,0.033307985293974024,0.6018310150056363,1.64822764673678,2.434092552191374,1.6695541210304163
3250,acc_decay_4ms_cap5,all,8197,1077,0.8885731570636745,2.1492939082486706,3.139308004316147,49.396120531901914,0.02679760879496366,1.2412670766236365e-13,3.9113432744735697e-13,0.033307985293974024,0.6018310150056363,1.64822764673678,2.434092552191374,1.6695541210304163
3250,acc_decay_4ms_cap5,speed_lt_0.01,21,5,1.2656759929277908,2.3046782756407986,2.3047494482315907,19.047619047619047,1.0392273502385503,3.469446951953614e-15,5.5201798188071236e-14,6.06910427025597e-14,0.13781716538714478,0.5612928190146745,0.6459440064006429,0.5504110329440052
3250,acc_decay_4ms_cap5,speed_ge_0.05,7234,942,0.8720083446969964,2.0958319043741,3.015948501421235,47.594691733480786,-0.05442405261888957,1.2719202621569003e-13,3.973993651728112e-13,0.02813383508183437,0.595676979249038,1.661501639084913,2.5475422834947414,1.6909350857091494
3250,acc_decay_4ms_cap5,speed_ge_0.2,1328,173,1.1488434754510135,2.4577806379550124,3.2748243745138854,41.94277108433735,-0.32166275214993595,2.482534153247273e-13,4.612657153682828e-13,5.199657219341811e-13,0.8589374106285428,2.2224708553828942,3.0349812151188953,2.2846952647053342
3250,acc_decay_4ms_cap5,accel_lt_0.5,3607,478,0.7905234069395563,1.7898904224495198,2.4567057576919744,49.18214582755753,-0.046856619412183685,1.2412670766236365e-13,3.622960206050421e-13,0.07059817064543651,0.39173855565316784,0.681538341678719,0.843887074921265,0.6871062844910615
3250,acc_decay_4ms_cap5,accel_ge_2,136,17,1.2098221247656202,2.707298884397874,3.562039660004902,29.411764705882355,-0.23990641421248593,2.2377260456559047e-13,4.87402973662174e-13,5.164335173999764e-13,2.2090853176741048,3.322772820734053,3.567652872865952,3.3339098728385284
3250,acc_decay_4ms_cap5,reversal,173,17,1.8050755023623561,4.285820361675737,5.6273708787436565,67.63005780346822,1.4501360284272764,1.15746490986309e-13,0.012548710620331239,0.04209801635197627,0.8905439328680265,1.9511034564371144,1.9806330916446904,1.8682269524670718
3250,acc_decay_4ms_cap5,horizon_40_80ms,8173,1067,0.8887897726117646,2.1484310575681143,3.1395437842129756,49.40658265018965,0.024802300278954355,1.2412670766236365e-13,3.950499760257655e-13,0.035436584963829156,0.6022097272399006,1.6523284556431683,2.4471331142721553,1.6703087285058869
3250,acc_decay_8ms_cap0,all,8197,1077,0.9455127660056389,2.230767796730413,3.2983160262898856,42.661949493717216,0.039069484050647446,1.2412670766236365e-13,3.901590773469838e-13,0.033307985293967154,0.45298548850234627,1.1833155941853417,1.745144551110328,1.2356073698274
3250,acc_decay_8ms_cap5,all,8197,1077,0.9455127660056389,2.230767796730413,3.2983160262898856,42.661949493717216,0.039069484050647446,1.2412670766236365e-13,3.901590773469838e-13,0.033307985293967154,0.45298548850234627,1.1833155941853417,1.745144551110328,1.2356073698274
3250,acc_decay_12ms_cap0,all,8197,1077,1.0020061853818223,2.3606652582588006,3.4773007877027773,36.06197389288764,0.052258155366164356,1.2412670766236365e-13,3.8956806801599405e-13,0.033307985293967536,0.37606861652786405,0.9372766701036768,1.3535621907880968,0.956033999390716
3250,acc_decay_12ms_cap5,all,8197,1077,1.0020061853818223,2.3606652582588006,3.4773007877027773,36.06197389288764,0.052258155366164356,1.2412670766236365e-13,3.8956806801599405e-13,0.033307985293967536,0.37606861652786405,0.9372766701036768,1.3535621907880968,0.956033999390716
3250,decay_2ms_cap0,all,8197,1077,0.9080652215988498,2.2819857623234583,3.150575213432073,33.85384896913505,0.12761260762382057,1.1775693440128312e-13,3.510833468576701e-13,4.2613321212660016e-13,0.595897333788998,1.5519111029577157,2.255199137734738,1.551513429700878
3250,decay_2ms_cap5,all,8197,1077,0.9080652215988498,2.2819857623234583,3.150575213432073,33.85384896913505,0.12761260762382057,1.1775693440128312e-13,3.510833468576701e-13,4.2613321212660016e-13,0.595897333788998,1.5519111029577157,2.255199137734738,1.551513429700878
3250,decay_4ms_cap0,all,8197,1077,0.9494065633218746,2.3384117813819385,3.206486856691392,30.986946443820912,0.14183932709170957,1.1775693440128312e-13,3.4354153496064947e-13,4.267499347187179e-13,0.534826981723835,1.3858417401420415,1.9976347206576806,1.3800377979498342
3250,decay_4ms_cap5,all,8197,1077,0.9494065633218746,2.3384117813819385,3.206486856691392,30.986946443820912,0.14183932709170957,1.1775693440128312e-13,3.4354153496064947e-13,4.267499347187179e-13,0.534826981723835,1.3858417401420415,1.9976347206576806,1.3800377979498342
3250,decay_8ms_cap0,all,8197,1077,1.024001217852751,2.518489082266624,3.4733806797920748,26.107112358179823,0.16720427711524274,1.1775693440128312e-13,3.4843776189474956e-13,4.457835632012049e-13,0.41317961057826275,1.058524806811231,1.4367834540908133,1.020362749714812
3250,decay_8ms_cap5,all,8197,1077,1.024001217852751,2.518489082266624,3.4733806797920748,26.107112358179823,0.16720427711524274,1.1775693440128312e-13,3.4843776189474956e-13,4.457835632012049e-13,0.41317961057826275,1.058524806811231,1.4367834540908133,1.020362749714812
3250,decay_12ms_cap0,all,8197,1077,1.1054953394878007,2.720635478622536,3.745187206179866,23.667195315359276,0.19438631575895055,1.1775693440128312e-13,3.433175098891678e-13,4.1910000110727263e-13,0.35099478429629105,0.8724874133131886,1.1933762109953914,0.78949147136869
3250,decay_12ms_cap5,all,8197,1077,1.1054953394878007,2.720635478622536,3.745187206179866,23.667195315359276,0.19438631575895055,1.1775693440128312e-13,3.433175098891678e-13,4.1910000110727263e-13,0.35099478429629105,0.8724874133131886,1.1933762109953914,0.78949147136869
3250,decay_16ms_cap0,all,8197,1077,1.1787786445968105,2.935350831458273,3.9761275907467453,21.73966085153105,0.22357632416189063,1.1775693440128312e-13,3.433175098891678e-13,4.577566798522238e-13,0.31307862908448786,0.750822620268333,1.0464968728041757,0.6402417578546813
3250,decay_16ms_cap5,all,8197,1077,1.1787786445968105,2.935350831458273,3.9761275907467453,21.73966085153105,0.22357632416189063,1.1775693440128312e-13,3.433175098891678e-13,4.577566798522238e-13,0.31307862908448786,0.750822620268333,1.0464968728041757,0.6402417578546813
4761,raw,all,19455,2518,1.6602613914623299,6.956954358346603,11.557345801556398,0.0,0.5024963458320262,1.0757030912496353,4.2670552086716205,8.198526750938475,1.0757030912496353,4.2670552086716205,8.198526750938475,4.2670552086716205
4761,raw,speed_lt_0.01,473,62,0.3574058487394404,1.44479797284284,3.4636059894425117,0.0,0.3018585651330046,0.27798874989070077,0.9239645027075182,1.1204963545234228,0.27798874989070077,0.9239645027075182,1.1204963545234228,0.9239645027075182
4761,raw,speed_ge_0.05,16819,2168,1.813788097246759,7.3376110683527,11.916142214883779,0.0,0.4630622424240306,1.1718801896903988,4.507752937620815,8.77307324520545,1.1718801896903988,4.507752937620815,8.77307324520545,4.507752937620815
4761,raw,speed_ge_0.2,7629,984,2.1369378401317864,8.659594080762279,14.293155117588775,0.0,0.1363687559887979,1.4410083199825015,5.273642194891182,9.186583279444637,1.4410083199825015,5.273642194891182,9.186583279444637,5.273642194891182
4761,raw,speed_ge_0.4,2149,275,3.0633161398201665,11.6892887048207,18.021486032873863,0.0,0.24842055967169913,2.181898424434048,7.357003952367171,13.349206019897405,2.181898424434048,7.357003952367171,13.349206019897405,7.357003952367171
4761,raw,accel_lt_0.5,3495,469,0.8803385181210143,2.7944838815442092,3.8991785628410116,0.0,0.0671818768454181,0.37560169983180103,0.554316950268393,0.6069041873498141,0.37560169983180103,0.554316950268393,0.6069041873498141,0.554316950268393
4761,raw,accel_ge_2,3874,479,3.9192810252221815,11.326702457280689,17.514541989694262,0.0,1.5505284396821313,3.1425813988781495,8.251938550531406,13.6979845476183,3.1425813988781495,8.251938550531406,13.6979845476183,8.251938550531406
4761,raw,reversal,739,78,4.165111994929267,12.007795156353135,24.09130445679413,0.0,4.069895784438692,2.322420091535948,11.03365491196895,14.240591388719041,2.322420091535948,11.03365491196895,14.240591388719041,11.03365491196895
4761,raw,horizon_40_80ms,19404,2510,1.6623110283858058,6.9562458149607425,11.61502072125,0.0,0.5018075040379484,1.078156657570649,4.269878598341116,8.202136676735986,1.078156657570649,4.269878598341116,8.202136676735986,4.269878598341116
4761,ema_0.25,all,19455,2518,2.750792587362071,11.582604464909911,19.273260527344135,16.761757902852736,1.4101823236707964,1.039151019828501,4.193943659522999,6.76172454273922,1.039151019828501,4.193943659522999,6.76172454273922,4.193943659522999
4761,ema_0.5,all,19455,2518,2.0700091554480036,8.580345016543106,14.252295628939583,21.1976355692624,0.8026215545226442,0.9653108155650091,3.8309041257560854,6.446052318835131,0.9653108155650091,3.8309041257560854,6.446052318835131,3.8309041257560854
4761,ema_0.75,all,19455,2518,1.7888810650920952,7.441134970430987,12.31260552180128,25.96247751220766,0.6026759043801442,0.9812237426685737,3.909094416803284,6.9899872328156345,0.9812237426685737,3.909094416803284,6.9899872328156345,3.909094416803284
4761,bounded_acceleration,all,19455,2518,1.4436466628869487,6.4784448471671565,11.313377443605553,61.82986378822925,0.21427018574676873,1.1837516916405217,4.367120365280875,8.435533364587231,1.1837516916405217,4.367120365280875,8.435533364587231,4.367120365280875
4761,bounded_acceleration,speed_lt_0.01,473,62,0.3574058487394404,1.44479797284284,3.4636059894425117,0.0,0.3018585651330046,0.2748948624967792,1.1543532517458257,1.217695267655535,0.2748948624967792,1.1543532517458257,1.217695267655535,1.1543532517458257
4761,bounded_acceleration,speed_ge_0.05,16819,2168,1.5714926311524486,6.8657342917578745,11.69154661171874,64.4509186039598,0.1679853539912393,1.2791086530988127,4.5587632059003855,8.889134184091242,1.2791086530988127,4.5587632059003855,8.889134184091242,4.5587632059003855
4761,bounded_acceleration,speed_ge_0.2,7629,984,1.8446318179247692,8.34535055449659,13.890174086346159,64.20238563376589,-0.23110320460437725,1.567661832776607,5.264486789049499,9.06003137801715,1.567661832776607,5.264486789049499,9.06003137801715,5.264486789049499
4761,bounded_acceleration,speed_ge_0.4,2149,275,2.6420048800233236,11.358700429758779,17.121132211132373,75.98883201489065,-0.2371150491962259,2.2688745529684984,7.2393567161438215,13.658077960471978,2.2688745529684984,7.2393567161438215,13.658077960471978,7.2393567161438215
4761,bounded_acceleration,accel_lt_0.5,3495,469,0.8607191605416151,2.555666815027169,4.001481394889341,47.1244635193133,-0.01475235055719795,0.44261245883481076,0.8465981686901703,1.1766389697740949,0.44261245883481076,0.8465981686901703,1.1766389697740949,0.8465981686901703
4761,bounded_acceleration,accel_ge_2,3874,479,3.2884847324167588,10.965059687081535,16.10118498462049,73.10273618998451,0.9743674005723694,3.20330801731121,8.599628040178784,13.83203883924221,3.20330801731121,8.599628040178784,13.83203883924221,8.599628040178784
4761,bounded_acceleration,reversal,739,78,3.390926417639103,12.698638455256837,22.53596503590519,62.5169147496617,3.5278893436644423,2.14637701352581,11.555043891350978,14.788219204947884,2.14637701352581,11.555043891350978,14.788219204947884,11.555043891350978
4761,bounded_acceleration,horizon_40_80ms,19404,2510,1.4439454415630575,6.478925550021034,11.313377443605553,61.85322613894042,0.21351520938380578,1.1846807255420775,4.368671938745756,8.440185225279743,1.1846807255420775,4.368671938745756,8.440185225279743,4.368671938745756
4761,abg_0.5_0.1_0,all,19455,2518,3.82343352260853,16.04913795113122,27.918019243639527,11.549730146491905,2.135484238982898,1.097785394777305,4.512753604339616,7.331155752353474,1.097785394777305,4.512753604339616,7.331155752353474,4.512753604339616
4761,abg_0.8_0.2_0,all,19455,2518,2.9250662476318228,12.246014707591929,20.723299750336285,15.533281932665124,1.4928046550040999,1.0419205129347646,4.209141024162696,6.7253014522849295,1.0419205129347646,4.209141024162696,6.7253014522849295,4.209141024162696
4761,abg_1.0_0.5_0,all,19455,2518,2.0700088787756985,8.580344966102352,14.252296209029229,21.1976355692624,0.8026218494291486,0.9653111655948645,3.8309053540252846,6.446053505424812,0.9653111655948645,3.8309053540252846,6.446053505424812,3.8309053540252846
4761,abg_0.5_0.1_0.01,all,19455,2518,3.819164878432905,18.988614714780876,33.21599003121121,12.552043176561295,-0.3142693541296765,1.1959103131893194,5.932777698564652,10.162936108170557,1.1959103131893194,5.932777698564652,10.162936108170557,5.932777698564652
4761,abg_0.8_0.3_0.05,all,19455,2518,2.044227788878737,10.510328804392074,18.525317768547296,32.803906450783856,-0.23083608553233603,0.9746182511677237,4.763613289760343,8.014822456097162,0.9746182511677237,4.763613289760343,8.014822456097162,4.763613289760343
4761,abg_1.0_0.5_0.1,all,19455,2518,1.6970475084847025,8.20762367835016,14.813514043721339,43.09946029298381,-0.20869933803529686,1.0380326424799655,4.606379236284809,8.620738990966007,1.0380326424799655,4.606379236284809,8.620738990966007,4.606379236284809
4761,acc_decay_2ms_cap0,all,19455,2518,1.4807665722530194,6.567338654119866,11.406676490401221,61.202775636083274,0.23278954613952713,2.5438405243138007e-13,5.561505132006033e-12,0.11762176747236738,1.1641178262212022,4.301857845097815,8.29636691655313,4.299695820630625
4761,acc_decay_2ms_cap5,all,19455,2518,1.4807665722530194,6.563120055047567,11.374505526628793,61.21305576972501,0.23291935264117603,2.5438405243138007e-13,0.02601030932247037,3.42646420364852,1.1641178262212022,4.301857845097815,8.29636691655313,4.299695820630625
4761,acc_decay_4ms_cap0,all,19455,2518,1.5383542673954838,6.745173781705009,11.791646974748172,56.87483937291184,0.2571097602083592,2.5438405243138007e-13,5.578440461267313e-12,0.11762176747240273,1.039478327152374,3.856310008379737,7.1928265821055914,3.824486877499458
4761,acc_decay_4ms_cap5,all,19455,2518,1.538383386897274,6.737854816447034,11.731021492744333,56.885119506553586,0.2570719011130127,2.5438405243138007e-13,0.020160124302870324,3.213373573184473,1.039478327152374,3.856310008379737,7.1928265821055914,3.824486877499458
4761,acc_decay_4ms_cap5,speed_lt_0.01,473,62,0.37964794758620235,1.413242617666321,3.4023476959318426,63.8477801268499,0.2912915276367298,3.351403021955152e-14,2.0465221968939347e-13,2.6311002524866107e-13,0.23451442582172766,0.9197349146371785,1.0396532931458766,1.0109198954989793
4761,acc_decay_4ms_cap5,speed_ge_0.05,16819,2168,1.6671487468205792,7.096190574619115,12.262400472369578,57.59557643141685,0.21000344999839482,3.554447978966673e-13,0.06058566347087159,3.7824894104736115,1.116264385774897,4.04539061539364,7.691227328921251,4.022314706739946
4761,acc_decay_4ms_cap5,speed_ge_0.2,7629,984,1.9264580576524626,8.580079321008407,14.887360892951335,57.373181281950444,-0.2145680887500284,1.5106800171043252e-12,0.4324108734509606,3.918169993041799,1.3707888638870753,4.757410458359902,7.810049015561559,4.610351663662814
4761,acc_decay_4ms_cap5,speed_ge_0.4,2149,275,2.730767614429311,11.784357929275929,17.686513759213998,67.24057701256399,-0.2379443198270455,4.631440094463846e-12,2.5252328286757346,8.79321455246271,1.9497187507296911,6.590190284703018,12.07934832156621,6.339835508666854
4761,acc_decay_4ms_cap5,accel_lt_0.5,3495,469,0.8768502565476315,2.582280342771471,3.9380430673497973,50.844062947067236,-0.01919165101762369,1.2412670766236365e-13,3.1404308333197663e-12,0.09138891767986557,0.38304820756526,0.7284860774748753,0.9694601751253878,0.7414047051259983
4761,acc_decay_4ms_cap5,accel_ge_2,3874,479,3.6793501833431366,11.466581958667348,16.726647780276917,59.137842023748064,1.1161421323533998,1.96889815386963e-12,3.4662985824579566,8.792616489196478,2.797200479013532,7.4143245711806465,12.078824570233001,7.531087270348556
4761,acc_decay_4ms_cap5,reversal,739,78,3.4879785094354134,13.006806419020469,26.272967772459207,59.810554803788904,3.6542525433777167,2.8552716511999167e-13,6.452395151969618,9.446092372453478,1.9515112553248848,10.029385799132417,12.65110326448353,10.119279991167286
4761,acc_decay_4ms_cap5,horizon_40_80ms,19404,2510,1.5391093226081365,6.73323170497772,11.731577388258316,56.86456400742115,0.256288674752431,2.5438405243138007e-13,0.020654931510826268,3.2189288122777215,1.0418640047248968,3.8656200918105457,7.1976915588491694,3.8258456612890064
4761,acc_decay_8ms_cap0,all,19455,2518,1.6485322078710494,7.283099791380922,12.65892521841073,48.49653045489591,0.30818958043649397,2.529086225986965e-13,5.570524071400192e-12,0.11762176747238096,0.7802076479887966,2.9674006276726623,5.552429308798204,2.8277225104768844
4761,acc_decay_8ms_cap5,all,19455,2518,1.6494537818521346,7.283099791380922,12.573981158767419,48.52223078900026,0.3052547803311657,2.5438405243138007e-13,0.09661604172559632,3.5751437849343444,0.7802076479887966,2.9674006276726623,5.552429308798204,2.8277225104768844
4761,acc_decay_12ms_cap0,all,19455,2518,1.766265831242524,7.894085433126898,13.545887583606296,40.83783089180159,0.364860051528129,2.482534153247273e-13,5.577170191464171e-12,0.11762176747240954,0.6278944227406474,2.5005096782327993,4.513723949516622,2.187910922896676
4761,acc_decay_12ms_cap5,all,19455,2518,1.7680786974049556,7.856980271935159,12.73848442981987,40.89437162683115,0.35641300820087873,2.5438405243138007e-13,0.2168502328636754,4.190847252064299,0.6278944227406474,2.5005096782327993,4.604580000438091,2.187910922896676
4761,decay_2ms_cap0,all,19455,2518,1.7271503912732886,7.124192319322964,11.847010738733113,30.506296581855562,0.5347352183052734,2.305551267378102e-13,4.606301018873937e-12,7.668886201380948e-12,1.0594711910702332,4.160235668543708,8.062960636550628,4.20117558311114
4761,decay_2ms_cap5,all,19455,2518,1.7271503912732886,7.119630947345807,11.831990720181166,30.5165767154973,0.5348540337398868,2.305551267378102e-13,6.060826181700828e-12,3.18939782469847,1.0594711910702332,4.160235668543708,8.062960636550628,4.20117558311114
4761,decay_4ms_cap0,all,19455,2518,1.8085194512276197,7.366274687291313,12.198001197896081,27.617579028527373,0.5789028798351625,2.288783399261119e-13,4.590099719733436e-12,7.638055016512652e-12,0.944098951354557,3.7454698838419525,7.213419588061893,3.736855246965065
4761,decay_4ms_cap5,all,19455,2518,1.8085194512276197,7.363366150458018,12.160913914911088,27.62785916216911,0.5787815673570864,2.305551267378102e-13,6.2727625151852006e-12,3.236888397152897,0.944098951354557,3.7454698838419525,7.213419588061893,3.736855246965065
4761,decay_8ms_cap0,all,19455,2518,1.9797054129361453,7.958817633194785,13.13150064178232,22.79619635055256,0.6725936033894874,2.288783399261119e-13,4.575497099239169e-12,7.59103562095494e-12,0.7461350349436917,2.9800682291254477,5.539479700634464,2.7629300449166356
4761,decay_8ms_cap5,all,19455,2518,1.9804799593245068,7.94412807440134,13.080420978665934,22.8218966846569,0.6691256011948261,2.305551267378102e-13,7.149530737143724e-12,3.555144475478224,0.7461350349436917,2.9800682291254477,5.539479700634464,2.7629300449166356
4761,decay_12ms_cap0,all,19455,2518,2.140025856465749,8.654238127876495,14.24990178164315,20.11308147005911,0.7759451307976948,2.288783399261119e-13,4.546762728915253e-12,7.586302294376165e-12,0.6341600272733339,2.519929497094654,4.407743782914243,2.137778654755847
4761,decay_12ms_cap5,all,19455,2518,2.1416892823396116,8.533916028818258,13.84197133544962,20.169622205088665,0.7646521124314529,2.288783399261119e-13,0.02983705170983134,3.8394363320883036,0.6341600272733339,2.519929497094654,4.4285244475941745,2.137778654755847
4761,decay_16ms_cap0,all,19455,2518,2.310930819047757,9.269303571970447,15.446174403264267,18.33461835003855,0.8896606570784715,2.288783399261119e-13,4.5663475490446185e-12,7.563394409874589e-12,0.5826312699476364,2.3118942908677673,3.924097543200103,1.7336414812073355
4761,decay_16ms_cap5,all,19455,2518,2.3127174824875034,9.090793227424097,14.243650415237191,18.380878951426368,0.8636340409598563,2.3275946150865615e-13,0.7050126618395118,4.514511595011486,0.5826312699476364,2.3118942908677673,4.514511595011486,1.7375271927278835
68732,raw,all,10475,1356,0.5181301874733162,5.209002674073661,9.265458849014282,0.0,0.2699457405313286,0.44270831967565,3.6027225354988657,6.354280259389314,0.44270831967565,3.6027225354988657,6.354280259389314,3.6027225354988657
68732,raw,speed_lt_0.01,898,120,0.2147603859705701,0.7285276541595486,1.0904621611978567,0.0,0.1366699747502728,0.2534020365534968,0.4901159754082061,1.0411889521670352,0.2534020365534968,0.4901159754082061,1.0411889521670352,0.4901159754082061
68732,raw,speed_ge_0.05,6015,778,0.753238633169996,6.650442624646493,10.82133248771022,0.0,0.34548611823254166,0.6147979719554744,4.214965680951635,7.238824569261783,0.6147979719554744,4.214965680951635,7.238824569261783,4.214965680951635
68732,raw,speed_ge_0.2,1210,153,3.7729547648335404,10.325995893829239,14.48709396040766,0.0,0.5757053862841597,2.549321300395943,6.609887838888544,8.664772421190971,2.549321300395943,6.609887838888544,8.664772421190971,6.609887838888544
68732,raw,speed_ge_0.4,502,64,4.893355955325812,11.82456415605882,14.485897286253339,0.0,0.291636989301648,3.399665699854739,7.285158092792675,8.640193149674875,3.399665699854739,7.285158092792675,8.640193149674875,7.285158092792675
68732,raw,accel_lt_0.5,5196,682,0.3451529310446263,1.0777516094683612,1.952083619627104,0.0,0.03874919323491958,0.26264999666013955,0.4432825401583643,0.4963580773891799,0.26264999666013955,0.4432825401583643,0.4963580773891799,0.4432825401583643
68732,raw,accel_ge_2,1438,188,3.7124308074864105,10.157595976787938,13.994327418905376,0.0,1.1274589704158688,2.9742420047651055,7.165224003002311,9.33626609127865,2.9742420047651055,7.165224003002311,9.33626609127865,7.165224003002311
68732,raw,reversal,261,27,3.2551428923557593,10.12570422017606,12.997846344010744,0.0,3.0321653652993996,1.5057375242345132,7.173697629289515,11.537237324896648,1.5057375242345132,7.173697629289515,11.537237324896648,7.173697629289515
68732,raw,horizon_40_80ms,7893,143,0.5753908711468732,5.80852108771337,10.016061424892873,0.0,0.31060831042346054,0.5306679215556602,3.9668383200562896,6.558129177368791,0.5306679215556602,3.9668383200562896,6.558129177368791,3.9668383200562896
68732,ema_0.25,all,10475,1356,0.8201770660487279,8.415315671642794,16.69583439742345,21.18377088305489,0.6818454361463109,0.3692270126926756,3.931205194491322,7.3958175047026495,0.3692270126926756,3.931205194491322,7.3958175047026495,3.931205194491322
68732,ema_0.5,all,10475,1356,0.6078841132084176,6.636007399657602,12.196674775261654,29.19331742243437,0.4192394741345709,0.34437750948284185,3.660134935308463,6.040243007170412,0.34437750948284185,3.660134935308463,6.040243007170412,3.660134935308463
68732,ema_0.75,all,10475,1356,0.5360084296796798,5.7733407666772765,10.45640453798402,36.74463007159904,0.3206220878965906,0.3750139050190364,3.4771046902008598,5.792258658566724,0.3750139050190364,3.4771046902008598,5.792258658566724,3.4771046902008598
68732,bounded_acceleration,all,10475,1356,0.5186054690062396,5.1284882919126735,8.979800278846279,48.94510739856802,0.1770974479399033,0.4937509412402338,3.64195041156841,5.966104536762167,0.4937509412402338,3.64195041156841,5.966104536762167,3.64195041156841
68732,bounded_acceleration,speed_lt_0.01,898,120,0.2147603859705701,0.7285276541595486,1.0904621611978567,0.0,0.1366699747502728,0.2519746726734656,0.5137891399647959,0.8550594931596708,0.2519746726734656,0.5137891399647959,0.8550594931596708,0.5137891399647959
68732,bounded_acceleration,speed_ge_0.05,6015,778,0.7426572711713453,6.274809262288623,10.202196108253208,53.93183707398171,0.2051011546047095,0.690492373042439,4.106697413084919,7.137164671297429,0.690492373042439,4.106697413084919,7.137164671297429,4.106697413084919
68732,bounded_acceleration,speed_ge_0.2,1210,153,3.5992380049113297,9.676604606150205,13.494202610965742,70.9090909090909,0.23263370849513462,2.502682098702052,6.407389754969775,8.559827109919185,2.502682098702052,6.407389754969775,8.559827109919185,6.407389754969775
68732,bounded_acceleration,speed_ge_0.4,502,64,4.714398110591866,10.892859979161754,13.444414225924579,74.10358565737052,-0.06130769619708026,3.299287046393487,7.492621291359152,8.549463048839847,3.299287046393487,7.492621291359152,8.549463048839847,7.492621291359152
68732,bounded_acceleration,accel_lt_0.5,5196,682,0.33391272615097034,1.016537088563606,1.9697833709234462,44.89992301770593,0.01308382583002912,0.2901225218382979,0.5588514692105389,0.668681929773846,0.2901225218382979,0.5588514692105389,0.668681929773846,0.5588514692105389
68732,bounded_acceleration,accel_ge_2,1438,188,3.590844129877563,9.695163765590598,13.409831780481388,68.42837273991655,0.8312040548077396,3.101677503548432,7.301831054723204,9.191271984105596,3.101677503548432,7.301831054723204,9.191271984105596,7.301831054723204
68732,bounded_acceleration,reversal,261,27,3.2707886892470848,10.036747267888448,12.846187470306802,54.78927203065134,2.969837941371811,1.7399701720675704,7.465607932636504,11.629399479268876,1.7399701720675704,7.465607932636504,11.629399479268876,7.465607932636504
68732,bounded_acceleration,horizon_40_80ms,7893,143,0.5847879064189048,5.618381838975507,9.629514089362411,48.37197516787026,0.20534166405571305,0.6461051098134006,3.9086089328640674,6.846421875289125,0.6461051098134006,3.9086089328640674,6.846421875289125,3.9086089328640674
68732,abg_0.5_0.1_0,all,10475,1356,1.2286081816837748,12.335205773380538,25.441558500885773,11.761336515513127,1.048378746881947,0.3920308029049894,3.9800821653449576,8.256450632633108,0.3920308029049894,3.9800821653449576,8.256450632633108,3.9800821653449576
68732,abg_0.8_0.2_0,all,10475,1356,0.8857404572420183,9.113096734020823,18.02121190294575,18.558472553699286,0.7351643209349067,0.36444651366246616,3.7291591586376076,7.318622554377026,0.36444651366246616,3.7291591586376076,7.318622554377026,3.7291591586376076
68732,abg_1.0_0.5_0,all,10475,1356,0.6078843453055847,6.636006942197885,12.196674996888165,29.19331742243437,0.4192396086557084,0.34437687486539653,3.6601341950032604,6.040242111223979,0.34437687486539653,3.6601341950032604,6.040242111223979,3.6601341950032604
68732,abg_0.5_0.1_0.01,all,10475,1356,1.5904801905392145,16.07924733209987,27.592587710128104,7.121718377088306,0.21591738725934465,0.5390093333116519,5.732346023478716,9.387999059057273,0.5390093333116519,5.732346023478716,9.387999059057273,5.732346023478716
68732,abg_0.8_0.3_0.05,all,10475,1356,0.7338098725441028,9.122700334305044,16.235655635996,28.630071599045348,0.05509279715194545,0.3830232424011511,4.745099326646738,7.846330716505117,0.3830232424011511,4.745099326646738,7.846330716505117,4.745099326646738
68732,abg_1.0_0.5_0.1,all,10475,1356,0.5858587432164455,7.083255774744477,12.667146808951166,39.58949880668258,-0.011266711041131604,0.3938822615064069,4.252151703637137,7.153609344170925,0.3938822615064069,4.252151703637137,7.153609344170925,4.252151703637137
68732,acc_decay_2ms_cap0,all,10475,1356,0.5201819993091101,5.334311716222131,9.123673771547349,53.05966587112172,0.18467772940014957,7.850462293418876e-14,2.0427573886597602e-13,8.975159123501589e-13,0.48573417417636244,3.585715199824801,5.874032717906296,3.58572186103671
68732,acc_decay_2ms_cap5,all,10475,1356,0.5201819993091101,5.2951996815079125,9.123673771547349,53.05966587112172,0.18491004006382233,7.850462293418876e-14,2.305551267378102e-13,0.9661448108972531,0.48573417417636244,3.585715199824801,5.874032717906296,3.58572186103671
68732,acc_decay_4ms_cap0,all,10475,1356,0.5254382249913376,5.501693510392338,9.662705159744037,48.381861575178995,0.19965953040948262,7.850462293418876e-14,2.122033060254791e-13,8.647781695650214e-13,0.4309228354203102,3.207611331410902,5.260119760824422,3.1894224093953527
68732,acc_decay_4ms_cap5,all,10475,1356,0.5254382249913376,5.473054673159521,9.506405481841169,48.381861575178995,0.1999039036463223,7.850462293418876e-14,2.3551386880256624e-13,1.006446581488041,0.4309228354203102,3.207611331410902,5.260119760824422,3.1894224093953527
68732,acc_decay_4ms_cap5,speed_lt_0.01,898,120,0.21598839645932488,0.7688666855722935,1.2172218071506817,60.35634743875279,0.13931289089477267,5.551115123125783e-14,7.850462293418876e-14,1.0507521107153459e-13,0.21531274028910746,0.4481816855255811,0.7460678376609469,0.4499486295866306
68732,acc_decay_4ms_cap5,speed_ge_0.05,6015,778,0.7659862183823329,6.969864017679254,10.611856456091886,47.165419783873645,0.2367372215201637,8.326672684688674e-14,5.928869814977335e-13,2.175172433559848,0.6057517563970402,3.62150612016162,6.283626399244793,3.5964225971594814
68732,acc_decay_4ms_cap5,speed_ge_0.2,1210,153,3.931016157923738,10.342523609970362,13.465531438797045,48.09917355371901,0.2800931785752964,1.2412670766236365e-13,1.4701593716201788,3.57866509825148,2.2691147519833255,5.666214242416776,7.512729064116394,5.611244020598774
68732,acc_decay_4ms_cap5,speed_ge_0.4,502,64,5.485373889167098,11.198170648996937,13.464607679773337,48.60557768924303,-0.020655153312683628,4.647713561388069e-13,2.516210292442877,3.5686718205352683,2.926494188534052,6.582288837403773,7.50397749413615,6.56163087115779
68732,acc_decay_4ms_cap5,accel_lt_0.5,5196,682,0.3377567140211358,1.0405298878493328,2.109149407854906,53.82986913010007,0.012611290115185653,7.850462293418876e-14,1.6539571684158097e-13,2.118352371637509e-13,0.2541810106898508,0.48738628243171256,0.5819596946519623,0.48941177061664604
68732,acc_decay_4ms_cap5,accel_ge_2,1438,188,3.962061469080961,10.273303617415257,13.386601465796977,43.81084840055633,0.9569800385981001,1.1188630228279524e-13,2.077507337855075,4.250110603286468,2.7807015400781196,6.198096611725762,8.100744577354595,6.394547141986958
68732,acc_decay_4ms_cap5,reversal,261,27,3.275708726903318,9.39047143186537,12.871850471630738,46.74329501915709,2.9860695506530193,8.326672684688674e-14,2.239585672371953,6.879538918455327,1.5487034813931027,6.340036016101672,10.40345511554844,6.537974038437237
68732,acc_decay_4ms_cap5,horizon_40_80ms,7893,143,0.5819821798930283,5.932340763513238,10.109612259405427,50.60179906246041,0.22420503263082933,6.206335383118183e-14,3.8372886679315797e-13,1.854636027905919,0.5470787042734913,3.5543960487840223,6.002918020576876,3.4229474625577887
68732,acc_decay_8ms_cap0,all,10475,1356,0.5636061231443146,6.013076800237191,10.448763894357711,40.859188544152744,0.23588425954199851,7.850462293418876e-14,2.09972275653713e-13,8.606702202076912e-13,0.317947316491881,2.6193005705011814,4.110484803051223,2.358172960543363
68732,acc_decay_8ms_cap5,all,10475,1356,0.5636061231443146,5.971181224378451,10.339162403679806,40.859188544152744,0.23589093063456817,7.850462293418876e-14,2.384490926532415e-13,1.3482119720214742,0.317947316491881,2.6193005705011814,4.110484803051223,2.358172960543363
68732,acc_decay_12ms_cap0,all,10475,1356,0.5972612718317211,6.601462203523808,11.611309824083369,35.188544152744626,0.27832007552076793,7.850462293418876e-14,2.0203715385644232e-13,8.673563615046369e-13,0.25229963787017184,2.2669591750139064,3.619811676869027,1.8246034960427044
68732,acc_decay_12ms_cap5,all,10475,1356,0.5972612718317211,6.534752624709066,11.106836312973133,35.20763723150358,0.2768289411755242,7.850462293418876e-14,4.927124408127159e-13,2.225227100006157,0.25229963787017184,2.2669591750139064,3.619811676869027,1.8246034960427044
68732,decay_2ms_cap0,all,10475,1356,0.5276474859496044,5.486555231518579,9.404448668847232,42.99761336515513,0.28284899873190855,6.206335383118183e-14,1.8875832159447663e-13,8.683527079455548e-13,0.435204630549139,3.5570997292969753,6.256208059812182,3.547099629295785
68732,decay_2ms_cap5,all,10475,1356,0.5276474859496044,5.474179859720613,9.404448668847232,42.99761336515513,0.28298911277754846,6.206335383118183e-14,2.1739223384435563e-13,1.354313134511444,0.435204630549139,3.5570997292969753,6.256208059812182,3.547099629295785
68732,decay_4ms_cap0,all,10475,1356,0.5466436654519076,5.75040306119946,10.033058952134267,39.18854415274463,0.3050619870248646,6.206335383118183e-14,1.841096603147574e-13,8.646680930459966e-13,0.3851200793385918,3.214646256045873,5.528476207679459,3.155068765641222
68732,decay_4ms_cap5,all,10475,1356,0.5466436654519076,5.7174546706556635,9.857718500303408,39.18854415274463,0.3051238307431089,6.206335383118183e-14,2.1638965399653366e-13,1.3128785138628714,0.3851200793385918,3.214646256045873,5.528476207679459,3.155068765641222
68732,decay_8ms_cap0,all,10475,1356,0.5957121991783596,6.307413212749476,11.003481585095969,31.856801909307876,0.35624208896797616,6.206335383118183e-14,1.8619006149354548e-13,8.710184975222113e-13,0.2907170404732239,2.613208409013133,4.201268493661425,2.332772802333344
68732,decay_8ms_cap5,all,10475,1356,0.5957121991783596,6.2960266818598,10.948336018651181,31.856801909307876,0.35589922937581386,6.206335383118183e-14,2.449468037963066e-13,1.4884178453452754,0.2907170404732239,2.613208409013133,4.201268493661425,2.332772802333344
68732,decay_12ms_cap0,all,10475,1356,0.6428451220284918,6.9721235152595575,12.373641702365905,27.007159904534607,0.4144241950281964,6.206335383118183e-14,1.9262882364247432e-13,8.710184975222113e-13,0.2351229876165746,2.2958567030437647,3.6875067935573425,1.8049504772669351
68732,decay_12ms_cap5,all,10475,1356,0.6428451220284918,6.8888500981352605,11.887844165851387,27.02625298329356,0.41218895385877014,6.206335383118183e-14,4.440323154395995e-13,2.3603481049910777,0.2351229876165746,2.2958567030437647,3.6875067935573425,1.8049504772669351
68732,decay_16ms_cap0,all,10475,1356,0.7012306041429923,7.614978123229151,13.749456508550876,23.875894988066825,0.4780874639833896,6.206335383118183e-14,1.8875832159447663e-13,8.829529156998546e-13,0.2064064972571388,2.149397021744586,3.577767547136395,1.4637329322921162
68732,decay_16ms_cap5,all,10475,1356,0.7012306041429923,7.400925543732409,12.483862042203041,23.94272076372315,0.47141244444902747,6.206335383118183e-14,0.27583705319579654,3.8060488935369485,0.2064064972571388,2.1210901826370905,3.8060488935369485,1.4637329322921162
74882,raw,all,13639,1773,1.4887327505229582,5.219765760848276,7.768577098165724,0.0,0.3282813948796719,1.107036402314224,3.4314617021103553,4.953056973239852,1.107036402314224,3.4314617021103553,4.953056973239852,3.4314617021103553
74882,raw,speed_lt_0.01,1351,183,0.08255142446451531,0.5067612121243968,0.9470291912586319,0.0,0.04362649861799001,0.12183646932798983,0.4861650616546824,1.3059897104678773,0.12183646932798983,0.4861650616546824,1.3059897104678773,0.4861650616546824
74882,raw,speed_ge_0.05,11558,1497,1.7066309790650807,5.413695475639901,8.108563837983356,0.0,0.3293904556358511,1.2503082727842212,3.5917624690491294,5.226811508261769,1.2503082727842212,3.5917624690491294,5.226811508261769,3.5917624690491294
74882,raw,speed_ge_0.2,7216,942,1.7241552921920142,5.946599014469223,8.737694244073959,0.0,0.09412610858122485,1.2906154543885167,3.6960428337164544,5.32316115367758,1.2906154543885167,3.6960428337164544,5.32316115367758,3.6960428337164544
74882,raw,speed_ge_0.4,1996,262,2.8829008769637983,7.323588317057725,9.661257252606534,0.0,-0.20186272898526272,2.1137451861034213,4.666076648548461,6.374137068907501,2.1137451861034213,4.666076648548461,6.374137068907501,4.666076648548461
74882,raw,accel_lt_0.5,2336,304,0.2471071299072645,2.117992711159862,3.674224707566131,0.0,0.015268488622124307,0.21228451751706764,0.41982106228028393,0.46400632212320925,0.21228451751706764,0.41982106228028393,0.46400632212320925,0.41982106228028393
74882,raw,accel_ge_2,3869,492,2.6032730500538346,7.160691161237,9.668523916332752,0.0,0.6345910439919359,2.3969865748963697,4.622948658892101,7.8468844091040655,2.3969865748963697,4.622948658892101,7.8468844091040655,4.622948658892101
74882,raw,reversal,283,26,2.7106385380293343,7.947148096227563,15.78501163049365,0.0,2.415198498814901,1.7491082542090264,8.877288529298749,10.254151582523349,1.7491082542090264,8.877288529298749,10.254151582523349,8.877288529298749
74882,raw,horizon_40_80ms,10145,216,1.7474966236584535,5.63314392779356,8.289882566293613,0.0,0.3812704857812633,1.431643381741322,4.175636590696566,7.38730125115296,1.431643381741322,4.175636590696566,7.38730125115296,4.175636590696566
74882,ema_0.25,all,13639,1773,2.9858960396777046,9.511708531488297,14.27965697394645,14.817801891634282,1.1052741189253281,1.3722474732322247,4.0699650495243755,5.860151383727092,1.3722474732322247,4.0699650495243755,5.860151383727092,4.0699650495243755
74882,ema_0.5,all,13639,1773,2.004718725977319,6.68747287737446,9.995525174569895,19.326930126842143,0.5576042251446721,1.1019013438836607,3.3625327171580714,5.005735849946275,1.1019013438836607,3.3625327171580714,5.005735849946275,3.3625327171580714
74882,ema_0.75,all,13639,1773,1.6522558494662085,5.675463923229307,8.553212821610506,24.94317765232055,0.4018309494090777,1.062728300311158,3.1974813251802385,4.810568677811548,1.062728300311158,3.1974813251802385,4.810568677811548,3.1974813251802385
74882,bounded_acceleration,all,13639,1773,1.2260018459711421,4.710036020095201,7.2518038598877785,65.6499743382946,0.11794447122507513,1.1004286125647982,3.411280541841265,5.1582921256609495,1.1004286125647982,3.411280541841265,5.1582921256609495,3.411280541841265
74882,bounded_acceleration,speed_lt_0.01,1351,183,0.08255142446451531,0.5067612121243968,0.9470291912586319,0.0,0.04362649861799001,0.12183646932798983,0.5530413931914047,1.2007601995736759,0.12183646932798983,0.5530413931914047,1.2007601995736759,0.5530413931914047
74882,bounded_acceleration,speed_ge_0.05,11558,1497,1.392517608161016,4.969254690594128,7.546476824942045,74.52846513237584,0.09238954452468155,1.2390797038183832,3.5530586122979195,5.179214650783103,1.2390797038183832,3.5530586122979195,5.179214650783103,3.5530586122979195
74882,bounded_acceleration,speed_ge_0.2,7216,942,1.4418267527302613,5.3211117684965785,7.978425280947912,75.1940133037694,-0.13994743536260582,1.2921495246297936,3.6877777900803235,5.172462777655448,1.2921495246297936,3.6877777900803235,5.172462777655448,3.6877777900803235
74882,bounded_acceleration,speed_ge_0.4,1996,262,2.4668676669322878,6.695168577194204,8.784935828407692,79.75951903807615,-0.5721929916602926,1.9771317240214157,4.441028955114862,6.562687181777339,1.9771317240214157,4.441028955114862,6.562687181777339,4.441028955114862
74882,bounded_acceleration,accel_lt_0.5,2336,304,0.24011422182341546,2.0031891169187475,3.2606852424052266,30.65068493150685,-0.007394751102915971,0.20684866669442242,0.648798808051925,0.8067566445853862,0.20684866669442242,0.648798808051925,0.8067566445853862,0.648798808051925
74882,bounded_acceleration,accel_ge_2,3869,492,2.1426218318324337,6.549566788375226,8.829114307298681,73.81752390798655,0.3046282809790285,2.3116932572174758,4.866306171066914,7.8955081249978445,2.3116932572174758,4.866306171066914,7.8955081249978445,4.866306171066914
74882,bounded_acceleration,reversal,283,26,2.3102287790794067,8.152006025277986,15.187153446570807,51.23674911660777,2.275581828342313,1.873998789954035,8.92530878934403,10.228603113241514,1.873998789954035,8.92530878934403,10.228603113241514,8.92530878934403
74882,bounded_acceleration,horizon_40_80ms,10145,216,1.4270256125683456,5.169479710719046,7.63075328307043,65.69738787580089,0.13798770613705305,1.4220230002586614,4.593045468317174,7.212964352558057,1.4220230002586614,4.593045468317174,7.212964352558057,4.593045468317174
74882,abg_0.5_0.1_0,all,13639,1773,4.598667118306721,14.073874537557048,20.59755967023108,11.687073832392404,1.8405509716678616,1.5247886662209946,4.56274496185004,6.464280633147759,1.5247886662209946,4.56274496185004,6.464280633147759,4.56274496185004
74882,abg_0.8_0.2_0,all,13639,1773,3.2324719413896075,10.192701573588502,15.425650610594706,14.084610308673657,1.1822461653545582,1.359322279603881,4.096527121810534,5.8390774588704755,1.359322279603881,4.096527121810534,5.8390774588704755,4.096527121810534
74882,abg_1.0_0.5_0,all,13639,1773,2.004718680154378,6.6874715360232235,9.99552447206335,19.326930126842143,0.557604537894684,1.101899838518062,3.3625325133653035,5.00573527174898,1.101899838518062,3.3625325133653035,5.00573527174898,3.3625325133653035
74882,abg_0.5_0.1_0.01,all,13639,1773,4.012642912589379,14.140432995497585,21.58074844820468,11.679741916562799,-0.8511243772367328,1.3877588886135261,4.806723795804666,7.600183694020408,1.3877588886135261,4.806723795804666,7.600183694020408,4.806723795804666
74882,abg_0.8_0.3_0.05,all,13639,1773,1.6674682645330665,8.139814654154655,13.572379928280304,41.36666911063861,-0.25735696828480564,0.8864073338334527,3.955052673107279,6.597284437615761,0.8864073338334527,3.955052673107279,6.597284437615761,3.955052673107279
74882,abg_1.0_0.5_0.1,all,13639,1773,1.311105036763915,6.1625098111047105,10.402769303306581,52.56250458244739,-0.17025316280043512,0.8927363028637177,3.7640466879703744,6.359536791070929,0.8927363028637177,3.7640466879703744,6.359536791070929,3.7640466879703744
74882,acc_decay_2ms_cap0,all,13639,1773,1.2917421041686064,4.84371356551468,7.551579865039019,68.75137473421805,0.12635382829183484,1.6653345369377348e-13,7.251605717757282e-13,1.5517311918542296e-12,1.080988039675445,3.3590297454867306,5.078717800733754,3.358613333711505
74882,acc_decay_2ms_cap5,all,13639,1773,1.2917421041686064,4.84371356551468,7.535269809535415,68.75137473421805,0.12653464808146234,1.688305753616065e-13,8.102515235376333e-13,0.15835837285892584,1.080988039675445,3.3590297454867306,5.078717800733754,3.358613333711505
74882,acc_decay_4ms_cap0,all,13639,1773,1.3592525496621846,5.0818547298388514,7.822363554957453,62.59989735317839,0.1389751546562393,1.6653345369377348e-13,7.394709033708176e-13,1.5557519606830158e-12,0.9612601993803452,3.0128553713799993,4.528516721921194,2.9874142630620226
74882,acc_decay_4ms_cap5,all,13639,1773,1.3592525496621846,5.0818547298388514,7.803986714302586,62.59989735317839,0.13922074175605173,1.6711069443220838e-13,8.274667883067451e-13,0.17104077860974798,0.9612601993803452,3.0128553713799993,4.528516721921194,2.9874142630620226
74882,acc_decay_4ms_cap5,speed_lt_0.01,1351,183,0.07461274860238569,0.5332130232267676,0.9624999038348614,67.50555144337528,0.04298503137316473,5.551115123125783e-14,1.2719202621569003e-13,1.4457653031867278e-13,0.10376115607666656,0.47929174301428634,0.9879502779803508,0.4843236215312705
74882,acc_decay_4ms_cap5,speed_ge_0.05,11558,1497,1.5420768484021632,5.364177679065924,7.9547074605789,63.289496452673475,0.1139669105401975,2.0874425738630802e-13,9.051055062895446e-13,0.23542147135928138,1.0854881250089872,3.1270842067257134,4.5848978367041475,3.111575798496112
74882,acc_decay_4ms_cap5,speed_ge_0.2,7216,942,1.5790072129136825,5.829173576480073,8.468173580277172,64.23226164079823,-0.13018007122769115,2.779024842816778e-13,1.1584586396323746e-12,0.21673638108890605,1.127210288768311,3.289405572799393,4.568534449261883,3.2295555390297706
74882,acc_decay_4ms_cap5,speed_ge_0.4,1996,262,2.774476526869972,7.565061947188758,9.667566631600383,61.97394789579158,-0.526375842828692,4.5355310199812696e-13,2.5214213372637526e-12,1.5455649839179317,1.768850362697635,3.9479870914243875,5.732250383077712,3.8892120071774454
74882,acc_decay_4ms_cap5,accel_lt_0.5,2336,304,0.22385122362568688,2.007899667747015,3.2584955952040846,66.30993150684932,-0.017828695936751824,1.1102230246251565e-13,3.9339297379805927e-13,9.016410089906646e-13,0.1831635266509596,0.5636403761012198,0.6975930079400051,0.5681827657556787
74882,acc_decay_4ms_cap5,accel_ge_2,3869,492,2.494430730049283,7.001982352192095,9.532183667312216,55.33729645903335,0.3751289226962749,2.0700592833221477e-13,2.8701720252567576e-12,2.9025516222446557,2.0490602192258507,4.2675635452962295,6.920625595376956,4.2616466999881535
74882,acc_decay_4ms_cap5,reversal,283,26,2.5248067231474454,8.186189183537367,15.242175197957884,43.109540636042404,2.26321398239534,1.2565936693902684e-13,3.95716012575057,5.25559967023656,1.6405967873886977,7.8441944565938915,8.981297303264812,7.816300785724077
74882,acc_decay_4ms_cap5,horizon_40_80ms,10145,216,1.5113763598882826,5.460455761051698,8.131005711582993,66.93937900443568,0.1551925164026608,1.7772239894833365e-13,1.9127165392748852e-12,2.2384857305459316,1.253251425495264,3.999747697153469,6.339072746778941,4.0223398148122005
74882,acc_decay_8ms_cap0,all,13639,1773,1.490306311118598,5.556691330385411,8.405939763375885,52.98042378473495,0.16727855479041603,1.6653345369377348e-13,7.347067496518013e-13,1.5593239579692086e-12,0.734597101440161,2.369225427215932,3.549285564438463,2.208813582152883
74882,acc_decay_8ms_cap5,all,13639,1773,1.490306311118598,5.556691330385411,8.346980583900777,52.98042378473495,0.16725969426023812,1.6782945342419287e-13,8.241518940245999e-13,0.4814987019442504,0.734597101440161,2.369225427215932,3.549285564438463,2.208813582152883
74882,acc_decay_12ms_cap0,all,13639,1773,1.6402951698116621,6.060256159430937,9.064621305340038,44.116137546740966,0.20097270300352957,1.6653345369377348e-13,7.522727222601842e-13,1.5436637279430832e-12,0.6066738279133408,2.001687779919301,2.9465693862882336,1.70903875650171
74882,acc_decay_12ms_cap5,all,13639,1773,1.6402951698116621,6.046973383591531,8.86777527358085,44.116137546740966,0.19923677665082287,1.701090750501519e-13,9.292938109463748e-13,0.8814200522891049,0.6066738279133408,2.001687779919301,2.9465693862882336,1.70903875650171
74882,decay_2ms_cap0,all,13639,1773,1.5885819264917673,5.329697588301113,8.06792754211846,28.462497250531566,0.35140138001105226,1.5218182408308986e-13,7.396222936983448e-13,1.5154768747450932e-12,1.0898286583918102,3.378477598303946,4.87963924472909,3.378482914397708
74882,decay_2ms_cap5,all,13639,1773,1.5885819264917673,5.329697588301113,8.043113726217776,28.462497250531566,0.3515804040844904,1.570092458683775e-13,7.847036153204199e-13,2.861828696563731e-12,1.0898286583918102,3.378477598303946,4.87963924472909,3.378482914397708
74882,decay_4ms_cap0,all,13639,1773,1.6973064829560638,5.583986818554112,8.410050707658502,25.866999046850943,0.3846018565043506,1.570092458683775e-13,7.381813482107771e-13,1.5383065250007722e-12,0.9861989988238481,3.004249890755771,4.401046512510102,3.005087827371044
74882,decay_4ms_cap5,all,13639,1773,1.6973064829560638,5.583986818554112,8.409641651566924,25.866999046850943,0.38484603798907435,1.594436429147036e-13,7.893148494022565e-13,0.02776909496646383,0.9861989988238481,3.004249890755771,4.401046512510102,3.005087827371044
74882,decay_8ms_cap0,all,13639,1773,1.9076839409314401,6.14241963711243,9.14274501632336,21.89310066720434,0.45824692598237377,1.5515838457795457e-13,7.312944878524782e-13,1.537010652308369e-12,0.7864966666307945,2.4354899531961482,3.615632804020816,2.221880939222522
74882,decay_8ms_cap5,all,13639,1773,1.9076839409314401,6.14241963711243,9.099760602815838,21.89310066720434,0.4579540785842533,1.5917919408906607e-13,8.39915769180729e-13,0.5839650437043747,0.7864966666307945,2.4354899531961482,3.615632804020816,2.221880939222522
74882,decay_12ms_cap0,all,13639,1773,2.1412370740575746,6.842662247595713,10.122207593397668,18.476427890607816,0.5441572615315096,1.494683490070454e-13,7.30325857535699e-13,1.5356035139355197e-12,0.6882865550221866,2.1082037622011964,3.1067728721207364,1.7191494421011801
74882,decay_12ms_cap5,all,13639,1773,2.140621513356868,6.805805433023704,9.924751015337874,18.483759806437423,0.5411428938218321,1.5577778178957091e-13,9.575872571547692e-13,1.2011898830661687,0.6882865550221866,2.1082037622011964,3.1067728721207364,1.7191494421011801
74882,decay_16ms_cap0,all,13639,1773,2.3861825464536177,7.431066516270091,11.112550147722944,16.54080211159176,0.6434658797805938,1.5218182408308986e-13,7.188973469204204e-13,1.5322120762311903e-12,0.6357659909497286,1.944569407774144,2.955360299793399,1.3941521862392452
74882,decay_16ms_cap5,all,13639,1773,2.3858264494936936,7.316551082696062,10.702856627348146,16.548134027421366,0.6342146750994747,1.594436429147036e-13,1.5792366931694216e-12,2.231452074266303,0.6357659909497286,1.944569407774144,2.9380321257333457,1.3941521862392452
79629,raw,all,12003,1555,0.8542404064868185,4.361257826519762,7.350249164812825,0.0,0.2295235150219807,0.6922583935860628,3.0367670004534175,5.30166200257014,0.6922583935860628,3.0367670004534175,5.30166200257014,3.0367670004534175
79629,raw,speed_lt_0.01,1149,157,0.19697490754934915,0.7177031093031871,1.152548634482504,0.0,0.10434525046805439,0.18950910564763251,0.755759203033381,1.8170890748262325,0.18950910564763251,0.755759203033381,1.8170890748262325,0.755759203033381
79629,raw,speed_ge_0.05,9161,1178,0.9793734086334883,4.768697609812687,7.616598605718224,0.0,0.1736213853399303,0.7703586846354282,3.406876704724649,5.886018333992948,0.7703586846354282,3.406876704724649,5.886018333992948,3.406876704724649
79629,raw,speed_ge_0.2,4450,584,1.0269052998315007,6.074569509349538,8.80934794052172,0.0,0.07130275850753856,0.9284908745351921,4.064432431671835,7.66098579294358,0.9284908745351921,4.064432431671835,7.66098579294358,4.064432431671835
79629,raw,speed_ge_0.4,908,122,4.111640803693658,8.540350636406725,17.709856409846036,0.0,0.261661950471332,2.8054608692072813,6.4289697466377,13.572668121143668,2.8054608692072813,6.4289697466377,13.572668121143668,6.4289697466377
79629,raw,accel_lt_0.5,3487,462,0.41191816748590604,1.535102084568299,2.5870193627583404,0.0,0.0837563054818859,0.2615905350433863,0.43434781979529374,0.5095198886810202,0.2615905350433863,0.43434781979529374,0.5095198886810202,0.43434781979529374
79629,raw,accel_ge_2,1785,231,2.889787411863198,7.5109624134457595,11.5610999584532,0.0,0.5081619711528258,2.4934505676117507,5.919494863010694,10.791604924361398,2.4934505676117507,5.919494863010694,10.791604924361398,5.919494863010694
79629,raw,reversal,328,25,2.1306076379267553,5.428103810636178,6.846293666828387,0.0,1.8564594384950275,1.0031202655909421,3.2649728927999226,3.8723767631107897,1.0031202655909421,3.2649728927999226,3.8723767631107897,3.2649728927999226
79629,raw,horizon_40_80ms,9018,175,0.9804545390697472,4.7306810568254525,7.547959485221492,0.0,0.25782451870257045,1.036434511524713,5.000364830224101,11.837777375791433,1.036434511524713,5.000364830224101,11.837777375791433,5.000364830224101
79629,ema_0.25,all,12003,1555,1.5555401554496093,8.149701021343885,12.438129672315632,17.062401066400064,0.6312280342300696,0.7079090148455786,3.6163619527796733,5.266714972132714,0.7079090148455786,3.6163619527796733,5.266714972132714,3.6163619527796733
79629,ema_0.5,all,12003,1555,1.0823405576871379,5.657731555577316,9.123626704012695,23.519120219945012,0.3572751539142444,0.6039543605511175,3.074018909585779,4.761002000167437,0.6039543605511175,3.074018909585779,4.761002000167437,3.074018909585779
79629,ema_0.75,all,12003,1555,0.9158684885652786,4.799090696458042,7.891328884509672,31.15887694742981,0.27093000161884484,0.6136924888068148,2.957942947941141,4.896559128045158,0.6136924888068148,2.957942947941141,4.896559128045158,2.957942947941141
79629,bounded_acceleration,all,12003,1555,0.7498648481869914,3.9069867301214773,6.92914659175474,57.21902857618929,0.11917842794873382,0.7415789768396874,2.8970208567785654,5.14399573979883,0.7415789768396874,2.8970208567785654,5.14399573979883,2.8970208567785654
79629,bounded_acceleration,speed_lt_0.01,1149,157,0.19697490754934915,0.7177031093031871,1.152548634482504,0.0,0.10434525046805439,0.18864119353142017,0.9034314579840351,1.976693250878557,0.18864119353142017,0.9034314579840351,1.976693250878557,0.9034314579840351
79629,bounded_acceleration,speed_ge_0.05,9161,1178,0.8449607294191334,4.447604803040739,7.20445459393308,65.00382054360878,0.049358244739442884,0.8365833641279133,3.275653082552077,6.036304922711275,0.8365833641279133,3.275653082552077,6.036304922711275,3.275653082552077
79629,bounded_acceleration,speed_ge_0.2,4450,584,0.9356042942034424,5.605870988897222,8.661481020627726,64.13483146067416,-0.08033063416641704,1.0117979639205394,4.108223272597952,8.155807972559142,1.0117979639205394,4.108223272597952,8.155807972559142,4.108223272597952
79629,bounded_acceleration,speed_ge_0.4,908,122,3.6170056055188367,8.372207167402863,17.777300845474752,75.77092511013215,0.018306732215404894,2.729694947561117,7.000753991611043,13.887732287504686,2.729694947561117,7.000753991611043,13.887732287504686,7.000753991611043
79629,bounded_acceleration,accel_lt_0.5,3487,462,0.3797836494323826,1.3711389049629321,2.6567538995993973,42.41468310868942,0.02308805332607978,0.27628309765841746,0.6326835753999775,0.8367987860135411,0.27628309765841746,0.6326835753999775,0.8367987860135411,0.6326835753999775
79629,bounded_acceleration,accel_ge_2,1785,231,2.5656864735005516,7.049418407817045,10.91687816068579,68.4593837535014,0.27008313171402026,2.531890018451324,6.075333420700412,11.21739231157387,2.531890018451324,6.075333420700412,11.21739231157387,6.075333420700412
79629,bounded_acceleration,reversal,328,25,2.242428696409888,5.134559772146952,6.800198309506094,39.63414634146341,1.8245408349568288,1.1768809082649223,3.4834427249803954,4.039073441201675,1.1768809082649223,3.4834427249803954,4.039073441201675,3.4834427249803954
79629,bounded_acceleration,horizon_40_80ms,9018,175,0.8429364635368444,4.349617322630494,7.135785887178986,57.29651807496119,0.13332390698462615,1.1185986908042447,4.746540546647691,12.323285509404798,1.1185986908042447,4.746540546647691,12.323285509404798,4.746540546647691
79629,abg_0.5_0.1_0,all,12003,1555,2.399565378611223,12.252769928272718,18.441239872246534,9.89752561859535,1.0097460272111711,0.7834645043070747,4.135730369953383,5.984759044764491,0.7834645043070747,4.135730369953383,5.984759044764491,4.135730369953383
79629,abg_0.8_0.2_0,all,12003,1555,1.6875518149970292,8.792040256079096,13.446074144233597,15.129550945596934,0.6769151934179816,0.7089352432537434,3.645682913867465,5.3251766979195505,0.7089352432537434,3.645682913867465,5.3251766979195505,3.645682913867465
79629,abg_1.0_0.5_0,all,12003,1555,1.082340287274039,5.657731432664098,9.12362697402647,23.519120219945012,0.3572753477461124,0.6039540346284529,3.0740190832758345,4.761001308612149,0.6039540346284529,3.0740190832758345,4.761001308612149,3.0740190832758345
79629,abg_0.5_0.1_0.01,all,12003,1555,1.8354845130462587,14.347627218915486,24.73109817102863,15.137882196117639,-0.06054010988374339,0.63301958846916,5.001248005099567,8.717654426727231,0.63301958846916,5.001248005099567,8.717654426727231,5.001248005099567
79629,abg_0.8_0.3_0.05,all,12003,1555,0.933588173927811,6.936618024548014,12.578412546747096,35.86603349162709,-0.061511649837711596,0.5228429803385298,3.6661596121478084,6.193456048710245,0.5228429803385298,3.6661596121478084,6.193456048710245,3.6661596121478084
79629,abg_1.0_0.5_0.1,all,12003,1555,0.7538327625105299,5.2632468230760585,9.365904498607126,50.31242189452637,-0.05258243835309204,0.5672905819060171,3.3653537735286085,6.0413864201633185,0.5672905819060171,3.3653537735286085,6.0413864201633185,3.3653537735286085
79629,acc_decay_2ms_cap0,all,12003,1555,0.7528658424033662,4.04329970964604,6.950193491189788,61.70957260684828,0.12441931271370138,9.214570415846605e-14,3.886957448488682e-13,8.457763342132972e-13,0.7304610371272979,2.8594065114846066,5.061118746630949,2.852293371440142
79629,acc_decay_2ms_cap5,all,12003,1555,0.7528658424033662,4.04329970964604,6.950193491189788,61.70957260684828,0.12444028534783337,9.324037826813825e-14,4.0209466143434123e-13,0.14048334383634317,0.7304610371272979,2.8594065114846066,5.061118746630949,2.852293371440142
79629,acc_decay_4ms_cap0,all,12003,1555,0.7660784090658024,4.238834603539965,7.2156199577914935,57.56894109805882,0.13399325884404464,9.020562075079397e-14,3.888156391763807e-13,8.538377271710653e-13,0.6452117674767852,2.5700914198049607,4.538364443584394,2.5370535556292944
79629,acc_decay_4ms_cap5,all,12003,1555,0.7660784090658024,4.238763319065817,7.2156199577914935,57.56894109805882,0.13473193148162085,9.20548301573787e-14,4.013701431553048e-13,0.18228573439200524,0.6452117674767852,2.5700914198049607,4.538364443584394,2.5370535556292944
79629,acc_decay_4ms_cap5,speed_lt_0.01,1149,157,0.19563100414525503,0.7140609900487752,1.1364194004645658,56.39686684073107,0.09836701462499005,5.551115123125783e-14,1.1443916996305594e-13,1.2719202621569003e-13,0.16576689800963257,0.7680337549310395,1.726235698090829,0.7911762137931072
79629,acc_decay_4ms_cap5,speed_ge_0.05,9161,1178,0.8694056968563892,4.849219312168704,7.443130953861325,59.02194083615326,0.06055438698250782,1.1525400330268104e-13,4.787109786417336e-13,0.9983689409613704,0.7234620194003627,2.9053013788395408,5.253045801874189,2.8686390989044166
79629,acc_decay_4ms_cap5,speed_ge_0.2,4450,584,0.954998456058944,6.1372310267304435,8.709020676547356,58.40449438202248,-0.06940978075908073,1.6508581284805509e-13,8.71394504864036e-13,3.1319943257353753,0.8646581462259273,3.6612552388608,7.121559056156182,3.5977588620655077
79629,acc_decay_4ms_cap5,speed_ge_0.4,908,122,4.097194143386113,8.588039236066662,18.97933359620458,52.97356828193832,0.03285709683110631,2.6516840634880917e-13,1.9915403965013174,8.88002076455573,2.434159839647214,6.122811432567387,12.15536848846928,6.130880198858299
79629,acc_decay_4ms_cap5,accel_lt_0.5,3487,462,0.37040725705839256,1.3917561348873875,2.5462652843548508,59.93690851735016,0.014394970288797994,7.850462293418876e-14,3.094262031553536e-13,4.169174241962274e-13,0.2353405435456414,0.5496371440572855,0.717496873215137,0.5540699200701331
79629,acc_decay_4ms_cap5,accel_ge_2,1785,231,2.9255922326696435,7.327754874168596,11.811630323379067,52.54901960784314,0.33446892552154434,1.2719202621569003e-13,1.0255675294214304,6.415563711244764,2.225587669745504,5.276864848740599,9.997130823328444,5.320447113991796
79629,acc_decay_4ms_cap5,reversal,328,25,2.338208596466535,5.440043503365783,7.045146416715574,31.402439024390244,1.9296224157205921,6.206335383118183e-14,1.6862708496711576e-13,2.6649627289743926e-13,1.0332796956518444,3.051561407675771,3.53492270249253,3.0506099845859787
79629,acc_decay_4ms_cap5,horizon_40_80ms,9018,175,0.8396270372167394,4.662843869415378,7.40888521744429,60.40141938345531,0.144111520469442,9.614813431917819e-14,0.051557188133338934,7.569752706482551,0.9810729016891632,4.15468465282015,11.007906871897276,4.156762469498453
79629,acc_decay_8ms_cap0,all,12003,1555,0.8066498530466107,4.745918862920184,7.935152333024423,50.687328167958015,0.156717224841068,9.231597913640693e-14,3.851099583232092e-13,8.453631578024677e-13,0.47739205858947875,2.0921925740445593,3.5854886288754946,1.8758290142789424
79629,acc_decay_8ms_cap5,all,12003,1555,0.8066498530466107,4.731918450423407,7.9271815987004395,50.687328167958015,0.15857988115094757,9.437916079723832e-14,4.0583094560072523e-13,0.5374105318373708,0.47739205858947875,2.0921925740445593,3.5854886288754946,1.8758290142789424
79629,acc_decay_12ms_cap0,all,12003,1555,0.8657700794171442,5.232880365830046,8.685460885222188,44.0556527534783,0.18351730807074812,9.614813431917819e-14,3.828232242628738e-13,8.635324847675269e-13,0.37462222509157866,1.8662373728860528,2.966713041231613,1.4513965831594493
79629,acc_decay_12ms_cap5,all,12003,1555,0.8657700794171442,5.197438396052109,8.663809989234144,44.07231525451971,0.18608903496912774,9.614813431917819e-14,4.233058323433729e-13,0.9216272494007085,0.37462222509157866,1.8662373728860528,2.966713041231613,1.4513965831594493
79629,decay_2ms_cap0,all,12003,1555,0.8820977548179869,4.4816777835723185,7.40227201185342,36.19095226193452,0.24160942161378268,8.326672684688674e-14,3.783279963403522e-13,8.177761331750645e-13,0.6822627434373006,2.9915445382277603,5.220279211068105,2.9898819560564545
79629,decay_2ms_cap5,all,12003,1555,0.8820977548179869,4.4816777835723185,7.40227201185342,36.19095226193452,0.24160942161378268,8.326672684688674e-14,3.905555678715502e-13,0.30213964106925817,0.6822627434373006,2.9915445382277603,5.220279211068105,2.9898819560564545
79629,decay_4ms_cap0,all,12003,1555,0.932256342770597,4.6825622745663456,7.7472524063789265,33.04173956510873,0.2613459963623138,8.12176708575559e-14,3.6511210278232104e-13,8.123862245739237e-13,0.6076775912637296,2.7274693885922563,4.680964750193644,2.6594356399233146
79629,decay_4ms_cap5,all,12003,1555,0.932256342770597,4.680464246162185,7.7472524063789265,33.04173956510873,0.2619428665893416,8.12176708575559e-14,4.0125770192081414e-13,0.34511874259292297,0.6076775912637296,2.7274693885922563,4.680964750193644,2.6594356399233146
79629,decay_8ms_cap0,all,12003,1555,1.0312831179595514,5.245928380572547,8.654064079397612,26.743314171457133,0.30525742262196615,8.12176708575559e-14,3.6871569802480317e-13,8.13670304772165e-13,0.46575137520138804,2.187491275082226,3.617595985029336,1.9663150286704378
79629,decay_8ms_cap5,all,12003,1555,1.0312831179595514,5.245928380572547,8.582784210079073,26.743314171457133,0.30667989596808476,8.326672684688674e-14,4.0526569272676505e-13,0.5869969705403213,0.46575137520138804,2.187491275082226,3.617595985029336,1.9663150286704378
79629,decay_12ms_cap0,all,12003,1555,1.1474096354423384,5.872909019427083,9.502911689846808,23.227526451720404,0.35539784711119216,8.12176708575559e-14,3.764949453935611e-13,8.053858913357807e-13,0.3897587538616506,1.9427621460716553,3.0266624835159712,1.5214088769835963
79629,decay_12ms_cap5,all,12003,1555,1.1474096354423384,5.840345196200645,9.344027130426047,23.25252020328251,0.35712644537937727,8.326672684688674e-14,4.341033565807888e-13,1.0412877106870204,0.3897587538616506,1.9427621460716553,3.0266624835159712,1.5214088769835963
79629,decay_16ms_cap0,all,12003,1555,1.2557611761915437,6.495557585130857,10.33836600461307,20.019995001249686,0.4120731208989534,7.97218214573518e-14,3.682193206295148e-13,7.991325337366979e-13,0.35106013074584125,1.7484736675874792,2.837210814380976,1.2337935609704596
79629,decay_16ms_cap5,all,12003,1555,1.2557611761915437,6.420138434936102,9.92039178798831,20.061651253853203,0.41282197110006646,8.12176708575559e-14,5.109208038349044e-13,1.9832980548739512,0.35106013074584125,1.7298180839298165,2.837210814380976,1.2337935609704596
84285,raw,all,11053,1444,0.8568872783077642,5.162827268730628,20.914262040086147,0.0,0.4814988282977385,0.7592690232722108,3.9270513507558125,8.437283096300998,0.7592690232722108,3.9270513507558125,8.437283096300998,3.9270513507558125
84285,raw,speed_lt_0.01,1074,141,0.20320096348968714,0.7648208610227532,1.6305874485141494,0.0,0.07668944088273275,0.3561907709294793,0.7742543174061143,4.8568320721467835,0.3561907709294793,0.7742543174061143,4.8568320721467835,0.7742543174061143
84285,raw,speed_ge_0.05,9223,1205,0.9351973568859301,5.533624954806077,40.85717933043559,0.0,0.5117837929148041,0.8466634565801072,4.105475989960775,8.721101261197223,0.8466634565801072,4.105475989960775,8.721101261197223,4.105475989960775
84285,raw,speed_ge_0.2,5012,656,0.8917009568453654,6.753018888328276,81.47792649411478,0.0,0.6542754207712395,0.8464652095144243,4.968370136712322,26.73761329269912,0.8464652095144243,4.968370136712322,26.73761329269912,4.968370136712322
84285,raw,speed_ge_0.4,624,81,3.649360192183087,44.02366136726687,253.9448250585932,0.0,2.7114870276143224,2.879098493068246,88.72168412293662,282.2087817565035,2.879098493068246,88.72168412293662,282.2087817565035,88.72168412293662
84285,raw,accel_lt_0.5,2711,351,0.43705135176701765,1.5885689417779127,7.800935071923493,0.0,-0.14516532754684275,0.29405594050096534,0.44735252955064897,0.4897343416005394,0.29405594050096534,0.44735252955064897,0.4897343416005394,0.44735252955064897
84285,raw,accel_ge_2,2080,269,2.8411553203969957,10.289660206384829,87.05371884355112,0.0,1.8084669085943028,2.7877452914335796,8.695750929261825,213.95396578173361,2.7877452914335796,8.695750929261825,213.95396578173361,8.695750929261825
84285,raw,reversal,332,29,3.542926683643593,97.17092490508381,316.00825595797266,0.0,16.483076228489043,1.4743735107587244,57.747723908282595,346.0238759422509,1.4743735107587244,57.747723908282595,346.0238759422509,57.747723908282595
84285,raw,horizon_40_80ms,7989,180,0.9682881483529738,5.61397058448057,20.67540622435215,0.0,0.39777497939099205,0.8387060164886118,2.7521802133161493,5.437025598064666,0.8387060164886118,2.7521802133161493,5.437025598064666,2.7521802133161493
84285,ema_0.25,all,11053,1444,1.4543755538816843,8.057492587931582,26.94665494500803,26.02008504478422,0.802772340861035,0.68847810692656,3.7468608170580984,9.037436941883417,0.68847810692656,3.7468608170580984,9.037436941883417,3.7468608170580984
84285,ema_0.5,all,11053,1444,1.0123374413925044,6.210738786376651,24.85693771702772,35.28453813444314,0.5820132576823862,0.6096704210387824,3.371373500378171,8.582333902850442,0.6096704210387824,3.371373500378171,8.582333902850442,3.371373500378171
84285,ema_0.75,all,11053,1444,0.8866472183394211,5.495564559012475,25.74831625069862,41.21957839500588,0.5139573601450719,0.6481812950918278,3.4641407880553543,8.585041727391516,0.6481812950918278,3.4641407880553543,8.585041727391516,3.4641407880553543
84285,bounded_acceleration,all,11053,1444,0.7567481648705446,4.953349006815174,21.339283676874683,53.48774088482765,0.39242526767569835,0.8116205527129174,4.042027616764195,8.165825690794165,0.8116205527129174,4.042027616764195,8.165825690794165,4.042027616764195
84285,bounded_acceleration,speed_lt_0.01,1074,141,0.20320096348968714,0.7648208610227532,1.6305874485141494,0.0,0.07668944088273275,0.3561907709294793,0.727714233846835,5.16713424502189,0.3561907709294793,0.727714233846835,5.16713424502189,0.727714233846835
84285,bounded_acceleration,speed_ge_0.05,9223,1205,0.842973323971445,5.252599183583616,40.842141841384134,58.87455274856337,0.4245802644070726,0.9097964526206016,4.252082600357662,8.922659436914198,0.9097964526206016,4.252082600357662,8.922659436914198,4.252082600357662
84285,bounded_acceleration,speed_ge_0.2,5012,656,0.8371064339518592,6.588714201794155,81.48336432905826,57.18276137270551,0.5577713788800224,0.9421692481347568,4.93607701971306,27.114874943069303,0.9421692481347568,4.93607701971306,27.114874943069303,4.93607701971306
84285,bounded_acceleration,speed_ge_0.4,624,81,3.524258205098461,44.01248872083394,254.31276333605985,57.37179487179487,2.4562569137688826,2.809077215351646,90.09234899944386,282.7945479676977,2.809077215351646,90.09234899944386,282.7945479676977,90.09234899944386
84285,bounded_acceleration,accel_lt_0.5,2711,351,0.3994265596922709,1.3232282064887924,8.041090420454095,48.80118037624493,-0.165314308914925,0.3275767501704453,0.5797472045421574,0.7336528100555291,0.3275767501704453,0.5797472045421574,0.7336528100555291,0.5797472045421574
84285,bounded_acceleration,accel_ge_2,2080,269,2.738669098670191,9.783682863256812,86.94635480550748,51.00961538461538,1.6214789689105167,2.859169953199195,8.63994323654011,214.12985454597487,2.859169953199195,8.63994323654011,214.12985454597487,8.63994323654011
84285,bounded_acceleration,reversal,332,29,3.7233542952521796,97.3227650907144,316.30830559329274,50.30120481927711,16.437585696721694,1.5051272445973352,58.753652159838424,346.7443126569805,1.5051272445973352,58.753652159838424,346.7443126569805,58.753652159838424
84285,bounded_acceleration,horizon_40_80ms,7989,180,0.849554977700222,5.263088830463353,21.349545785488328,53.61121542120415,0.2961610662300846,0.9660161971042638,3.1651287322066572,6.2866602917952585,0.9660161971042638,3.1651287322066572,6.2866602917952585,3.1651287322066572
84285,abg_0.5_0.1_0,all,11053,1444,2.178486859198328,12.651988682373025,39.49407161059459,18.926988148014114,1.1230477614032597,0.7030528988357776,4.24976886294879,11.402231747914318,0.7030528988357776,4.24976886294879,11.402231747914318,4.24976886294879
84285,abg_0.8_0.2_0,all,11053,1444,1.5547089739950906,8.878152137106966,30.90149534317541,24.165384963358363,0.8546979937384951,0.6593263166709955,3.794182909552548,10.328147670315365,0.6593263166709955,3.794182909552548,10.328147670315365,3.794182909552548
84285,abg_1.0_0.5_0,all,11053,1444,1.012336976967247,6.2107369704211415,24.8569361079462,35.28453813444314,0.5820134397097584,0.6096701407572496,3.3713735802462503,8.582333212956124,0.6096701407572496,3.3713735802462503,8.582333212956124,3.3713735802462503
84285,abg_0.5_0.1_0.01,all,11053,1444,1.6112028247666965,17.21122878091468,51.9160530095686,22.147833167465848,-0.11988352992619147,0.5567986449675153,5.8189820270187935,17.438508920164917,0.5567986449675153,5.8189820270187935,17.438508920164917,5.8189820270187935
84285,abg_0.8_0.3_0.05,all,11053,1444,0.8266368583322368,8.798221645025333,39.4471329696264,46.95557767122048,0.25763463999280534,0.4756122895081834,4.314706787234698,10.610204651907067,0.4756122895081834,4.314706787234698,10.610204651907067,4.314706787234698
84285,abg_1.0_0.5_0.1,all,11053,1444,0.7387300295969002,6.888843810969045,27.45826147976968,54.220573599927626,0.2010222189685238,0.5691381452803933,4.212864200027736,8.932586764196003,0.5691381452803933,4.212864200027736,8.932586764196003,4.212864200027736
84285,acc_decay_2ms_cap0,all,11053,1444,0.7542349922338522,5.054516747334493,24.56488760048423,61.91984076721252,0.36385391327515293,1.7506035694727253e-13,7.695824109060754e-13,1.908150718633047e-12,0.7986952794460966,3.979692710801292,8.038874421403584,3.9796222217380044
84285,acc_decay_2ms_cap5,all,11053,1444,0.7542349922338522,5.054516747334493,19.00817709589155,61.97412467203475,0.40021157033465593,1.7772239894833365e-13,1.2501610088807891e-12,3.164933907927914,0.7986952794460966,3.979692710801292,8.038874421403584,3.9796222217380044
84285,acc_decay_4ms_cap0,all,11053,1444,0.7660455680300785,5.331716070159311,24.53763979656822,59.268976748394095,0.3481346124508612,1.7690589281884616e-13,7.597185750888272e-13,1.9298989496090274e-12,0.7003464544683033,3.5333939918155988,7.213041107129011,3.539788301167619
84285,acc_decay_4ms_cap5,all,11053,1444,0.7660455680300785,5.3237971135255036,16.76990624183322,59.35040260562743,0.4135755168602024,1.7987668849994311e-13,1.2171029000602335e-12,3.236456215828028,0.7003464544683033,3.5333939918155988,7.213041107129011,3.539788301167619
84285,acc_decay_4ms_cap5,speed_lt_0.01,1074,141,0.1812293015345527,0.9848081233235113,2.627619306296957,79.98137802607076,0.11269898668907459,6.206335383118183e-14,1.2719202621569003e-13,1.1546954975400672,0.30277450158901975,0.7680452277470767,5.012188689087127,0.6372926104910243
84285,acc_decay_4ms_cap5,speed_ge_0.05,9223,1205,0.8489776981976643,5.5612571504981885,39.17679747495488,56.63016372113196,0.44294248304748896,2.2377260456559047e-13,1.4721949847370086e-12,3.8935553383502772,0.7911341968352482,3.7007562950153066,7.7884928375826314,3.723743049631484
84285,acc_decay_4ms_cap5,speed_ge_0.2,5012,656,0.8357817289995422,6.821540506890744,81.21797577821825,54.70869912210694,0.558369920720042,3.2157329213710433e-13,3.0759726253713433e-12,21.63283730743293,0.8212585035278881,4.298373411360461,23.323592727756296,4.322748220614598
84285,acc_decay_4ms_cap5,speed_ge_0.4,624,81,3.547092861874236,40.29719551330194,249.34163598406914,52.56410256410257,2.6025254087708216,1.0299525296675034e-12,85.09212295491074,274.81393386822515,2.5106189693315577,85.09212295491074,274.81393386822515,85.09232091225459
84285,acc_decay_4ms_cap5,accel_lt_0.5,2711,351,0.40557999839057224,1.3061740712359817,8.01813384069462,68.2773884175581,-0.16321357031151157,1.2412670766236365e-13,6.124488757326815e-13,9.89516988516506e-13,0.28074150795499186,0.4854457309469268,0.6402852891332566,0.507711120963514
84285,acc_decay_4ms_cap5,accel_ge_2,2080,269,3.0965087120468415,10.423914975193808,83.94818519523042,44.42307692307692,1.7257915910705275,3.1155556357914183e-13,3.66252100227343,207.93491043936888,2.5106189693315577,7.586165511411053,207.93491043936888,7.5663931301740215
84285,acc_decay_4ms_cap5,reversal,332,29,3.774402396026863,97.30449809420033,311.3083072717053,52.40963855421686,16.2804053274516,1.7235854893846465e-13,53.753501825339484,341.7442027310607,1.304361131712553,55.16972678338674,341.7442027310607,55.16985843806732
84285,acc_decay_4ms_cap5,horizon_40_80ms,7989,180,0.8425053997941536,5.561350101029629,16.790834532761085,62.78633120540743,0.3124934103971654,1.721861243952208e-13,9.290960707619364e-13,1.2774191259631273,0.8421442213732984,2.737250770656836,5.497422801232876,2.771847874439741
84285,acc_decay_8ms_cap0,all,11053,1444,0.8076420144040564,5.822283336034797,29.09010551714868,54.97150094996833,0.34145334235573327,1.7772239894833365e-13,7.681371468235274e-13,1.8758006881196796e-12,0.51192717461902,2.6670917981089266,5.802099315130156,2.6172240570177725
84285,acc_decay_8ms_cap5,all,11053,1444,0.8075185081598679,5.732988932679757,16.71737210530766,55.061974124672034,0.44740971618206965,1.8054384460905968e-13,1.2267405686614434e-12,3.709703777596118,0.5115110583567819,2.65583706279211,5.639557276076816,2.6172240570177725
84285,acc_decay_12ms_cap0,all,11053,1444,0.8528217173512371,6.235473917177726,33.63876407332385,50.20356464308332,0.3415314132002917,1.7554167342883506e-13,7.966370070881397e-13,1.8933564577359687e-12,0.3981910083216937,2.127389150924282,4.935284823292062,2.0250406752443983
84285,acc_decay_12ms_cap5,all,11053,1444,0.8527845734396104,6.111978899620769,16.859544195623204,50.41165294490184,0.48109992069734375,1.7987668849994311e-13,1.4340971588876535e-12,3.941332339123259,0.39762658251868704,2.0964929959170506,4.474846777026179,2.0250406752443983
84285,decay_2ms_cap0,all,11053,1444,0.873999123073786,5.349569705190173,24.756500885173775,45.37229711390573,0.45964924566320886,1.6653345369377348e-13,7.636425438210474e-13,1.869568257365532e-12,0.746752149870169,3.866728922239398,8.319786232094968,3.866421089394997
84285,decay_2ms_cap5,all,11053,1444,0.873999123073786,5.33879636245778,18.51192488132535,45.426581018727944,0.49583804191459174,1.7060296701779953e-13,1.1191556035361215e-12,3.4502507630022134,0.746752149870169,3.866728922239398,8.319786232094968,3.866421089394997
84285,decay_4ms_cap0,all,11053,1444,0.9052113063006858,5.5921818139282795,24.38522637339993,41.12005790283181,0.4528320367919214,1.6566152676754317e-13,7.59729737568724e-13,1.852107086006024e-12,0.6630848533973305,3.4305451204208492,7.520522456277486,3.4390983307081227
84285,decay_4ms_cap5,all,11053,1444,0.9055250993300874,5.586370500612538,16.807831517924726,41.20148376006514,0.5178252482671999,1.7306717057750347e-13,1.1328729572891958e-12,3.5875642480485572,0.6630848533973305,3.4305451204208492,7.520522456277486,3.4390983307081227
84285,decay_8ms_cap0,all,11053,1444,0.9843926634752935,6.114939027820221,28.70466638301115,35.365963991676466,0.46392025449379964,1.6653345369377348e-13,7.647321903810788e-13,1.8078012602006416e-12,0.5026182601370539,2.6513154706047315,5.9125127722154485,2.5427766068976108
84285,decay_8ms_cap5,all,11053,1444,0.9842814926123592,6.005595507826664,16.87866465504691,35.46548448385054,0.5684719121762801,1.7554167342883506e-13,1.1901701578868493e-12,3.95440975206614,0.5017438198001777,2.6439005318629425,5.798005071095106,2.5427766068976108
84285,decay_12ms_cap0,all,11053,1444,1.083946699719932,6.63613732877195,33.883867087465276,30.824210621550712,0.48355015905256754,1.741340465708793e-13,7.716848701410008e-13,1.843278777741138e-12,0.415384191051682,2.2124326305719766,5.191584186592154,1.9674379972247544
84285,decay_12ms_cap5,all,11053,1444,1.0838970565364472,6.416643355622783,17.165141161267215,31.005156970958108,0.6204180859229503,1.774680490339841e-13,1.3776134175223398e-12,4.519545229049174,0.4145193962795575,2.1744049956489135,4.7936159278507,1.9674379972247544
84285,decay_16ms_cap0,all,11053,1444,1.1882818253989273,7.190410449243009,36.53842375413282,28.16429928526192,0.5079989012639539,1.6797063489690745e-13,7.716848701410008e-13,1.8371521049647357e-12,0.37412433214461993,1.9591345116812473,4.561478453080164,1.5955029376437218
84285,decay_16ms_cap5,all,11053,1444,1.1880771277957038,6.853745823629348,17.470097326407295,28.44476612684339,0.6730715433541817,1.7772239894833365e-13,2.2862372269973356e-12,5.120830838508518,0.3723992455500662,1.9389183892066493,5.120830838508518,1.5955029376437218
88726,raw,all,9591,1244,1.546667467066418,7.772822355121853,13.646136605902509,0.0,0.5153277018026086,1.0746357142835548,4.867111531492695,7.618234273682424,1.0746357142835548,4.867111531492695,7.618234273682424,4.867111531492695
88726,raw,speed_lt_0.01,1049,144,0.2443046444531479,0.5852678732077927,1.2120907864421115,0.0,0.05332782794749471,0.2627422196406427,1.0354374046707595,2.1725336469775445,0.2627422196406427,1.0354374046707595,2.1725336469775445,1.0354374046707595
88726,raw,speed_ge_0.05,6906,889,1.923950849230233,8.9961643397538,14.71786688739196,0.0,0.5509222538085952,1.3399747744589665,5.514145236030111,8.3977502111376,1.3399747744589665,5.514145236030111,8.3977502111376,5.514145236030111
88726,raw,speed_ge_0.2,4548,587,1.8252055623248973,9.81289971916759,15.824991928437186,0.0,0.36878325898262476,1.4178296119888756,5.69106739619108,7.750768180246862,1.4178296119888756,5.69106739619108,7.750768180246862,5.69106739619108
88726,raw,speed_ge_0.4,1450,187,3.381244301702822,11.360966011805587,22.37625707801249,0.0,0.47952125087401454,2.677558191616886,6.545619552628193,8.127709842520582,2.677558191616886,6.545619552628193,8.127709842520582,6.545619552628193
88726,raw,accel_lt_0.5,2721,352,0.4835597095099835,2.439293830449004,3.5520644425226426,0.0,0.08543278014877198,0.3159982374803456,0.5440729529052197,0.590599652985355,0.3159982374803456,0.5440729529052197,0.590599652985355,0.5440729529052197
88726,raw,accel_ge_2,2286,282,4.001005094968987,12.386140281292102,18.6623917193577,0.0,1.468223459384208,3.346312296654549,7.432196032360524,10.853923261686331,3.346312296654549,7.432196032360524,10.853923261686331,7.432196032360524
88726,raw,reversal,441,47,3.021762292602342,18.232766065283457,37.88230925552869,0.0,4.192695013935418,1.851551845926721,8.156216062490698,18.063363038629035,1.851551845926721,8.156216062490698,18.063363038629035,8.156216062490698
88726,raw,horizon_40_80ms,9562,1229,1.552461767726674,7.795448174515166,13.646153326060778,0.0,0.5148716257919277,1.0810290214925364,4.887848102832436,7.651187110129163,1.0810290214925364,4.887848102832436,7.651187110129163,4.887848102832436
88726,ema_0.25,all,9591,1244,2.7470574594708688,13.054362800302215,19.8146275963134,19.914503180064642,1.15516157107128,1.0578047898714629,4.844466359127589,7.0653884052575116,1.0578047898714629,4.844466359127589,7.0653884052575116,4.844466359127589
88726,ema_0.5,all,9591,1244,1.8965111304619886,9.983211698745787,16.440861322286665,27.296423730580756,0.7229094874984241,0.9333849608085335,4.566339323479624,7.060568664524347,0.9333849608085335,4.566339323479624,7.060568664524347,4.566339323479624
88726,ema_0.75,all,9591,1244,1.6293752635908114,8.64254067326759,14.206531541228166,33.86508184756543,0.5850916207403626,0.9662322328641808,4.716812645136407,7.0809705151716305,0.9662322328641808,4.716812645136407,7.0809705151716305,4.716812645136407
88726,bounded_acceleration,all,9591,1244,1.2325634956811649,7.425619113283583,13.213881331095989,59.33687832342821,0.32929199469726633,1.1697526960171591,5.025567546820879,8.188885173792299,1.1697526960171591,5.025567546820879,8.188885173792299,5.025567546820879
88726,bounded_acceleration,speed_lt_0.01,1049,144,0.2443046444531479,0.5852678732077927,1.2120907864421115,0.0,0.05332782794749471,0.2627422196406427,1.2366214597097425,2.7368115563199344,0.2627422196406427,1.2366214597097425,2.7368115563199344,1.2366214597097425
88726,bounded_acceleration,speed_ge_0.05,6906,889,1.5690624818993748,8.382761376288512,14.884092158382806,72.21256878077035,0.3233887368700794,1.4412754049139493,5.54120729138663,8.81588954924929,1.4412754049139493,5.54120729138663,8.81588954924929,5.54120729138663
88726,bounded_acceleration,speed_ge_0.2,4548,587,1.5748299739907643,9.364888792820924,15.875568739184999,69.81090589270009,0.12033763113455423,1.6088410025069055,5.728329923045944,7.857407659129729,1.6088410025069055,5.728329923045944,7.857407659129729,5.728329923045944
88726,bounded_acceleration,speed_ge_0.4,1450,187,3.101600676144724,10.617504637923373,22.455666772702646,79.72413793103448,0.06070382027958313,2.7544269587413224,6.24799142175441,8.003707920569527,2.7544269587413224,6.24799142175441,8.003707920569527,6.24799142175441
88726,bounded_acceleration,accel_lt_0.5,2721,352,0.4396650777729589,1.9398379755240605,2.8334693111668336,44.50569643513414,0.045783849271388774,0.3537703214957651,0.831826952265065,1.056991581843827,0.3537703214957651,0.831826952265065,1.056991581843827,0.831826952265065
88726,bounded_acceleration,accel_ge_2,2286,282,3.6839877299588286,12.52469447195489,18.842207434280425,62.02974628171478,1.1094487334645398,3.524919326836252,7.776831291603142,11.365067850987167,3.524919326836252,7.776831291603142,11.365067850987167,7.776831291603142
88726,bounded_acceleration,reversal,441,47,2.903430273883508,18.842207434280425,37.984421034445255,43.99092970521542,4.042403379141349,1.9992031407646245,8.686588368184212,18.64744135107123,1.9992031407646245,8.686588368184212,18.64744135107123,8.686588368184212
88726,bounded_acceleration,horizon_40_80ms,9562,1229,1.2384349591364803,7.432261062343296,13.238391484610244,59.412256850031376,0.3289224205306774,1.1916610447135405,5.038846739969603,8.198196971316325,1.1916610447135405,5.038846739969603,8.198196971316325,5.038846739969603
88726,abg_0.5_0.1_0,all,9591,1244,3.8885630853314135,18.304124989216128,26.569253549061628,13.470962360546345,1.6566450068297798,1.1452931568067195,5.226963830715189,7.305626864118246,1.1452931568067195,5.226963830715189,7.305626864118246,5.226963830715189
88726,abg_0.8_0.2_0,all,9591,1244,2.8968513466294694,14.047484510919965,21.157784181708642,18.663330205400896,1.2091994038772622,1.0626559007178353,4.8390718298703295,7.0483571696726655,1.0626559007178353,4.8390718298703295,7.0483571696726655,4.8390718298703295
88726,abg_1.0_0.5_0,all,9591,1244,1.8965108093259246,9.983212427088567,16.440862347050043,27.296423730580756,0.7229098615685741,0.9333841994607703,4.566342017911416,7.0605694382238955,0.9333841994607703,4.566342017911416,7.0605694382238955,4.566342017911416
88726,abg_0.5_0.1_0.01,all,9591,1244,2.405373694664977,21.509542146071766,31.63559149967647,23.459493274945263,-0.2656737623277663,0.7453375446143687,6.76233489850013,9.720022253892619,0.7453375446143687,6.76233489850013,9.720022253892619,6.76233489850013
88726,abg_0.8_0.3_0.05,all,9591,1244,1.263471011361753,14.135142299749251,25.8089944055117,47.79480763215515,0.06818472366642253,0.6469960435694749,6.3811902278211585,11.285582314976411,0.6469960435694749,6.3811902278211585,11.285582314976411,6.3811902278211585
88726,abg_1.0_0.5_0.1,all,9591,1244,1.080413029088691,11.093736349420205,20.992466084761812,52.83077885517673,0.02736038249517226,0.8043117549460674,6.246068452083253,11.242927159038105,0.8043117549460674,6.246068452083253,11.242927159038105,6.246068452083253
88726,acc_decay_2ms_cap0,all,9591,1244,1.2478411707183978,7.824873145489834,13.515373567010524,67.28182671254301,0.3468304553229896,8.777083671441753e-14,5.417464644446337e-13,0.037825755824509005,1.150729745737352,4.948130702975486,8.062526787838417,4.947977149692154
88726,acc_decay_2ms_cap5,all,9591,1244,1.2478411707183978,7.788652645600232,13.509399879483453,67.28182671254301,0.3460336054273845,9.592854526245788e-14,0.10467971965967254,3.188957172701538,1.150729745737352,4.948130702975486,8.062526787838417,4.947977149692154
88726,acc_decay_4ms_cap0,all,9591,1244,1.2646212738590121,8.14265265476145,14.34176828800712,63.85152747367323,0.367172531480584,8.326672684688674e-14,5.440730028703116e-13,0.037825755824530606,1.0358831015204857,4.442050864572172,7.044175503507855,4.401119164842785
88726,acc_decay_4ms_cap5,all,9591,1244,1.2646212738590121,8.107905780929759,14.20975257836647,63.85152747367323,0.3645333123207098,8.95334101124804e-14,0.16048027056928707,3.043631285272191,1.0358831015204857,4.442050864572172,7.044175503507855,4.401119164842785
88726,acc_decay_4ms_cap5,speed_lt_0.01,1049,144,0.21101207102838346,0.5346529777808842,1.1197004384070848,77.40705433746426,0.05453203707472428,5.551115123125783e-14,1.2719202621569003e-13,1.2719202621569003e-13,0.22145706041351482,1.0790444790967324,2.3871236910693265,1.08296592479935
88726,acc_decay_4ms_cap5,speed_ge_0.05,6906,889,1.6074992910580765,9.11206548464734,15.422400396480356,66.82594845062265,0.36328725664634204,1.2412670766236365e-13,0.5509749725170409,3.856619119852626,1.2749505578623455,4.861242458189923,7.75614610309121,4.852688453449544
88726,acc_decay_4ms_cap5,speed_ge_0.2,4548,587,1.5827608588165192,9.84997641405333,16.220908078574727,65.80914687774846,0.14014435629268887,1.8619006149354548e-13,0.8080788821818989,2.9267906077494397,1.3809186218927498,5.086400101309867,6.941852782683198,5.016560293336021
88726,acc_decay_4ms_cap5,speed_ge_0.4,1450,187,3.241032996470821,11.558370966358574,22.032919182396853,69.03448275862068,0.08229256479478907,2.973419269284548e-13,1.307770622925323,3.1299306098018174,2.4528532669422183,5.5240029941594,7.11975176580304,5.471651615836259
88726,acc_decay_4ms_cap5,accel_lt_0.5,2721,352,0.42395240237578447,1.9076586125386636,2.7616461859244463,71.26056596839398,0.046491753287334944,6.206335383118183e-14,3.56009554454974e-13,0.03736206275924923,0.30120999863467157,0.6795184034946649,0.8725923143088726,0.7284688758710411
88726,acc_decay_4ms_cap5,accel_ge_2,2286,282,4.019598978538361,13.175135504202423,19.01015290328706,49.343832020997375,1.209828988701911,1.365536445884773e-13,2.923488941362533,6.473977215240668,3.077585050503936,6.938961362544872,10.048286198224247,6.810526556522962
88726,acc_decay_4ms_cap5,reversal,441,47,2.936767006302144,18.340788296526995,38.00719000361565,40.58956916099773,4.01084903129733,6.293006791785826e-14,3.675979382682108,13.713511623330337,1.686475052373047,7.597951630171087,16.38827731985124,7.607242403596764
88726,acc_decay_4ms_cap5,horizon_40_80ms,9562,1229,1.2660647952715174,8.111798502957082,14.210982046269557,63.856933695879526,0.363747512851011,8.886119947416683e-14,0.17188919308995074,3.072000766116791,1.042814473074126,4.449183915904326,7.069019954344191,4.412748361130866
88726,acc_decay_8ms_cap0,all,9591,1244,1.3369577422728376,8.808417467935257,15.576330966447651,58.648733187363156,0.4035890352925092,8.886119947416683e-14,5.444800813859968e-13,0.03782575582450391,0.7546515738671116,3.6315152802781454,5.458412650428357,3.2540688809636387
88726,acc_decay_8ms_cap5,all,9591,1244,1.3369577422728376,8.68875794280829,14.924523925413267,58.669586070274214,0.3946842200230278,1.0007415106216802e-13,0.6084938598303525,3.4299449325201157,0.7546515738671116,3.6315152802781454,5.458412650428357,3.2540688809636387
88726,acc_decay_12ms_cap0,all,9591,1244,1.4303239614997327,9.47177097749225,16.45911273862473,52.80992597226567,0.44071928233474045,8.653358528875173e-14,5.465799864076941e-13,0.03782575582450658,0.5943070999430322,3.1340721001668723,4.788973308245756,2.517790491161426
88726,acc_decay_12ms_cap5,all,9591,1244,1.4303239614997327,9.258544414992919,15.50403286533934,52.85163173808779,0.42050546210274437,9.913312115618655e-14,1.255679768148478,4.244899174605302,0.5943070999430322,3.1340721001668723,4.600389293298727,2.517790491161426
88726,decay_2ms_cap0,all,9591,1244,1.5867807986952078,8.264557666374767,13.779043082776765,38.91147951204254,0.5423832705643539,7.850462293418876e-14,4.700873642642735e-13,9.295737697425551e-13,1.0561962465234729,4.7920766002707555,7.487506812491041,4.791967557587255
88726,decay_2ms_cap5,all,9591,1244,1.5867807986952078,8.240174530574075,13.703210514610854,38.91147951204254,0.5412256785374308,7.850462293418876e-14,1.6196814033041037e-12,2.604920173448334,1.0561962465234729,4.7920766002707555,7.487506812491041,4.791967557587255
88726,decay_4ms_cap0,all,9591,1244,1.658128890696711,8.667689734451319,14.435446821512608,35.26222500260661,0.5762380293076941,7.850462293418876e-14,4.585949729843917e-13,9.332387883343345e-13,0.945855706160839,4.354315439986568,6.8575413605072235,4.262351990916906
88726,decay_4ms_cap5,all,9591,1244,1.658128890696711,8.610546960148326,14.191805052962872,35.26222500260661,0.573171485889077,8.326672684688674e-14,1.8843061877567102e-12,2.830516743933412,0.945855706160839,4.354315439986568,6.8575413605072235,4.262351990916906
88726,decay_8ms_cap0,all,9591,1244,1.8080785372051038,9.2576801160265,15.369088728655615,29.850901887185906,0.6430139910172593,7.850462293418876e-14,4.640966589331354e-13,9.523743225429349e-13,0.7358033585852181,3.58615680015464,5.393260648119402,3.1514681729484906
88726,decay_8ms_cap5,all,9591,1244,1.8080785372051038,9.203837473222404,14.91076332929096,29.861328328641434,0.6328108821601772,8.059442435805018e-14,0.5384424521868867,3.3293245091695773,0.7358033585852181,3.58615680015464,5.393260648119402,3.1514681729484906
88726,decay_12ms_cap0,all,9591,1244,1.96528836733109,10.119608923338989,16.55633419985087,25.795016160984257,0.7139700611044816,7.82353731316565e-14,4.642728578576539e-13,9.417240679731529e-13,0.6222683625609426,3.060322923458773,4.772643101404969,2.4384046218154105
88726,decay_12ms_cap5,all,9591,1244,1.96528836733109,9.749347903964761,15.64938064171682,25.805442602439786,0.6915936387706019,8.326672684688674e-14,1.1084747205605363,4.264471932173913,0.6222683625609426,3.060322923458773,4.552095204773541,2.4384046218154105
88726,decay_16ms_cap0,all,9591,1244,2.1537778407080626,10.948597919999735,17.598965310309755,22.437702012303202,0.7916446011081445,7.850462293418876e-14,4.509552037226675e-13,9.29438391462413e-13,0.5543686957844194,2.7209581919361474,4.305611783589576,1.9774354987340717
88726,decay_16ms_cap5,all,9591,1244,2.1537778407080626,10.236291094963084,15.850701568846,22.479407778125328,0.753976963001565,8.326672684688674e-14,1.6971625629047926,5.251230695759071,0.5543686957844194,2.714205043523292,5.251230695759071,2.036225751925447
94976,raw,all,8025,1030,2.0127334707219235,8.818326530101379,14.464881721326817,0.0,0.6005315543326554,1.3305717559048271,6.5051443549099535,12.422205099351853,1.3305717559048271,6.5051443549099535,12.422205099351853,6.5051443549099535
94976,raw,speed_lt_0.01,629,82,0.25486801982369417,0.7156757486318205,1.3118129900277655,0.0,0.07199479947288774,0.21452066634769812,0.9830264064790185,2.613081131731266,0.21452066634769812,0.9830264064790185,2.613081131731266,0.9830264064790185
94976,raw,speed_ge_0.05,6268,805,2.3838085751552356,9.5105171338156,15.329126211300434,0.0,0.623382223716957,1.6067199409973103,6.9994116673066324,14.14298763300717,1.6067199409973103,6.9994116673066324,14.14298763300717,6.9994116673066324
94976,raw,speed_ge_0.2,3630,466,2.1953818129634186,11.288594108260968,17.518395699348034,0.0,0.314059247038105,1.6487139880319321,7.3863972607736414,14.41951467468915,1.6487139880319321,7.3863972607736414,14.41951467468915,7.3863972607736414
94976,raw,speed_ge_0.4,1250,164,4.326696300423392,13.361962985078996,19.726925624807713,0.0,0.35848901862105753,2.793597654638943,9.27297383467036,15.361203842525507,2.793597654638943,9.27297383467036,15.361203842525507,9.27297383467036
94976,raw,accel_lt_0.5,1381,176,0.503287276359934,3.0971046290877253,4.762022231310117,0.0,0.10769559684465546,0.29027918831741206,0.5374094875627717,0.6038154143174727,0.29027918831741206,0.5374094875627717,0.6038154143174727,0.5374094875627717
94976,raw,accel_ge_2,2200,283,3.86314925361203,13.208031085929477,19.797243988553927,0.0,1.1557175963801523,3.4746783837727206,10.766436521694658,16.328417170090443,3.4746783837727206,10.766436521694658,16.328417170090443,10.766436521694658
94976,raw,reversal,380,38,3.9172018720745294,19.013939426460194,24.95144439230489,0.0,3.715613396637369,2.276493568314505,10.486957567973137,16.862814251663078,2.276493568314505,10.486957567973137,16.862814251663078,10.486957567973137
94976,raw,horizon_40_80ms,8009,1024,2.013972631638373,8.823023108351618,14.464881721326817,0.0,0.6002728592305883,1.3411086899037699,6.568236020323449,12.468134174288148,1.3411086899037699,6.568236020323449,12.468134174288148,6.568236020323449
94976,ema_0.25,all,8025,1030,3.4932620271107724,14.604509685844679,23.963534600211673,17.53271028037383,1.607385126341758,1.3557218089185419,5.4808262129593865,8.667819755730394,1.3557218089185419,5.4808262129593865,8.667819755730394,5.4808262129593865
94976,ema_0.5,all,8025,1030,2.5656668285196758,10.953952848664017,17.676055742616818,23.725856697819314,0.9525748747023735,1.1654314742736984,5.290632673750666,8.681333436739822,1.1654314742736984,5.290632673750666,8.681333436739822,5.290632673750666
94976,ema_0.75,all,8025,1030,2.1823804736953623,9.402155953296864,15.1920007475494,29.034267912772588,0.7233365896602082,1.1969718780592018,5.655411498191016,9.649985802089637,1.1969718780592018,5.655411498191016,9.649985802089637,5.655411498191016
94976,bounded_acceleration,all,8025,1030,1.6526758028451178,8.027473151821855,13.408504885334434,61.99376947040498,0.3226083334872258,1.439685922897122,6.659781412050631,13.291871659481417,1.439685922897122,6.659781412050631,13.291871659481417,6.659781412050631
94976,bounded_acceleration,speed_lt_0.01,629,82,0.25486801982369417,0.7156757486318205,1.3118129900277655,0.0,0.07199479947288774,0.21627689308139098,1.305020789059218,3.115874801361856,0.21627689308139098,1.305020789059218,3.115874801361856,1.305020789059218
94976,bounded_acceleration,speed_ge_0.05,6268,805,1.9441247089233902,8.770098708308506,14.402523597635716,71.77728142948308,0.30032668447940614,1.7153503472983511,6.910162973720445,14.036362044206035,1.7153503472983511,6.910162973720445,14.036362044206035,6.910162973720445
94976,bounded_acceleration,speed_ge_0.2,3630,466,1.8097247643642058,10.463919307224158,17.250130081822768,75.67493112947659,-0.007152029316805944,1.7699551502001571,7.691299887239084,14.96596252571424,1.7699551502001571,7.691299887239084,14.96596252571424,7.691299887239084
94976,bounded_acceleration,speed_ge_0.4,1250,164,3.9634881224089065,12.330490366780356,19.558565002326596,72.39999999999999,-0.09588912482680133,2.7377577706236114,9.121593071112486,15.42663306031216,2.7377577706236114,9.121593071112486,15.42663306031216,9.121593071112486
94976,bounded_acceleration,accel_lt_0.5,1381,176,0.5280605942360486,2.608535270203953,4.741003384560389,32.72990586531499,0.08324772172851616,0.3276712196962003,0.9264864821351831,1.096928728653144,0.3276712196962003,0.9264864821351831,1.096928728653144,0.9264864821351831
94976,bounded_acceleration,accel_ge_2,2200,283,3.7309172176557253,12.206991715571517,19.558565002326596,64.54545454545455,0.7179774566638734,3.740340756713942,11.252946338167957,16.096765114574364,3.740340756713942,11.252946338167957,16.096765114574364,11.252946338167957
94976,bounded_acceleration,reversal,380,38,3.96211357887836,17.940803602170636,24.41669381816735,31.05263157894737,3.5023584205937146,2.6591378798725875,11.029523022613374,17.216690297130185,2.6591378798725875,11.029523022613374,17.216690297130185,11.029523022613374
94976,bounded_acceleration,horizon_40_80ms,8009,1024,1.6551565529241417,8.028764949568663,13.414655958259907,62.092645773504806,0.32231888912472617,1.4435416682547633,6.683235707484543,13.37553306985354,1.4435416682547633,6.683235707484543,13.37553306985354,6.683235707484543
94976,abg_0.5_0.1_0,all,8025,1030,4.918236990791207,20.721960987772736,34.452000484459845,12.286604361370717,2.3837133733423195,1.4682504406902184,6.045547427220832,9.41276099562312,1.4682504406902184,6.045547427220832,9.41276099562312,6.045547427220832
94976,abg_0.8_0.2_0,all,8025,1030,3.7091990993926762,15.58111712682253,25.70611127320685,16.473520249221185,1.702168045415677,1.360119884686227,5.366264292982229,8.578937729216843,1.360119884686227,5.366264292982229,8.578937729216843,5.366264292982229
94976,abg_1.0_0.5_0,all,8025,1030,2.5656672985306272,10.953953199266902,17.676054706224694,23.725856697819314,0.9525752177738183,1.1654316274376144,5.290632265662057,8.681332131188071,1.1654316274376144,5.290632265662057,8.681332131188071,5.290632265662057
94976,abg_0.5_0.1_0.01,all,8025,1030,3.7071305406646307,22.10799342643081,38.71011144617698,18.95327102803738,-0.17797962774429318,1.1904354290544485,7.441028591281732,12.092444698392159,1.1904354290544485,7.441028591281732,12.092444698392159,7.441028591281732
94976,abg_0.8_0.3_0.05,all,8025,1030,1.8925281057984367,14.366075070151926,21.76098368561934,42.940809968847354,-0.05344377620423022,0.9612570896168262,6.84132236824861,9.960053369856482,0.9612570896168262,6.84132236824861,9.960053369856482,6.84132236824861
94976,abg_1.0_0.5_0.1,all,8025,1030,1.5643421438576022,10.95992912801443,17.761255340997504,52.0,-0.11923833468666359,1.0949718901069496,6.591753788545489,11.317202379893414,1.0949718901069496,6.591753788545489,11.317202379893414,6.591753788545489
94976,acc_decay_2ms_cap0,all,8025,1030,1.682238795063633,8.345726774693746,13.599165929844544,66.06853582554517,0.3562867202878846,8.326672684688674e-14,3.573629406524402e-13,1.5621010968287202e-12,1.4140385893242249,6.550573018138564,12.83582764495087,6.5569601725115305
94976,acc_decay_2ms_cap5,all,8025,1030,1.682238795063633,8.285270059554295,13.599165929844544,66.09345794392524,0.35682005904112885,1.1028557721173471e-13,1.6532940992029526,8.037109286785025,1.4140385893242249,6.550573018138564,12.83582764495087,6.5569601725115305
94976,acc_decay_4ms_cap0,all,8025,1030,1.7332151165145775,8.571736833706401,14.12155224098914,62.52959501557632,0.3914117109456515,8.886119947416683e-14,3.587712338757754e-13,1.561121965583842e-12,1.2373320406895951,5.791953947649709,10.685096214488429,5.8322749287850115
94976,acc_decay_4ms_cap5,all,8025,1030,1.7332151165145775,8.515845750857292,14.12155224098914,62.59190031152648,0.3884881999533115,1.1102230246251565e-13,1.6137395289159782,7.201140382462223,1.2373320406895951,5.791953947649709,10.685096214488429,5.8322749287850115
94976,acc_decay_4ms_cap5,speed_lt_0.01,629,82,0.2568053181983945,0.7467359302712708,1.3846023796396076,58.34658187599364,0.06666598679667515,1.3877787807814457e-14,5.721958498152797e-14,0.24396910187651336,0.19677540967023865,1.0913217996358986,2.4224543609073255,1.1428663433008839
94976,acc_decay_4ms_cap5,speed_ge_0.05,6268,805,2.041159054559196,9.245981860070557,14.96824245562814,65.93809827696235,0.37838242483457085,1.2412670766236365e-13,1.9615304526895996,8.247263953007062,1.4820006914104082,6.0965303533429305,11.60123443215724,6.0515455045602975
94976,acc_decay_4ms_cap5,speed_ge_0.2,3630,466,1.8289261745616756,11.135280870418477,16.888100846440913,70.38567493112947,0.0436369504268471,1.716587549445839e-13,2.692073687511849,9.67902537701449,1.502667305081785,6.736300449271014,12.855093341419702,6.735622797009928
94976,acc_decay_4ms_cap5,speed_ge_0.4,1250,164,4.302643427623435,12.798197508066464,20.602200169822392,62.56,0.016125234215490718,2.870933667863139e-13,4.151154277254628,10.291710790928684,2.4106712214488573,8.014084000429952,13.391649957577888,7.988195901289723
94976,acc_decay_4ms_cap5,accel_lt_0.5,1381,176,0.5241354742853901,2.619827005774506,5.424240780293813,54.96017378711079,0.08302406313842141,3.077504396281398e-14,2.2929753662903646e-13,0.012368039787981277,0.2763141639603959,0.786521250218729,0.9219671217331566,0.8113665520369289
94976,acc_decay_4ms_cap5,accel_ge_2,2200,283,3.854117942026633,12.674691686898571,20.41083058116132,54.72727272727273,0.9175302797559106,1.6653345369377348e-13,6.180504913874319,11.089703300680483,3.2733493359703942,9.791279092487516,14.090488465935094,9.854719358251657
94976,acc_decay_4ms_cap5,reversal,380,38,4.108371142182596,18.14488055478732,24.779494821242107,32.89473684210527,3.629336823012497,7.546227665267433e-14,6.263119965182827,12.221529963208193,2.335868112063501,9.863628868354525,15.081680797810698,9.659057350568126
94976,acc_decay_4ms_cap5,horizon_40_80ms,8009,1024,1.7342504922277795,8.516101549422455,14.12688010157986,62.60456985890873,0.3882992613833045,1.1102230246251565e-13,1.615291074300581,7.22213588911937,1.2492120237953053,5.793312706847278,10.703482939144589,5.8528149271375165
94976,acc_decay_8ms_cap0,all,8025,1030,1.860087873943164,9.192153199720034,14.991502474259695,55.127725856697815,0.4601576757595451,9.250466689667251e-14,3.5458911647084307e-13,1.5682179435122187e-12,0.9381624690779549,4.259982848995532,7.812887579344663,4.312226876879226
94976,acc_decay_8ms_cap5,all,8025,1030,1.860087873943164,9.10528261247182,14.98517695883442,55.165109034267914,0.45070281162776793,1.1102230246251565e-13,1.6050464696534876,7.066184122718346,0.9381624690779549,4.27678585034918,7.812887579344663,4.312226876879226
94976,acc_decay_12ms_cap0,all,8025,1030,2.0178077650671646,9.933232548621875,16.27109104112486,47.626168224299064,0.5338064912693902,8.62082733451355e-14,3.672751608398053e-13,1.5620295552720765e-12,0.7297047987288257,3.469118031950944,6.297687237945583,3.336525508065474
94976,acc_decay_12ms_cap5,all,8025,1030,2.022378869205244,9.602412124311519,15.786822441184771,47.73831775700935,0.5111271117591136,1.1102230246251565e-13,2.2484379906178016,7.603254827412127,0.7297047987288257,3.631440246006822,7.818891338305418,3.336525508065474
94976,decay_2ms_cap0,all,8025,1030,2.086058124257699,9.056705119621624,14.85703380305655,34.691588785046726,0.644963327539554,7.850462293418876e-14,3.3422138886441676e-13,7.732094507645977e-13,1.310170177006623,6.389310452763478,11.973215858368643,6.404710577197316
94976,decay_2ms_cap5,all,8025,1030,2.086058124257699,9.024596001857663,14.854752708234809,34.71651090342679,0.6455033415451219,7.97218214573518e-14,1.4895027374912895,7.160970681249523,1.310170177006623,6.389310452763478,11.973215858368643,6.404710577197316
94976,decay_4ms_cap0,all,8025,1030,2.185235711368482,9.348806421396525,14.877762070910533,31.476635514018692,0.6980926369255128,7.850462293418876e-14,3.37661150723213e-13,7.842455296027408e-13,1.1730670754665198,5.69129522491205,10.279244306702658,5.696852191067171
94976,decay_4ms_cap5,all,8025,1030,2.185542803810796,9.278284749342863,14.84230292888193,31.501557632398754,0.6954195140829689,8.326672684688674e-14,1.4987989441810983,6.737704583478147,1.1730670754665198,5.69129522491205,10.279244306702658,5.696852191067171
94976,decay_8ms_cap0,all,8025,1030,2.3992452897629444,10.119290084863334,16.24171017653278,26.006230529595015,0.8062627005728593,7.850462293418876e-14,3.3306690738754696e-13,7.734637890829388e-13,0.9061842037980109,4.209970073910067,7.396825221689982,4.21209895484919
94976,decay_8ms_cap5,all,8025,1030,2.4008792642204306,9.978557205236333,16.156135818303465,26.006230529595015,0.7966865799987163,8.326672684688674e-14,1.5018565219381892,6.423619518657189,0.9061842037980109,4.209970073910067,7.411818298374924,4.21209895484919
94976,decay_12ms_cap0,all,8025,1030,2.6359991152732696,10.962925967776192,17.759479363705324,22.666666666666664,0.9234034103020194,7.97218214573518e-14,3.3676014097954065e-13,7.736245620441231e-13,0.771668891340973,3.5946783288927877,6.0813541166410685,3.259052922447597
94976,decay_12ms_cap5,all,8025,1030,2.640042421245912,10.820844077811293,17.10092331067722,22.69158878504673,0.8977824989452949,8.886119947416683e-14,2.4435258639685773,7.143080915268308,0.771668891340973,3.747103044950979,7.300848682361802,3.259052922447597
94976,decay_16ms_cap0,all,8025,1030,2.8899936166929776,11.84416820517824,19.435598192964818,20.598130841121495,1.0497583779268906,7.850462293418876e-14,3.3676014097954065e-13,7.444375104773971e-13,0.7037369420025177,3.204691730795812,5.454978984384932,2.642944031291625
94976,decay_16ms_cap5,all,8025,1030,2.890072570552258,11.306256859858534,17.39499081329905,20.64797507788162,0.997033167080776,8.326672684688674e-14,3.183323603922111,8.053651218651055,0.7037369420025177,3.3247634633641785,8.167110401575295,2.9350800559755315
96643,raw,all,6449,1031,1.970932514790402,6.812043753296759,11.388059451616972,0.0,0.6147341213648273,1.3794024591809353,4.74592789565664,7.827976413128602,1.3794024591809353,4.74592789565664,7.827976413128602,4.74592789565664
96643,raw,speed_lt_0.01,949,150,0.13939188071503664,0.545115092072965,0.9892438177612247,0.0,0.0373698600895637,0.17826911442931936,0.7475404653326954,1.0617163833786132,0.17826911442931936,0.7475404653326954,1.0617163833786132,0.7475404653326954
96643,raw,speed_ge_0.05,4855,784,2.449652802805716,7.5785886700170355,11.973549334849595,0.0,0.6739232381759561,1.687247952774801,5.2760954368532555,9.583888443017452,1.687247952774801,5.2760954368532555,9.583888443017452,5.2760954368532555
96643,raw,speed_ge_0.2,3133,504,2.4197813102056878,8.634193858666608,13.715449849011257,0.0,0.43166039430573483,1.7621840062282454,5.7322948368756546,9.20054749451398,1.7621840062282454,5.7322948368756546,9.20054749451398,5.7322948368756546
96643,raw,speed_ge_0.4,1189,186,2.871041057945352,11.329212182010288,22.01809900632958,0.0,0.5537163681306614,2.46708836633578,6.857528031836232,14.81507823102207,2.46708836633578,6.857528031836232,14.81507823102207,6.857528031836232
96643,raw,accel_lt_0.5,1247,198,0.20613655075425952,3.0889019369816446,5.055681575228772,0.0,0.04574560284136314,0.2189449266321999,0.5757762378499389,0.6612327166262653,0.2189449266321999,0.5757762378499389,0.6612327166262653,0.5757762378499389
96643,raw,accel_ge_2,1702,271,3.54803331807729,10.569957491354398,18.552968661035653,0.0,0.905939216059042,3.272797943938754,7.13100846334077,14.949747236124281,3.272797943938754,7.13100846334077,14.949747236124281,7.13100846334077
96643,raw,reversal,252,34,3.8570714736641905,21.92471951897324,26.77947283547651,0.0,4.721339958866917,2.4102584254533297,11.920994398927037,16.473625835377604,2.4102584254533297,11.920994398927037,16.473625835377604,11.920994398927037
96643,raw,horizon_40_80ms,6360,971,1.9835805359427565,6.858263568573512,11.428565586454143,0.0,0.6193008810150827,1.401818654408837,4.834450883523498,8.123904149914443,1.401818654408837,4.834450883523498,8.123904149914443,4.834450883523498
96643,ema_0.25,all,6449,1031,3.7123302901987447,11.477533068828427,19.92066671445882,18.530004651884013,1.6143873137363671,1.4326804306588423,4.35935027909504,8.074640373230661,1.4326804306588423,4.35935027909504,8.074640373230661,4.35935027909504
96643,ema_0.5,all,6449,1031,2.6159014255920723,8.529984324180719,15.012069632536688,26.019537912854705,0.9346451295853092,1.2799700582253652,4.0466287027828765,7.012035896962212,1.2799700582253652,4.0466287027828765,7.012035896962212,4.0466287027828765
96643,ema_0.75,all,6449,1031,2.18072649310184,7.433992987991713,12.586773311946793,30.748953326097066,0.717900624305686,1.251640555561214,4.303823800909141,6.896715118056611,1.251640555561214,4.303823800909141,6.896715118056611,4.303823800909141
96643,bounded_acceleration,all,6449,1031,1.5425721603465452,6.355788303405982,10.51619060127582,60.17987284850365,0.3100968603051489,1.4898186348828053,5.035652525034278,8.442762177272197,1.4898186348828053,5.035652525034278,8.442762177272197,5.035652525034278
96643,bounded_acceleration,speed_lt_0.01,949,150,0.13939188071503664,0.545115092072965,0.9892438177612247,0.0,0.0373698600895637,0.17826911442931936,0.8729111284719566,1.3779334337278653,0.17826911442931936,0.8729111284719566,1.3779334337278653,0.8729111284719566
96643,bounded_acceleration,speed_ge_0.05,4855,784,1.919289182531143,7.125114239363212,10.942661739979442,73.16168898043254,0.306284419259601,1.8722339741138863,5.383146715659286,9.602783873244986,1.8722339741138863,5.383146715659286,9.602783873244986,5.383146715659286
96643,bounded_acceleration,speed_ge_0.2,3133,504,1.9106566713559374,7.847842459585626,13.768562229771542,76.63581232045964,0.09029601620331809,2.005442543091235,5.6730955883466985,9.090585219593564,2.005442543091235,5.6730955883466985,9.090585219593564,5.6730955883466985
96643,bounded_acceleration,speed_ge_0.4,1189,186,2.5279782276639295,10.474156324906108,21.091842533696067,74.4322960470984,0.08427681867396979,2.733982960486042,7.095913884443961,15.204339512416563,2.733982960486042,7.095913884443961,15.204339512416563,7.095913884443961
96643,bounded_acceleration,accel_lt_0.5,1247,198,0.2225202555311215,2.5108504370048013,4.366518293382432,23.897353648757015,-0.013980718545456084,0.24597894341866022,0.9678554627513904,1.2231100056069966,0.24597894341866022,0.9678554627513904,1.2231100056069966,0.9678554627513904
96643,bounded_acceleration,accel_ge_2,1702,271,2.99741946312134,9.602184222732166,17.35840923278709,71.7978848413631,0.5049454346604225,3.5433367383142462,7.5280800576307865,15.06888933364622,3.5433367383142462,7.5280800576307865,15.06888933364622,7.5280800576307865
96643,bounded_acceleration,reversal,252,34,3.140279697728544,21.00305862519014,26.072005167893785,61.50793650793651,4.125500877303406,2.157691535618673,11.661497384908154,16.395281003285792,2.157691535618673,11.661497384908154,16.395281003285792,11.661497384908154
96643,bounded_acceleration,horizon_40_80ms,6360,971,1.5545993651754217,6.356661064438769,10.571703126736182,60.22012578616353,0.31089757102914695,1.5488431217456335,5.1175598443442585,8.709326298006843,1.5488431217456335,5.1175598443442585,8.709326298006843,5.1175598443442585
96643,abg_0.5_0.1_0,all,6449,1031,5.26071135691732,16.0609392839638,28.04817981628027,12.498061714994572,2.4181163037472784,1.5826276749010566,4.777846656756812,8.84890243479122,1.5826276749010566,4.777846656756812,8.84890243479122,4.777846656756812
96643,abg_0.8_0.2_0,all,6449,1031,3.963620007268318,12.187446220197208,21.44310787577326,17.041401767715925,1.7026426934385468,1.4746752431594603,4.479913216953656,8.235140348537675,1.4746752431594603,4.479913216953656,8.235140348537675,4.479913216953656
96643,abg_1.0_0.5_0,all,6449,1031,2.615900724021409,8.52998413144742,15.012071316600334,26.019537912854705,0.9346454558239592,1.2799689357367547,4.046628384764,7.012035627044741,1.2799689357367547,4.046628384764,7.012035627044741,4.046628384764
96643,abg_0.5_0.1_0.01,all,6449,1031,3.749392384025641,21.388408273694807,36.2944247515733,19.11924329353388,-0.3144049634747,1.323680131573431,7.139012958968347,11.845638440669243,1.323680131573431,7.139012958968347,11.845638440669243,7.139012958968347
96643,abg_0.8_0.3_0.05,all,6449,1031,1.8334673784685542,11.824249773240592,19.129647701814598,43.929291363002015,-0.19193825991728158,1.0193534491492136,6.128416333294637,9.244757639950492,1.0193534491492136,6.128416333294637,9.244757639950492,6.128416333294637
96643,abg_1.0_0.5_0.1,all,6449,1031,1.5213258160905723,8.984830439402291,14.005422106940808,54.13242363157078,-0.15802870258731821,1.12781039378902,5.8945956611268135,9.634342643270903,1.12781039378902,5.8945956611268135,9.634342643270903,5.8945956611268135
96643,acc_decay_2ms_cap0,all,6449,1031,1.5606767602340896,6.543554515478169,10.735308091442475,69.35959063420685,0.34139283261643477,1.2412670766236365e-13,0.1364279867055456,0.23095417534779322,1.4652110376405043,4.9610429114466825,8.289300744121281,4.957906424602921
96643,acc_decay_2ms_cap5,all,6449,1031,1.5606767602340896,6.542876437231745,10.70792371926574,69.39060319429369,0.3376784396485607,1.2719202621569003e-13,0.3048572477993209,3.4199182951641194,1.4652110376405043,4.9610429114466825,8.289300744121281,4.957906424602921
96643,acc_decay_4ms_cap0,all,6449,1031,1.6160349843427282,6.823569073624438,11.171482869785766,65.38998294309195,0.37068507736734196,1.2412670766236365e-13,0.13642798670555212,0.23095417534780804,1.2913794760275543,4.384935388509221,7.17975911781933,4.409951041139059
96643,acc_decay_4ms_cap5,all,6449,1031,1.6160349843427282,6.744774133786683,11.136057779069743,65.42099550317879,0.36443603611285125,1.2719202621569003e-13,0.2759054200579053,3.2008484449284236,1.2913794760275543,4.384935388509221,7.17975911781933,4.409951041139059
96643,acc_decay_4ms_cap5,speed_lt_0.01,949,150,0.13065790590172943,0.5257297930757916,1.240948612132146,67.8609062170706,0.03171654838191298,7.757919228897728e-15,5.5748751181834704e-14,6.245656531088155e-14,0.15440292858511545,0.7338841775609481,1.1959364473144605,0.764448166486733
96643,acc_decay_4ms_cap5,speed_ge_0.05,4855,784,2.0082140847694374,7.5233277065875255,12.170869741720189,66.59114315139033,0.3629828660121249,2.220446049250313e-13,0.5150664073805142,4.632577792347895,1.6316796020123352,4.829795686709572,8.433874278438548,4.714267584053605
96643,acc_decay_4ms_cap5,speed_ge_0.2,3133,504,1.9625447877274202,8.397736302949403,13.820905357138026,68.04979253112033,0.12178356342420728,2.861347967218121e-13,0.6813235336174538,4.112733599376038,1.7452974131243428,4.982352695595685,7.980437257019887,4.976347902892207
96643,acc_decay_4ms_cap5,speed_ge_0.4,1189,186,2.541305552913689,11.004971148703838,22.694604252831912,64.92851135407905,0.15059424899201573,7.069219550191685e-13,2.001141573768188,10.268664877163156,2.385414161383312,6.131219622265479,13.371467597715181,6.2142160657368315
96643,acc_decay_4ms_cap5,accel_lt_0.5,1247,198,0.2237934422977703,2.3854927214720796,4.355597626699754,66.39935846030474,-0.017356065314896793,2.797157557069881e-14,0.06564552185957756,0.16137633496924586,0.2093316319164638,0.7661996972919705,1.0488899987607883,0.8475952588892474
96643,acc_decay_4ms_cap5,accel_ge_2,1702,271,3.3265792365101294,10.621549205187227,21.000152899313658,57.99059929494712,0.6428722457062499,1.9626922365282547e-13,2.4346630320331952,10.05209232844374,3.1119040309425783,6.509196462119325,13.181805119623302,6.591005195164918
96643,acc_decay_4ms_cap5,reversal,252,34,3.3843375236422597,22.30779719865331,28.068041864151656,58.730158730158735,4.345070608742501,9.285872367622649e-14,7.289242518050918,11.84396310414472,1.92362072306625,10.76225128081453,14.751028244849465,10.212506180311598
96643,acc_decay_4ms_cap5,horizon_40_80ms,6360,971,1.625880959303603,6.752835776216604,11.154670525992506,65.51886792452831,0.3654606508258156,1.2719202621569003e-13,0.3440471855027549,3.500399142007164,1.3429026951007623,4.440652193433042,7.444187989546866,4.481681023752588
96643,acc_decay_8ms_cap0,all,6449,1031,1.7296408187329133,7.412059154892037,12.47917982039131,56.83051635912545,0.4321973081652524,1.2412670766236365e-13,0.13642798670559103,0.2309541753477901,0.9734592920302935,3.2502628930698814,5.300134139207184,3.260598932239213
96643,acc_decay_8ms_cap5,all,6449,1031,1.7296408187329133,7.327451653034918,12.210710054883632,56.89254147929912,0.41948969547541903,1.2719202621569003e-13,0.3354408880796069,3.1855003990909805,0.9734592920302935,3.2502628930698814,5.300134139207184,3.260598932239213
96643,acc_decay_12ms_cap0,all,6449,1031,1.8882686154416701,8.12051080729071,13.404209698818102,49.759652659327024,0.4994371379194058,1.2412670766236365e-13,0.1364279867055456,0.23095417534780494,0.7990924789797569,2.805623734342957,4.565383853167261,2.5228430274198765
96643,acc_decay_12ms_cap5,all,6449,1031,1.8882686154416701,8.00693576619734,12.992483605418853,49.8216777795007,0.47690255547160015,1.2719202621569003e-13,0.6000892994874865,4.112610843435797,0.7990924789797569,2.805623734342957,4.565383853167261,2.5228430274198765
96643,decay_2ms_cap0,all,6449,1031,2.042869183467906,7.047169689672944,11.562649160290873,33.32299581330439,0.657921807970145,7.858125020761362e-14,4.484050470211362e-13,1.0264755098643492e-12,1.359568033230539,4.673092403957802,7.700042722433303,4.67265489181427
96643,decay_2ms_cap5,all,6449,1031,2.042869183467906,7.0231907599620165,11.562649160290873,33.32299581330439,0.6543045616233902,7.919159918457852e-14,1.2221906507789501e-12,2.820788909140896,1.359568033230539,4.673092403957802,7.700042722433303,4.67265489181427
96643,decay_4ms_cap0,all,6449,1031,2.148395927437308,7.391213388882995,12.44432010530797,30.873003566444414,0.7077812937985998,7.898232372177828e-14,4.4754520913118095e-13,1.0210357257910537e-12,1.2247152638946304,4.221927615210257,6.839555600574506,4.156225943027997
96643,decay_4ms_cap5,all,6449,1031,2.148395927437308,7.327815070880965,12.393026125920942,30.873003566444414,0.7015954128808416,8.326672684688674e-14,1.3083218829156381e-12,2.8099790924776236,1.2247152638946304,4.221927615210257,6.839555600574506,4.156225943027997
96643,decay_8ms_cap0,all,6449,1031,2.417231892749618,8.007405852449825,13.579463185835422,26.88788959528609,0.8152529145275248,7.850462293418876e-14,4.4968988575471475e-13,1.0305985599494149e-12,0.9664598458786119,3.367312691478086,5.271242405236364,3.0730014337034244
96643,decay_8ms_cap5,all,6449,1031,2.417231892749618,7.920276050810434,13.259874658239585,26.88788959528609,0.8020731409033915,7.97218214573518e-14,0.20046071590236403,3.1408801510492443,0.9664598458786119,3.367312691478086,5.271242405236364,3.0730014337034244
96643,decay_12ms_cap0,all,6449,1031,2.693167748457221,8.738854786885065,14.962900637786568,23.647077066211818,0.933222335039444,7.97218214573518e-14,4.5097472448829337e-13,1.0340336588712217e-12,0.8269309735174732,2.7726992459781927,4.686598738724507,2.377692074794954
96643,decay_12ms_cap5,all,6449,1031,2.693167748457221,8.619619058777625,14.214769028414079,23.67808962629865,0.9092687853044382,8.326672684688674e-14,0.5343712658372073,4.354558534153678,0.8269309735174732,2.7654367265476556,4.686598738724507,2.377692074794954
96643,decay_16ms_cap0,all,6449,1031,2.953394235604389,9.413881251860333,16.39521426032574,22.546131183129166,1.0624029600805813,7.858125020761362e-14,4.4968988575471475e-13,1.043081565734626e-12,0.7714152256403314,2.5026474479831857,4.444431435154717,1.9282003781053758
96643,decay_16ms_cap5,all,6449,1031,2.953394235604389,9.237245268390305,15.11214581541644,22.546131183129166,1.0207375591737349,8.886119947416683e-14,1.159828859720769,5.357339459646258,0.7714152256403314,2.4954057831044976,5.357339459646258,1.9282003781053758
43034,raw,all,5064,870,0.7777222396501797,2.3266502284225616,3.6574079148927643,0.0,0.11061919404644698,0.7679845014948896,2.3932726258305914,3.76816011421709,0.7679845014948896,2.3932726258305914,3.76816011421709,2.3932726258305914
43034,raw,speed_lt_0.01,835,146,0.10808676746681126,0.35934634652570363,1.126398491317349,0.0,0.0363764925163333,0.1785996565457709,0.5281325204907894,0.7376245308506728,0.1785996565457709,0.5281325204907894,0.7376245308506728,0.5281325204907894
43034,raw,speed_ge_0.05,3731,638,0.948773904768771,2.5302813462032185,3.771834439850987,0.0,0.0747200288335386,0.9448365187588985,2.507809292136279,3.796753557132594,0.9448365187588985,2.507809292136279,3.796753557132594,2.507809292136279
43034,raw,speed_ge_0.2,2547,437,1.0155671278278897,2.487898465101512,3.4651123213544106,0.0,0.0004262994500972374,1.0313425803628946,2.600027963950499,3.7976471022237024,1.0313425803628946,2.600027963950499,3.7976471022237024,2.600027963950499
43034,raw,speed_ge_0.4,852,146,1.0724882665502495,2.6217320352044116,3.55817065367647,0.0,-0.23840387999382862,1.0659394505074657,2.6301100463875597,3.9972553721211446,1.0659394505074657,2.6301100463875597,3.9972553721211446,2.6301100463875597
43034,raw,accel_lt_0.5,1472,254,0.21633355914787217,1.4499681856548947,2.076949613947135,0.0,0.05347966606888556,0.23836427988063258,0.4871112015073518,0.509130771179202,0.23836427988063258,0.4871112015073518,0.509130771179202,0.4871112015073518
43034,raw,accel_ge_2,594,102,1.2813044996900316,3.4651123213544106,5.411070138754325,0.0,0.4397094640609413,2.255761981521162,4.548103686351611,6.45003860829344,2.255761981521162,4.548103686351611,6.45003860829344,4.548103686351611
43034,raw,reversal,137,22,1.7104375847584363,6.083049072822618,7.498229413597284,0.0,1.6590012267884249,1.2371651434289141,4.519773266516406,4.605311184191812,1.2371651434289141,4.519773266516406,4.605311184191812,4.519773266516406
43034,raw,horizon_40_80ms,3683,626,0.9384901672859789,2.5518272841658693,3.7987378512831587,0.0,0.13387207969033077,0.9182403158084407,2.5355264731957714,4.124512853025724,0.9182403158084407,2.5355264731957714,4.124512853025724,2.5355264731957714
43034,ema_0.25,all,5064,870,1.4517689924690276,4.047355237019642,6.264659840773417,22.92654028436019,0.3301341973546993,0.783749261434028,1.9553019870553272,3.0548189612506707,0.783749261434028,1.9553019870553272,3.0548189612506707,1.9553019870553272
43034,ema_0.5,all,5064,870,0.9565038082742974,2.8714918194991617,4.454579055824546,32.91864139020537,0.17425044884718446,0.6545121159608775,1.832084355993497,2.7253677642189347,0.6545121159608775,1.832084355993497,2.7253677642189347,1.832084355993497
43034,ema_0.75,all,5064,870,0.8163761376828086,2.4312821422450983,3.938860527831281,40.60031595576619,0.13092136645181168,0.6574735287849,1.9342076262301835,3.266666284713608,0.6574735287849,1.9342076262301835,3.266666284713608,1.9342076262301835
43034,bounded_acceleration,all,5064,870,0.7007419435137645,2.1410954167193914,3.592828225672948,51.362559241706165,0.03576540497740586,0.8399369686793048,2.692480433394165,4.242285472399181,0.8399369686793048,2.692480433394165,4.242285472399181,2.692480433394165
43034,bounded_acceleration,speed_lt_0.01,835,146,0.10808676746681126,0.35934634652570363,1.126398491317349,0.0,0.0363764925163333,0.1785996565457709,0.6063422513960461,0.8543863329773271,0.1785996565457709,0.6063422513960461,0.8543863329773271,0.6063422513960461
43034,bounded_acceleration,speed_ge_0.05,3731,638,0.8468867089943476,2.2740557340398366,3.925063202881917,63.25381935138032,-0.007323313084826573,1.0279121096885566,2.889142165172713,4.242888594099375,1.0279121096885566,2.889142165172713,4.242888594099375,2.889142165172713
43034,bounded_acceleration,speed_ge_0.2,2547,437,0.9150799695481028,2.289916453496085,3.547881199604132,61.8767177071064,-0.07785291820344217,1.1551091151970174,2.9446813756403953,4.261494092181926,1.1551091151970174,2.9446813756403953,4.261494092181926,2.9446813756403953
43034,bounded_acceleration,speed_ge_0.4,852,146,1.0582932872370057,2.629257786737443,3.8053012401366617,52.347417840375584,-0.4096050812458512,1.1638683637606775,3.2288893569918886,4.411540912167918,1.1638683637606775,3.2288893569918886,4.411540912167918,3.2288893569918886
43034,bounded_acceleration,accel_lt_0.5,1472,254,0.2103745133914156,1.2925989564352818,1.97013601772837,27.717391304347828,0.016433318517944075,0.24884376479148707,0.6537214572701066,0.8856781386024685,0.24884376479148707,0.6537214572701066,0.8856781386024685,0.6537214572701066
43034,bounded_acceleration,accel_ge_2,594,102,1.281344968339233,3.474346988448752,5.832752109044151,50.0,0.3565862685519552,2.5231673025399584,4.515087883127787,6.744077242828341,2.5231673025399584,4.515087883127787,6.744077242828341,4.515087883127787
43034,bounded_acceleration,reversal,137,22,1.438316084448681,5.9876399253815995,7.071358872773352,60.58394160583942,1.558534394785967,1.4621983440326827,4.228803756113415,4.584859831230319,1.4621983440326827,4.228803756113415,4.584859831230319,4.228803756113415
43034,bounded_acceleration,horizon_40_80ms,3683,626,0.8466959095138387,2.2647468577926992,3.9369153398245444,52.1314146076568,0.04442290086660971,0.9964331496923757,2.908906418707878,4.310414154137696,0.9964331496923757,2.908906418707878,4.310414154137696,2.908906418707878
43034,abg_0.5_0.1_0,all,5064,870,2.349661143058275,6.142570333964103,9.61178338999454,16.311216429699844,0.5486554514011485,0.8951824228662005,2.1321130634510403,3.399711724291942,0.8951824228662005,2.1321130634510403,3.399711724291942,2.1321130634510403
43034,abg_0.8_0.2_0,all,5064,870,1.5996176270769424,4.355814487323605,6.779753490206665,21.346761453396525,0.3534213437817924,0.8063743374615886,1.933078770726996,3.1485779137178027,0.8063743374615886,1.933078770726996,3.1485779137178027,1.933078770726996
43034,abg_1.0_0.5_0,all,5064,870,0.9565036181083084,2.871491514421671,4.454578127800605,32.91864139020537,0.17425067789245743,0.6545120536744331,1.8320846073526875,2.7253681469497817,0.6545120536744331,1.8320846073526875,2.7253681469497817,1.8320846073526875
43034,abg_0.5_0.1_0.01,all,5064,870,1.8858697863284022,6.3493860031131515,9.89638576622525,15.343601895734595,-0.20191752512262104,0.7353496284519494,2.4458753249251735,3.6905489352003094,0.7353496284519494,2.4458753249251735,3.6905489352003094,2.4458753249251735
43034,abg_0.8_0.3_0.05,all,5064,870,0.879525348975579,3.0805360864884603,4.890756165469821,42.851500789889414,-0.059347542582765006,0.5912311779013448,1.9589714264928442,3.055548800420749,0.5912311779013448,1.9589714264928442,3.055548800420749,1.9589714264928442
43034,abg_1.0_0.5_0.1,all,5064,870,0.7181962430962892,2.4222368055882875,4.241119020551839,53.04107424960506,-0.036811230617749054,0.6402596081357486,2.040161354459341,3.7675242548025736,0.6402596081357486,2.040161354459341,3.7675242548025736,2.040161354459341
43034,acc_decay_2ms_cap0,all,5064,870,0.7162934888681824,2.167552483651471,3.693880045252947,63.80331753554502,0.032462944563806155,6.798699777552591e-14,2.498001805406602e-13,3.387999773988765e-13,0.8269934264966854,2.649190029687137,4.17968207068428,2.650910874505125
43034,acc_decay_2ms_cap5,all,5064,870,0.7162934888681824,2.167552483651471,3.693880045252947,63.80331753554502,0.032462944563806155,6.798699777552591e-14,2.516953059166223e-13,3.768116717101326e-13,0.8269934264966854,2.649190029687137,4.17968207068428,2.650910874505125
43034,acc_decay_4ms_cap0,all,5064,870,0.7344447402928078,2.1777258262534636,3.7791476098958734,61.808846761453395,0.032159939863294545,7.47341745035227e-14,2.4851983387743424e-13,3.4429529988784263e-13,0.7295932030735829,2.312072176292106,3.6483810874564075,2.357928159551097
43034,acc_decay_4ms_cap5,all,5064,870,0.7344447402928078,2.1777258262534636,3.7791476098958734,61.808846761453395,0.032260796778062754,7.631153269915407e-14,2.498001805406602e-13,3.7751664318895326e-13,0.7295932030735829,2.312072176292106,3.6483810874564075,2.357928159551097
43034,acc_decay_4ms_cap5,speed_lt_0.01,835,146,0.0998587436726246,0.3663018924555603,1.1287858612218857,74.37125748502994,0.03486275684238493,3.229241591749763e-15,1.422579022190209e-14,3.773872134123852e-14,0.15170291957602589,0.5272583953605849,0.7315229692523326,0.5310016188641744
43034,acc_decay_4ms_cap5,speed_ge_0.05,3731,638,0.8901976378392372,2.3431434283731987,4.11676072430227,60.41275797373359,-0.009454067986486313,1.0148426940595302e-13,2.618455766672135e-13,3.8943137348746165e-13,0.8921080158691392,2.5026656492696793,3.6667746649969435,2.530153825340726
43034,acc_decay_4ms_cap5,speed_ge_0.2,2547,437,0.9492622619893641,2.347133149251761,3.4710460819310267,61.44483706321162,-0.09327239926637468,1.2412670766236365e-13,2.8305244335018377e-13,4.071595236627135e-13,1.006137261081396,2.5317941408196702,3.6673494642950843,2.5787920500412387
43034,acc_decay_4ms_cap5,speed_ge_0.4,852,146,1.0687437639458999,2.632690159528434,3.791599881839766,54.694835680751176,-0.36666609370790965,1.3158301088337092e-13,3.289157436067126e-13,4.1879539411653276e-13,1.0213918347960325,2.7529556282300085,3.8040065564161623,2.8276859673697814
43034,acc_decay_4ms_cap5,accel_lt_0.5,1472,254,0.20936167499071184,1.2846573480711156,2.0180906865359165,66.9836956521739,0.00672710705459707,1.3918379446411018e-14,2.3337272818266223e-13,3.3991510934347225e-13,0.2136854675796233,0.5396721270034031,0.733343839297475,0.5724937546368517
43034,acc_decay_4ms_cap5,accel_ge_2,594,102,1.2339765867198966,3.497758679666503,5.965948565243834,55.218855218855225,0.30471565517453325,9.462158253297547e-14,2.8944050308799817e-13,1.7473980060232515,2.1769230767809953,4.001003154663919,5.909004784129607,3.9540687948674664
43034,acc_decay_4ms_cap5,reversal,137,22,1.4650533542876039,6.083845902091587,7.491897100570622,57.66423357664233,1.5925472530877507,2.6744668718501824e-14,1.0844513223017477e-13,1.2090617013860474e-13,1.2367797230900157,3.97996860691184,4.143534582386149,3.703356701904037
43034,acc_decay_4ms_cap5,horizon_40_80ms,3683,626,0.8707921572263727,2.342388989587957,4.43234425756552,63.182188433342375,0.03361149755480701,7.850462293418876e-14,2.532380844587001e-13,3.917008459252729e-13,0.8688332457175022,2.524449541282251,3.882958774441814,2.5474622853708224
43034,acc_decay_8ms_cap0,all,5064,870,0.7849188470689382,2.2982756891941887,3.8597258042773603,55.54897314375987,0.0334004646360278,7.47341745035227e-14,2.498001805406602e-13,3.5752705552482575e-13,0.5153234839634666,1.6421234110487797,2.6325270720651757,1.7433885246361533
43034,acc_decay_8ms_cap5,all,5064,870,0.7849188470689382,2.2982756891941887,3.8597258042773603,55.54897314375987,0.03376565631003568,7.47341745035227e-14,2.5438405243138007e-13,4.021472714490098e-13,0.5153234839634666,1.6421234110487797,2.6325270720651757,1.7433885246361533
43034,acc_decay_12ms_cap0,all,5064,870,0.834361700670473,2.4626433839202826,4.1015972566882235,48.992890995260666,0.03554113071451995,7.47341745035227e-14,2.482534153247273e-13,3.364346013628365e-13,0.42547434710442833,1.2932492497434513,2.0665710823356553,1.3489225982299835
43034,acc_decay_12ms_cap5,all,5064,870,0.834361700670473,2.4626433839202826,4.1015972566882235,48.992890995260666,0.03601017458369281,7.850462293418876e-14,2.5438405243138007e-13,4.005806338398214e-13,0.42547434710442833,1.2932492497434513,2.0665710823356553,1.3489225982299835
43034,decay_2ms_cap0,all,5064,870,0.8102234627535929,2.3971340962662087,3.691467356190084,44.05608214849921,0.11423931194373564,6.206335383118183e-14,2.482534153247273e-13,3.188872858294072e-13,0.7575893605201439,2.35631767992876,3.7081651833474787,2.356322575563541
43034,decay_2ms_cap5,all,5064,870,0.8102234627535929,2.3971340962662087,3.691467356190084,44.05608214849921,0.11423931194373564,6.206335383118183e-14,2.5438405243138007e-13,3.3021042622769143e-13,0.7575893605201439,2.35631767992876,3.7081651833474787,2.356322575563541
43034,decay_4ms_cap0,all,5064,870,0.842623856117353,2.5180388950552652,3.7734959178649174,40.79778830963665,0.12087857251114444,6.206335383118183e-14,2.419674984566563e-13,3.196333723278612e-13,0.6791213840017692,2.079511382591731,3.255616958724813,2.0958982089296283
43034,decay_4ms_cap5,all,5064,870,0.842623856117353,2.5180388950552652,3.7734959178649174,40.79778830963665,0.12087857251114444,6.206335383118183e-14,2.428401774737874e-13,3.4000405344537303e-13,0.6791213840017692,2.079511382591731,3.255616958724813,2.0958982089296283
43034,decay_8ms_cap0,all,5064,870,0.9298726568465324,2.678301350407671,4.168393520512473,35.11058451816746,0.1382943916130184,6.206335383118183e-14,2.419674984566563e-13,3.188872858294072e-13,0.5114892851938028,1.5179202549754611,2.444559843745618,1.5496506420064147
43034,decay_8ms_cap5,all,5064,870,0.9298726568465324,2.678301350407671,4.168393520512473,35.11058451816746,0.13844645802098665,6.206335383118183e-14,2.5001203895377813e-13,3.649432632019245e-13,0.5114892851938028,1.5179202549754611,2.444559843745618,1.5496506420064147
43034,decay_12ms_cap0,all,5064,870,1.0437645406402751,2.8685368578787873,4.563951857796781,31.00315955766193,0.15982817922507872,6.206335383118183e-14,2.5102956936422714e-13,3.282281303941478e-13,0.42165121171882236,1.2152993928050357,1.9656996365719002,1.1990206089031865
43034,decay_12ms_cap5,all,5064,870,1.0437645406402751,2.8685368578787873,4.563951857796781,31.00315955766193,0.16001735409659174,6.206335383118183e-14,2.60827331833822e-13,3.6271694172686404e-13,0.42165121171882236,1.2152993928050357,1.9656996365719002,1.1990206089031865
43034,decay_16ms_cap0,all,5064,870,1.1535418722244495,3.1396992055455666,5.040126000606288,27.3696682464455,0.18599382341016985,6.206335383118183e-14,2.461387628390206e-13,3.2037391148394424e-13,0.39446138326488134,1.0931880538559793,1.7250836090085804,0.9723513048436176
43034,decay_16ms_cap5,all,5064,870,1.1535418722244495,3.1396992055455666,5.040126000606288,27.3696682464455,0.18601578357455778,6.206335383118183e-14,2.581334850664777e-13,3.5752705552482575e-13,0.39446138326488134,1.0931880538559793,1.7250836090085804,0.9723513048436176
