pid,phase,regime,model,n,median_mm,p95_mm,p99_mm,max_mm,along_median_mm,along_mean_mm,win_pct
3250,full,all,raw,8197,0.8857442701439028,2.2594441765633326,3.1363484774568846,5.429978655925117,0.0690294845579054,0.1131495665290482,0.0
3250,full,speed_lt_0.01,raw,21,1.1485710330782657,2.3006842166668164,2.3006842166668164,2.3006842166668164,1.1467729221910141,0.9819472439051035,0.0
3250,full,speed_ge_0.05,raw,7234,0.8478291899035943,2.167214605465767,3.049778827359322,5.429978655925117,-0.026766799674279956,0.010306261516999248,0.0
3250,full,speed_ge_0.2,raw,1328,1.0849617710192874,2.374805474613831,2.874638140812873,3.4906676114632855,-0.2690484383081181,-0.19259063419862904,0.0
3250,full,accel_lt_0.5,raw,3607,0.7913012070481908,1.8870668101093448,2.8608425754659454,5.429978655925117,0.000978565648310475,0.02133978408478442,0.0
3250,full,accel_ge_2,raw,136,0.9492790553178488,2.7641137232580517,3.275057296735645,3.4906676114632855,0.0008078238568346194,-0.0012535090217695851,0.0
3250,full,reversal,raw,173,2.126318010178148,3.744221594548849,4.319297212169244,4.588280254316671,1.5679435216692617,1.6465438992336079,0.0
3250,full,horizon_40_80ms,raw,8173,0.8859508476777322,2.2588279162237543,3.1363484774568846,5.429978655925117,0.06763245397435566,0.11104191184813049,0.0
3250,validation,all,raw,8197,0.8857442701439028,2.2594441765633326,3.1363484774568846,5.429978655925117,0.0690294845579054,0.1131495665290482,0.0
3250,validation,speed_lt_0.01,raw,21,1.1485710330782657,2.3006842166668164,2.3006842166668164,2.3006842166668164,1.1467729221910141,0.9819472439051035,0.0
3250,validation,speed_ge_0.05,raw,7234,0.8478291899035943,2.167214605465767,3.049778827359322,5.429978655925117,-0.026766799674279956,0.010306261516999248,0.0
3250,validation,speed_ge_0.2,raw,1328,1.0849617710192874,2.374805474613831,2.874638140812873,3.4906676114632855,-0.2690484383081181,-0.19259063419862904,0.0
3250,validation,accel_lt_0.5,raw,3607,0.7913012070481908,1.8870668101093448,2.8608425754659454,5.429978655925117,0.000978565648310475,0.02133978408478442,0.0
3250,validation,accel_ge_2,raw,136,0.9492790553178488,2.7641137232580517,3.275057296735645,3.4906676114632855,0.0008078238568346194,-0.0012535090217695851,0.0
3250,validation,reversal,raw,173,2.126318010178148,3.744221594548849,4.319297212169244,4.588280254316671,1.5679435216692617,1.6465438992336079,0.0
3250,validation,horizon_40_80ms,raw,8173,0.8859508476777322,2.2588279162237543,3.1363484774568846,5.429978655925117,0.06763245397435566,0.11104191184813049,0.0
3250,full,all,ema_0.1,8197,1.90739544801968,6.123002331028538,8.08088626828621,11.367551048085694,0.20683543075725072,0.8582980658715389,12.63877028181042
3250,validation,all,ema_0.1,8197,1.90739544801968,6.123002331028538,8.08088626828621,11.367551048085694,0.20683543075725072,0.8582980658715389,12.63877028181042
3250,full,all,ema_0.25,8197,1.3541272073224597,3.6577571562388154,4.835610144325101,6.992863658701415,0.11941865475496116,0.3846747581249517,17.75039648651946
3250,full,speed_lt_0.01,ema_0.25,21,2.4607356554890187,4.2650223162171885,4.2650223162171885,4.2650223162171885,2.367054748712496,1.8667171706527277,33.33333333333333
3250,full,speed_ge_0.05,ema_0.25,7234,1.2687919900527553,3.469092916025911,4.834666494016163,6.992863658701415,-0.010808800934055809,0.21235443929674247,18.730992535250206
3250,full,speed_ge_0.2,ema_0.25,1328,1.6216070057474141,3.3140090823466277,3.9912649443789787,4.661258055534694,0.027064778560600484,0.24390796125342268,23.64457831325301
3250,full,accel_lt_0.5,ema_0.25,3607,1.072786840885902,3.0178262876274022,4.4690701880086845,6.189768856377517,0.052234021074323234,0.19589695235363078,22.068200720820627
3250,full,accel_ge_2,ema_0.25,136,2.458951078955348,4.62504204868098,5.352052915912617,5.370621320951206,0.9382294662523023,1.0204931855966015,2.941176470588235
3250,full,reversal,ema_0.25,173,2.930302443922813,4.537037585267632,4.967396178622168,5.300092644050739,2.2436111113022026,2.321861319445992,9.248554913294797
3250,full,horizon_40_80ms,ema_0.25,8173,1.3541272073224597,3.655177576046406,4.835610144325101,6.992863658701415,0.1174470905608858,0.3817734027822665,17.704637220115014
3250,validation,all,ema_0.25,8197,1.3541272073224597,3.6577571562388154,4.835610144325101,6.992863658701415,0.11941865475496116,0.3846747581249517,17.75039648651946
3250,validation,speed_lt_0.01,ema_0.25,21,2.4607356554890187,4.2650223162171885,4.2650223162171885,4.2650223162171885,2.367054748712496,1.8667171706527277,33.33333333333333
3250,validation,speed_ge_0.05,ema_0.25,7234,1.2687919900527553,3.469092916025911,4.834666494016163,6.992863658701415,-0.010808800934055809,0.21235443929674247,18.730992535250206
3250,validation,speed_ge_0.2,ema_0.25,1328,1.6216070057474141,3.3140090823466277,3.9912649443789787,4.661258055534694,0.027064778560600484,0.24390796125342268,23.64457831325301
3250,validation,accel_lt_0.5,ema_0.25,3607,1.072786840885902,3.0178262876274022,4.4690701880086845,6.189768856377517,0.052234021074323234,0.19589695235363078,22.068200720820627
3250,validation,accel_ge_2,ema_0.25,136,2.458951078955348,4.62504204868098,5.352052915912617,5.370621320951206,0.9382294662523023,1.0204931855966015,2.941176470588235
3250,validation,reversal,ema_0.25,173,2.930302443922813,4.537037585267632,4.967396178622168,5.300092644050739,2.2436111113022026,2.321861319445992,9.248554913294797
3250,validation,horizon_40_80ms,ema_0.25,8173,1.3541272073224597,3.655177576046406,4.835610144325101,6.992863658701415,0.1174470905608858,0.3817734027822665,17.704637220115014
3250,full,all,ema_0.5,8197,1.0517246640315354,2.7201826418765913,3.716959414276367,6.013345868005059,0.08580500185712168,0.22213294190660088,25.082347200195194
3250,validation,all,ema_0.5,8197,1.0517246640315354,2.7201826418765913,3.716959414276367,6.013345868005059,0.08580500185712168,0.22213294190660088,25.082347200195194
3250,full,all,ema_0.75,8197,0.9373142990365455,2.3640635312843976,3.3322955840483153,5.642766274222456,0.08905248411747764,0.15722178554736213,30.084177137977306
3250,validation,all,ema_0.75,8197,0.9373142990365455,2.3640635312843976,3.3322955840483153,5.642766274222456,0.08905248411747764,0.15722178554736213,30.084177137977306
3250,full,all,acc_0.1_0.25,8197,0.8616196541505798,2.137161700212312,3.0464236009439873,5.427828235492094,0.04686479478516974,0.06330970349964604,56.801268756862264
3250,validation,all,acc_0.1_0.25,8197,0.8616196541505798,2.137161700212312,3.0464236009439873,5.427828235492094,0.04686479478516974,0.06330970349964604,56.801268756862264
3250,full,all,acc_0.1_0.5,8197,0.8542274545166336,2.0998490112898116,3.0675989324971984,5.554358277161353,0.019306348170573712,0.013469840470243816,54.06856166890326
3250,validation,all,acc_0.1_0.5,8197,0.8542274545166336,2.0998490112898116,3.0675989324971984,5.554358277161353,0.019306348170573712,0.013469840470243816,54.06856166890326
3250,full,all,acc_0.1_1.0,8197,0.8848440174940737,2.194218150918341,3.28641833393118,6.303726997669856,-0.05702450407240311,-0.08620988558856107,48.37135537391728
3250,validation,all,acc_0.1_1.0,8197,0.8848440174940737,2.194218150918341,3.28641833393118,6.303726997669856,-0.05702450407240311,-0.08620988558856107,48.37135537391728
3250,full,all,acc_0.25_0.25,8197,0.8570026513993398,2.1117678514182336,3.0441806260200597,5.548668504982961,0.042546467617741536,0.05868401218127652,58.66780529461998
3250,validation,all,acc_0.25_0.25,8197,0.8570026513993398,2.1117678514182336,3.0441806260200597,5.548668504982961,0.042546467617741536,0.05868401218127652,58.66780529461998
3250,full,all,acc_0.25_0.5,8197,0.850037058664135,2.0966728501632477,3.103677145206708,6.17398351584615,0.008972464910604584,0.004218457833505149,54.67854092960839
3250,validation,all,acc_0.25_0.5,8197,0.850037058664135,2.0966728501632477,3.103677145206708,6.17398351584615,0.008972464910604584,0.004218457833505149,54.67854092960839
3250,full,all,acc_0.25_1.0,8197,0.9353503714016199,2.328299681085122,3.4917612430564,7.761954773466063,-0.0694088310864071,-0.10471265086203652,45.91923874588264
3250,validation,all,acc_0.25_1.0,8197,0.9353503714016199,2.328299681085122,3.4917612430564,7.761954773466063,-0.0694088310864071,-0.10471265086203652,45.91923874588264
3250,full,all,acc_0.5_0.25,8197,0.8528009607377518,2.0930238877339478,3.0759121467719286,5.650275958885601,0.0375008206858068,0.04761861699727708,58.789801146761015
3250,validation,all,acc_0.5_0.25,8197,0.8528009607377518,2.0930238877339478,3.0759121467719286,5.650275958885601,0.0375008206858068,0.04761861699727708,58.789801146761015
3250,full,all,acc_0.5_0.5,8197,0.8608011485895614,2.16466058371673,3.1258200806479715,6.51588574334766,0.00821408690316152,-0.017912332534494185,52.141027205075034
3250,validation,all,acc_0.5_0.5,8197,0.8608011485895614,2.16466058371673,3.1258200806479715,6.51588574334766,0.00821408690316152,-0.017912332534494185,52.141027205075034
3250,full,all,acc_0.5_1.0,8197,1.0239970310222608,2.6565786280729955,3.9534120224922393,8.447736745624624,-0.12618084108646788,-0.1489742315980365,39.29486397462486
3250,validation,all,acc_0.5_1.0,8197,1.0239970310222608,2.6565786280729955,3.9534120224922393,8.447736745624624,-0.12618084108646788,-0.1489742315980365,39.29486397462486
3250,full,all,acc_1.0_0.25,8197,0.8854601133233804,2.2216420179958702,3.183807258158789,5.68062233578205,0.033910299710047255,0.013935209546274797,52.934000243991704
3250,validation,all,acc_1.0_0.25,8197,0.8854601133233804,2.2216420179958702,3.183807258158789,5.68062233578205,0.033910299710047255,0.013935209546274797,52.934000243991704
3250,full,all,acc_1.0_0.5,8197,0.9877341638880851,2.659157873508248,3.8963208835041097,7.0486950401023085,-0.03284453365539057,-0.08527914743649818,42.64974990850311
3250,validation,all,acc_1.0_0.5,8197,0.9877341638880851,2.659157873508248,3.8963208835041097,7.0486950401023085,-0.03284453365539057,-0.08527914743649818,42.64974990850311
3250,full,all,acc_1.0_1.0,8197,1.3778300883890844,4.1010716764050095,6.252582282182505,11.409257306374665,-0.18648444640843706,-0.283707861402045,25.997316091252898
3250,validation,all,acc_1.0_1.0,8197,1.3778300883890844,4.1010716764050095,6.252582282182505,11.409257306374665,-0.18648444640843706,-0.283707861402045,25.997316091252898
3250,full,all,guard_acc_0.25_0.25_2.0,8197,0.8569934753873805,2.1131779244044546,3.028653481311112,5.548668504982961,0.04254646776644227,0.059438871695432896,58.59460778333536
3250,validation,all,guard_acc_0.25_0.25_2.0,8197,0.8569934753873805,2.1131779244044546,3.028653481311112,5.548668504982961,0.04254646776644227,0.059438871695432896,58.59460778333536
3250,full,all,guard_acc_0.25_0.5_2.0,8197,0.8518010053385908,2.09290469616666,3.075464115402596,6.17398351584615,0.008830720783238133,0.005728176861817783,54.580944247895566
3250,validation,all,guard_acc_0.25_0.5_2.0,8197,0.8518010053385908,2.09290469616666,3.075464115402596,6.17398351584615,0.008830720783238133,0.005728176861817783,54.580944247895566
3250,full,all,guard_acc_0.25_0.25_4.0,8197,0.8574639778905224,2.1131784852902893,3.0441806260200597,5.548668504982961,0.042546467617741536,0.05914007437335289,58.49701110162254
3250,validation,all,guard_acc_0.25_0.25_4.0,8197,0.8574639778905224,2.1131784852902893,3.0441806260200597,5.548668504982961,0.042546467617741536,0.05914007437335289,58.49701110162254
3250,full,all,guard_acc_0.25_0.5_4.0,8197,0.8504317866422149,2.097480451294472,3.103677145206708,6.17398351584615,0.008972464910604584,0.0051305822176577805,54.507746736610954
3250,validation,all,guard_acc_0.25_0.5_4.0,8197,0.8504317866422149,2.097480451294472,3.103677145206708,6.17398351584615,0.008972464910604584,0.0051305822176577805,54.507746736610954
3250,full,all,guard_acc_0.5_0.25_2.0,8197,0.852715589286823,2.093491329564236,3.0472558666614455,5.650275958885601,0.03930275605084065,0.04872419257028097,58.545809442478955
3250,validation,all,guard_acc_0.5_0.25_2.0,8197,0.852715589286823,2.093491329564236,3.0472558666614455,5.650275958885601,0.03930275605084065,0.04872419257028097,58.545809442478955
3250,full,all,guard_acc_0.5_0.5_2.0,8197,0.8596125341723917,2.1585492255462646,3.1138138966585074,6.51588574334766,0.00821408690316152,-0.015701181388486397,52.0312309381481
3250,validation,all,guard_acc_0.5_0.5_2.0,8197,0.8596125341723917,2.1585492255462646,3.1138138966585074,6.51588574334766,0.00821408690316152,-0.015701181388486397,52.0312309381481
3250,full,all,guard_acc_0.5_0.25_4.0,8197,0.8528009607377518,2.093491329564236,3.0759121467719286,5.650275958885601,0.0375008206858068,0.04822393224537664,58.619006953763574
3250,validation,all,guard_acc_0.5_0.25_4.0,8197,0.8528009607377518,2.093491329564236,3.0759121467719286,5.650275958885601,0.0375008206858068,0.04822393224537664,58.619006953763574
3250,full,all,guard_acc_0.5_0.5_4.0,8197,0.8610597353015743,2.1654011368844954,3.1258200806479715,6.51588574334766,0.00821408690316152,-0.016701702038295078,51.97023301207759
3250,validation,all,guard_acc_0.5_0.5_4.0,8197,0.8610597353015743,2.1654011368844954,3.1258200806479715,6.51588574334766,0.00821408690316152,-0.016701702038295078,51.97023301207759
3250,full,all,ls1_3,8197,0.9854241570684675,2.4807510008414804,3.45993831352571,5.601314959993329,0.09172442173957095,0.19579550417411373,27.924850555081125
3250,validation,all,ls1_3,8197,0.9854241570684675,2.4807510008414804,3.45993831352571,5.601314959993329,0.09172442173957095,0.19579550417411373,27.924850555081125
3250,full,all,ls2_3,8197,1.377833447503369,4.1010632287903075,6.252589102903389,11.409244319484303,-0.1864830124414933,-0.2837072911487398,25.997316091252898
3250,validation,all,ls2_3,8197,1.377833447503369,4.1010632287903075,6.252589102903389,11.409244319484303,-0.1864830124414933,-0.2837072911487398,25.997316091252898
3250,full,all,ls2_3_damped_0.25,8197,0.8854618694397713,2.2216400735727975,3.1838055575291393,5.680616975427589,0.03391050634886588,0.013935352109600806,52.934000243991704
3250,validation,all,ls2_3_damped_0.25,8197,0.8854618694397713,2.2216400735727975,3.1838055575291393,5.680616975427589,0.03391050634886588,0.013935352109600806,52.934000243991704
3250,full,all,ls2_3_damped_0.5,8197,0.9877308913998271,2.6591565293432007,3.896322844911908,7.048688268548427,-0.03283829337334496,-0.08527886230984592,42.64974990850311
3250,validation,all,ls2_3_damped_0.5,8197,0.9877308913998271,2.6591565293432007,3.896322844911908,7.048688268548427,-0.03283829337334496,-0.08527886230984592,42.64974990850311
3250,full,all,ls1_4,8197,1.1049973898857746,2.8058977418664357,3.918746842863202,6.341506676512561,0.11386896439540652,0.2295998071231229,23.00841771379773
3250,validation,all,ls1_4,8197,1.1049973898857746,2.8058977418664357,3.918746842863202,6.341506676512561,0.11386896439540652,0.2295998071231229,23.00841771379773
3250,full,all,ls2_4,8197,1.0632837991960435,2.678500564530366,3.927860377640981,9.210701933845328,-0.05555756334027064,-0.05618880089955678,38.83127973648896
3250,validation,all,ls2_4,8197,1.0632837991960435,2.678500564530366,3.927860377640981,9.210701933845328,-0.05555756334027064,-0.05618880089955678,38.83127973648896
3250,full,all,ls2_4_damped_0.25,8197,0.8387323978466449,2.0570610909060907,2.9559745697288844,5.742643430619298,0.04222030728458414,0.07081497467189656,61.52250823472002
3250,validation,all,ls2_4_damped_0.25,8197,0.8387323978466449,2.0570610909060907,2.9559745697288844,5.742643430619298,0.04222030728458414,0.07081497467189656,61.52250823472002
3250,full,all,ls2_4_damped_0.5,8197,0.8568987617596271,2.091634723859241,3.0019393306468487,6.898112200783141,0.029296575382010023,0.0284803828147464,54.532145907039165
3250,validation,all,ls2_4_damped_0.5,8197,0.8568987617596271,2.091634723859241,3.0019393306468487,6.898112200783141,0.029296575382010023,0.0284803828147464,54.532145907039165
3250,full,all,ls1_5,8197,1.2046096115040557,3.0941462338551418,4.2524290565962755,6.717731816470937,0.12217749666568724,0.27787095920633265,19.848725143345124
3250,validation,all,ls1_5,8197,1.2046096115040557,3.0941462338551418,4.2524290565962755,6.717731816470937,0.12217749666568724,0.27787095920633265,19.848725143345124
3250,full,all,ls2_5,8197,1.0710656071217022,2.691702210761459,3.944927962642757,9.497471157889537,-0.08113312518444896,-0.0850244640317683,36.97694278394535
3250,validation,all,ls2_5,8197,1.0710656071217022,2.691702210761459,3.944927962642757,9.497471157889537,-0.08113312518444896,-0.0850244640317683,36.97694278394535
3250,full,all,ls2_5_damped_0.25,8197,0.8582760421388248,2.105242659135976,2.9975119647284947,5.858149656968839,0.04202602269748879,0.06360605888884371,59.28998414053922
3250,validation,all,ls2_5_damped_0.25,8197,0.8582760421388248,2.105242659135976,2.9975119647284947,5.858149656968839,0.04202602269748879,0.06360605888884371,59.28998414053922
3250,full,all,ls2_5_damped_0.5,8197,0.876381363176316,2.1476624479399296,3.1569718774468987,7.017451573373832,0.023251752712240545,0.0140625512486409,52.64121019885324
3250,validation,all,ls2_5_damped_0.5,8197,0.876381363176316,2.1476624479399296,3.1569718774468987,7.017451573373832,0.023251752712240545,0.0140625512486409,52.64121019885324
3250,full,all,ls1_7,8197,1.4023072923489885,3.6746381786764677,4.913776721190551,6.834149854914195,0.1357269564281213,0.35677713212860307,15.542271562766866
3250,validation,all,ls1_7,8197,1.4023072923489885,3.6746381786764677,4.913776721190551,6.834149854914195,0.1357269564281213,0.35677713212860307,15.542271562766866
3250,full,all,ls2_7,8197,1.1296522342912725,2.92132609603166,4.545706801026551,9.225242332931602,-0.0785266696025717,-0.04883137893562817,32.18250579480298
3250,validation,all,ls2_7,8197,1.1296522342912725,2.92132609603166,4.545706801026551,9.225242332931602,-0.0785266696025717,-0.04883137893562817,32.18250579480298
3250,full,all,ls2_7_damped_0.25,8197,0.8783423163969883,2.197570620303941,3.234692021588147,5.756689434840881,0.049273169477558575,0.07265433016287962,53.3487861412712
3250,validation,all,ls2_7_damped_0.25,8197,0.8783423163969883,2.197570620303941,3.234692021588147,5.756689434840881,0.049273169477558575,0.07265433016287962,53.3487861412712
3250,full,all,ls2_7_damped_0.5,8197,0.9196061129475709,2.2728203608033133,3.4539552660169046,6.894713835072292,0.020854902368035978,0.032159093796710926,45.992436257167256
3250,validation,all,ls2_7_damped_0.5,8197,0.9196061129475709,2.2728203608033133,3.4539552660169046,6.894713835072292,0.020854902368035978,0.032159093796710926,45.992436257167256
3250,full,all,ls1_9,8197,1.5630700696981852,4.24887750510993,5.453231217020665,7.441132231719208,0.14435463973456444,0.43269147381007583,13.639136269366842
3250,validation,all,ls1_9,8197,1.5630700696981852,4.24887750510993,5.453231217020665,7.441132231719208,0.14435463973456444,0.43269147381007583,13.639136269366842
3250,full,all,ls2_9,8197,1.2505013387445398,3.162912234352726,4.970552330413787,10.609905381938491,-0.03808468395816161,-0.02889555453908811,25.50933268268879
3250,validation,all,ls2_9,8197,1.2505013387445398,3.162912234352726,4.970552330413787,10.609905381938491,-0.03808468395816161,-0.02889555453908811,25.50933268268879
3250,full,all,ls2_9_damped_0.25,8197,0.9012054506831949,2.254350817926924,3.332142204032343,6.093969020293571,0.06166221288289127,0.07763828626201359,44.87007441746981
3250,validation,all,ls2_9_damped_0.25,8197,0.9012054506831949,2.254350817926924,3.332142204032343,6.093969020293571,0.06166221288289127,0.07763828626201359,44.87007441746981
3250,full,all,ls2_9_damped_0.5,8197,0.972162150817685,2.4528978136518993,3.723762035957135,7.403822285508574,0.0359468420823434,0.04212700599498033,38.660485543491525
3250,validation,all,ls2_9_damped_0.5,8197,0.972162150817685,2.4528978136518993,3.723762035957135,7.403822285508574,0.0359468420823434,0.04212700599498033,38.660485543491525
3250,full,all,bounded_acceleration,8197,0.8518010053385829,2.0929046961666806,3.0754641154025126,6.17398351584615,0.008830720783228765,0.005719884495982214,54.580944247895566
3250,full,speed_lt_0.01,bounded_acceleration,21,1.1485710330782657,2.3006842166668164,2.3006842166668164,2.3006842166668164,1.1467729221910141,0.9819472439051035,0.0
3250,full,speed_ge_0.05,bounded_acceleration,7234,0.8401714632745789,2.0530218950165215,3.0472991206131606,6.17398351584615,-0.0595586510498004,-0.07036482758813353,52.170306884158144
3250,full,speed_ge_0.2,bounded_acceleration,1328,1.1163097478586401,2.493459024837677,3.4014853650897945,4.17430079262076,-0.42486734096458456,-0.3610033844410277,43.29819277108434
3250,full,accel_lt_0.5,bounded_acceleration,3607,0.7713927041171311,1.7716858989607374,2.4098526627781736,5.192643303436352,-0.026691477221643053,-0.04876422005970459,53.64568893817577
3250,full,accel_ge_2,bounded_acceleration,136,1.1605848334737021,2.8569264630142834,3.605939402439182,3.856665476992399,-0.6192427445488218,-0.3855021679124564,26.47058823529412
3250,full,reversal,bounded_acceleration,173,1.706502375914375,4.066255652121365,5.351766071467792,6.17398351584615,1.291708025822758,1.371740552513132,80.34682080924856
3250,full,horizon_40_80ms,bounded_acceleration,8173,0.8521568704244571,2.0906046979787734,3.0754641154025126,6.17398351584615,0.006680408870501025,0.003865293848373207,54.58216077327786
3250,validation,all,bounded_acceleration,8197,0.8518010053385829,2.0929046961666806,3.0754641154025126,6.17398351584615,0.008830720783228765,0.005719884495982214,54.580944247895566
3250,validation,speed_lt_0.01,bounded_acceleration,21,1.1485710330782657,2.3006842166668164,2.3006842166668164,2.3006842166668164,1.1467729221910141,0.9819472439051035,0.0
3250,validation,speed_ge_0.05,bounded_acceleration,7234,0.8401714632745789,2.0530218950165215,3.0472991206131606,6.17398351584615,-0.0595586510498004,-0.07036482758813353,52.170306884158144
3250,validation,speed_ge_0.2,bounded_acceleration,1328,1.1163097478586401,2.493459024837677,3.4014853650897945,4.17430079262076,-0.42486734096458456,-0.3610033844410277,43.29819277108434
3250,validation,accel_lt_0.5,bounded_acceleration,3607,0.7713927041171311,1.7716858989607374,2.4098526627781736,5.192643303436352,-0.026691477221643053,-0.04876422005970459,53.64568893817577
3250,validation,accel_ge_2,bounded_acceleration,136,1.1605848334737021,2.8569264630142834,3.605939402439182,3.856665476992399,-0.6192427445488218,-0.3855021679124564,26.47058823529412
3250,validation,reversal,bounded_acceleration,173,1.706502375914375,4.066255652121365,5.351766071467792,6.17398351584615,1.291708025822758,1.371740552513132,80.34682080924856
3250,validation,horizon_40_80ms,bounded_acceleration,8173,0.8521568704244571,2.0906046979787734,3.0754641154025126,6.17398351584615,0.006680408870501025,0.003865293848373207,54.58216077327786
3250,full,all,abg_0.5_0.1_0,8197,1.8624948139587594,5.040548520417535,6.456167056947033,8.912953015730062,0.19155530870841522,0.5731532519151499,10.784433329266804
3250,validation,all,abg_0.5_0.1_0,8197,1.8624948139587594,5.040548520417535,6.456167056947033,8.912953015730062,0.19155530870841522,0.5731532519151499,10.784433329266804
3250,full,all,abg_0.8_0.2_0,8197,1.4390292573315602,3.8763167312706006,5.084496556038501,7.235434145886907,0.1264460795080223,0.4106832575788415,16.00585580090277
3250,validation,all,abg_0.8_0.2_0,8197,1.4390292573315602,3.8763167312706006,5.084496556038501,7.235434145886907,0.1264460795080223,0.4106832575788415,16.00585580090277
3250,full,all,abg_1.0_0.5_0,8197,1.0517250002097767,2.720182471515448,3.7169596604453736,6.0133447374428775,0.08580422270039856,0.22213311343648084,25.082347200195194
3250,validation,all,abg_1.0_0.5_0,8197,1.0517250002097767,2.720182471515448,3.7169596604453736,6.0133447374428775,0.08580422270039856,0.22213311343648084,25.082347200195194
3250,full,all,abg_0.5_0.1_0.01,8197,2.052424737454459,4.722765204393742,6.89053140182896,10.287041590396697,-0.04660109095551055,-0.020491567688877263,12.431377333170673
3250,validation,all,abg_0.5_0.1_0.01,8197,2.052424737454459,4.722765204393742,6.89053140182896,10.287041590396697,-0.04660109095551055,-0.020491567688877263,12.431377333170673
3250,full,all,abg_0.8_0.3_0.05,8197,1.3081227837208758,3.4411841353597663,5.635479101538369,10.729351786788653,-0.039037736871902345,-0.013872030742199974,25.326338904477247
3250,validation,all,abg_0.8_0.3_0.05,8197,1.3081227837208758,3.4411841353597663,5.635479101538369,10.729351786788653,-0.039037736871902345,-0.013872030742199974,25.326338904477247
3250,full,all,abg_1.0_0.5_0.1,8197,1.1119241194408875,2.853470296126296,4.653861250787359,9.121796354755341,-0.06814600787053411,-0.051342428973526186,33.82944979870685
3250,validation,all,abg_1.0_0.5_0.1,8197,1.1119241194408875,2.853470296126296,4.653861250787359,9.121796354755341,-0.06814600787053411,-0.051342428973526186,33.82944979870685
38153,full,all,raw,6709,0.9868994271880821,3.836692727400786,5.843234087972951,9.807583232179516,0.0,0.11514726768181625,0.0
38153,full,speed_lt_0.01,raw,1139,0.04039178216771172,0.13094508929414986,1.2310048737249393,5.401878915972151,0.0,0.056684651358475134,0.0
38153,full,speed_ge_0.05,raw,5102,1.177686853630966,4.084022444816354,6.1365749729087415,9.807583232179516,-0.09402885746628932,0.06073626015714736,0.0
38153,full,speed_ge_0.2,raw,2978,1.322637169669309,4.494791913349192,6.435145736215389,9.807583232179516,-0.12795201436662063,-0.04593658097584897,0.0
38153,full,speed_ge_0.4,raw,423,2.9125908588110496,6.414108544619411,8.272975727178506,9.807583232179516,0.25988510229050676,0.036186299393280094,0.0
38153,full,accel_lt_0.5,raw,2153,0.12278932826725669,1.6710365528683269,2.564956717613396,6.447746677044294,0.0,0.011371703679698189,0.0
38153,full,accel_ge_2,raw,578,2.8687897908442466,6.447718646568061,7.814714514094266,9.807583232179516,0.45893582849555936,0.798254552304213,0.0
38153,full,reversal,raw,102,1.770196896580603,6.989427324359788,8.373355315860428,8.38642121007415,1.6408194015758406,2.430288029873689,0.0
38153,full,horizon_40_80ms,raw,6683,0.9914309733476906,3.8412582636505963,5.84439025843239,9.807583232179516,0.0,0.11623643656432593,0.0
38153,development,all,raw,4175,1.060855800143625,4.520061819806134,6.503117456296656,9.807583232179516,0.0,0.19084055221507723,0.0
38153,development,speed_lt_0.01,raw,1139,0.04039178216771172,0.13094508929414986,1.2310048737249393,5.401878915972151,0.0,0.056684651358475134,0.0
38153,development,speed_ge_0.05,raw,2796,1.4697846449285492,4.956441380952688,6.631076286312304,9.807583232179516,-0.024859898434607064,0.1658841912742998,0.0
38153,development,speed_ge_0.2,raw,2034,1.5740287311221146,5.037992356115119,6.571454286904795,9.807583232179516,-0.1632097318023113,-0.035741370618697844,0.0
38153,development,speed_ge_0.4,raw,423,2.9125908588110496,6.414108544619411,8.272975727178506,9.807583232179516,0.25988510229050676,0.036186299393280094,0.0
38153,development,accel_lt_0.5,raw,1505,0.0524099974649699,1.7081123156133,2.5953168806758082,6.447746677044294,0.0,0.0005001135559724164,0.0
38153,development,accel_ge_2,raw,544,3.016132586421845,6.503117456296656,7.814714514094266,9.807583232179516,0.5030881089884389,0.8241726234972295,0.0
38153,development,reversal,raw,78,3.0409822000543154,7.007347933027354,8.38642121007415,8.38642121007415,2.542521038672847,2.903844066262203,0.0
38153,development,horizon_40_80ms,raw,4149,1.0655940591698747,4.520227238284518,6.503117456296656,9.807583232179516,0.0,0.19306926781875935,0.0
38153,validation,all,raw,2510,0.9320687129462291,1.9786955559812809,2.5400935738073387,3.3675028559488194,-0.04366857642017877,-0.016842032641897653,0.0
38153,validation,speed_ge_0.05,raw,2282,0.9265525025967752,1.9994845611245378,2.544808199204884,3.3675028559488194,-0.14909445569489377,-0.07536065503580074,0.0
38153,validation,speed_ge_0.2,raw,920,0.8959615692637053,2.0086739499664494,2.5228892291250147,2.999811012300615,-0.06950166055971471,-0.08928087567192126,0.0
38153,validation,accel_lt_0.5,raw,636,0.8507077577080651,1.6514702622494117,2.02563485448761,2.163996193381433,0.10774985414051147,0.027933896202859416,0.0
38153,validation,accel_ge_2,raw,34,1.252508088039483,1.6629637871424359,1.765903510419551,1.765903510419551,0.3406852332097855,0.38356541321595067,0.0
38153,validation,reversal,raw,24,1.4114905612003512,1.9673096487329653,2.003804224082044,2.003804224082044,0.8846688472828588,0.8912309116110159,0.0
38153,validation,horizon_40_80ms,raw,2510,0.9320687129462291,1.9786955559812809,2.5400935738073387,3.3675028559488194,-0.04366857642017877,-0.016842032641897653,0.0
38153,full,all,ema_0.1,6709,2.1513179870499153,11.244469429255384,16.844143133003076,21.696576102261826,0.0,0.9347700049925926,24.355343568341034
38153,development,all,ema_0.1,4175,2.5004684387224567,13.520043514627934,17.42995437392896,21.696576102261826,0.0,1.430871710719868,30.275449101796408
38153,validation,all,ema_0.1,2510,1.9025026516777264,4.50364055398803,6.621979835399253,8.43742266546105,-0.2138321894104599,0.09471523120164714,14.741035856573706
38153,full,all,ema_0.25,6709,1.412497634411399,6.484231149098038,10.554522212175844,14.082385349982786,0.0,0.3849661892351542,31.971977940080485
38153,full,speed_lt_0.01,ema_0.25,1139,0.021820633081566957,0.05648093772960881,1.7413512996775609,6.2036172073986595,0.0,0.07040201551863709,85.95258999122038
38153,full,speed_ge_0.05,ema_0.25,5102,1.6310151557860086,7.3321636001609045,10.71138008767901,13.851824832874343,-0.020996712201887157,0.36727325892254636,21.266170129361033
38153,full,speed_ge_0.2,ema_0.25,2978,1.6985007661884384,7.715325562204213,11.138706540502763,13.851824832874343,0.07134977102097365,0.28280644385756876,26.729348556077902
38153,full,speed_ge_0.4,ema_0.25,423,5.289921418896585,10.62093755726981,13.213055291956419,13.851824832874343,1.0032566439766013,1.0906974129983706,4.964539007092199
38153,full,accel_lt_0.5,ema_0.25,2153,0.05191741095953551,2.3977056540963995,3.332401601487936,8.122258359395653,0.0,0.044172373960701644,55.17882025081282
38153,full,accel_ge_2,ema_0.25,578,4.906609392464695,11.438702079571334,13.081631124140836,14.082385349982786,0.779629676783235,2.2081450049180753,20.761245674740483
38153,full,reversal,ema_0.25,102,2.012986195296425,11.442242244500918,14.062193868297234,14.082385349982786,1.6436637360160855,3.6140639882334575,42.15686274509804
38153,full,horizon_40_80ms,ema_0.25,6683,1.4135991404528971,6.488599296313641,10.580392123330759,14.082385349982786,0.0,0.38688010426477354,31.767170432440523
38153,development,all,ema_0.25,4175,1.551802527869394,7.929113137175462,11.127970914038412,14.082385349982786,0.0,0.5999489055550744,37.365269461077844
38153,development,speed_lt_0.01,ema_0.25,1139,0.021820633081566957,0.05648093772960881,1.7413512996775609,6.2036172073986595,0.0,0.07040201551863709,85.95258999122038
38153,development,speed_ge_0.05,ema_0.25,2796,2.2266445258071963,8.882508038549565,11.438702079571334,13.851824832874343,0.24239421382841925,0.709087144336905,18.776824034334762
38153,development,speed_ge_0.2,ema_0.25,2034,2.2786174792183975,8.830828969179377,11.984934203348693,13.851824832874343,0.1383923262113353,0.4215050272397951,22.517207472959686
38153,development,speed_ge_0.4,ema_0.25,423,5.289921418896585,10.62093755726981,13.213055291956419,13.851824832874343,1.0032566439766013,1.0906974129983706,4.964539007092199
38153,development,accel_lt_0.5,ema_0.25,1505,0.027591616636727857,2.1810459299451397,3.400261099877779,8.122258359395653,0.0,0.022967205035728563,70.43189368770764
38153,development,accel_ge_2,ema_0.25,544,5.371545004418642,11.44171121976148,13.139662574864607,14.082385349982786,0.9961782053243968,2.351306557077216,20.22058823529412
38153,development,reversal,ema_0.25,78,3.897094477105038,11.936697457961358,14.082385349982786,14.082385349982786,3.3419967094013283,4.39000880863113,41.02564102564102
38153,development,horizon_40_80ms,ema_0.25,4149,1.5680436405520635,7.932189849131702,11.127970914038412,14.082385349982786,0.0,0.6043789476778183,37.069173294769826
38153,validation,all,ema_0.25,2510,1.3142683355198215,2.875608264680451,3.907963237876702,5.358354760957643,-0.10188546574128202,0.019177552427569584,23.147410358565736
38153,validation,speed_ge_0.05,ema_0.25,2282,1.2855728058947438,2.913143969307626,3.9814977034195738,5.358354760957643,-0.15653533363044986,-0.060734143223562236,24.364592462751972
38153,validation,speed_ge_0.2,ema_0.25,920,1.0536921306211222,2.6884259747717802,3.3002222947047226,3.7353254195254775,0.006821446948144599,-0.04886898031621499,36.30434782608696
38153,validation,accel_lt_0.5,ema_0.25,636,1.2293744375773747,2.6148500714760186,3.292264273942391,3.6409817980750967,0.07865604851515223,0.07184764387968237,20.125786163522015
38153,validation,accel_ge_2,ema_0.25,34,1.1555571343653628,1.709204185384023,1.8584037487123315,1.8584037487123315,0.14030243528675962,-0.0824398296281722,29.411764705882355
38153,validation,reversal,ema_0.25,24,1.378054386985593,2.0092758757993456,2.012986195296425,2.012986195296425,0.8257177542757381,1.092243321941022,45.83333333333333
38153,validation,horizon_40_80ms,ema_0.25,2510,1.3142683355198215,2.875608264680451,3.907963237876702,5.358354760957643,-0.10188546574128202,0.019177552427569584,23.147410358565736
38153,full,all,ema_0.5,6709,1.1253689858844937,4.72153193970132,7.382054513595728,10.787695615059619,0.0,0.21053435890791225,40.91518855269042
38153,development,all,ema_0.5,4175,1.2011082615326076,5.58749289768093,7.96299121758357,10.787695615059619,0.0,0.32857656639235483,45.053892215568865
38153,validation,all,ema_0.5,2510,1.071851395532599,2.235238419857469,2.9909325048030406,4.0454156888959805,-0.028452800970193887,0.006665321455956688,34.26294820717131
38153,full,all,ema_0.75,6709,1.0263250431902537,4.073197635456756,6.382876870152017,9.805673206719966,0.0,0.1503967623630199,48.457296169324785
38153,development,all,ema_0.75,4175,1.0976676424075478,4.823542177763924,6.914451884021316,9.805673206719966,0.0,0.2400058395342663,51.8562874251497
38153,validation,all,ema_0.75,2510,0.9574656630087603,2.018531488528917,2.6341609380317363,3.390097760057055,-0.033964759922845644,-0.005377308813108588,43.10756972111554
38153,full,all,acc_0.1_0.25,6709,0.9518859426722,3.514701111520417,5.6586241146001655,9.49893012332434,0.0,0.06166673256603865,49.51557609181696
38153,development,all,acc_0.1_0.25,4175,0.9969395730205131,4.295305118797032,5.979877786244799,9.49893012332434,0.0,0.10993970857616071,46.275449101796404
38153,validation,all,acc_0.1_0.25,2510,0.9295745047174251,1.929114036457284,2.459303030709011,3.514701111520417,-0.03431042123491401,-0.02411909788078368,54.940239043824704
38153,full,all,acc_0.1_0.5,6709,0.9522286630727653,3.463381094262344,5.316350588491497,9.24954103864645,0.0,0.008186197450260743,47.23505738560143
38153,development,all,acc_0.1_0.5,4175,0.9871504831246288,4.210344449455196,5.817380341345202,9.24954103864645,0.0,0.029038864937243468,43.640718562874255
38153,validation,all,acc_0.1_0.5,2510,0.922640589160942,1.9107673868224222,2.4596509051260576,3.662834917821483,-0.05035567322031958,-0.031396163119669716,53.34661354581674
38153,full,all,acc_0.1_1.0,6709,0.9567878836238043,3.609969450696502,5.194430186471134,8.947219412735352,0.0,-0.09877487278129468,42.0778059323297
38153,development,all,acc_0.1_1.0,4175,0.9812651113149259,4.178781474593583,5.793474529888067,8.947219412735352,0.0,-0.13276282234059028,38.82634730538922
38153,validation,all,acc_0.1_1.0,2510,0.9423411106235526,2.0581773890546264,2.6532071420799945,3.9614887402543246,-0.0781961787963523,-0.045950293597441405,47.56972111553785
38153,full,all,acc_0.25_0.25,6709,0.9635655802635607,3.4970952144453906,5.417848836225081,9.5347501572248,0.0,0.062489061054730455,47.93560888358921
38153,development,all,acc_0.25_0.25,4175,1.0149283399154325,4.192254860926431,5.94846448583225,9.5347501572248,0.0,0.1109338135382094,44.83832335329341
38153,validation,all,acc_0.25_0.25,2510,0.9327892196135192,1.9170610775959966,2.4294495780026737,3.6120111747740657,-0.038903384068413996,-0.02378098167178075,52.90836653386454
38153,full,all,acc_0.25_0.5,6709,0.9718095794396321,3.4287430225852837,5.219684455641973,9.38249316411671,0.0,0.009830854427644831,44.44775674467134
38153,development,all,acc_0.25_0.5,4175,1.007123704511383,4.062691995551961,5.679192526561717,9.38249316411671,0.0,0.03102707486134175,41.50898203592814
38153,validation,all,acc_0.25_0.5,2510,0.9405990312900314,1.983287733448261,2.588921050513245,3.8605549032721114,-0.038433454477299046,-0.030719930701663706,49.56175298804781
38153,full,all,acc_0.25_1.0,6709,1.050342995530986,3.6237853272984655,5.623544343749509,9.765675174134435,0.0,-0.09548555882652698,37.14413474437323
38153,development,all,acc_0.25_1.0,4175,1.0708182862444915,4.051276163813386,6.145148749246789,9.765675174134435,0.0,-0.128786402492394,35.568862275449106
38153,validation,all,acc_0.25_1.0,2510,1.0219926186055228,2.3073077984557946,3.0219041958919313,4.366982208344608,-0.09272963202819863,-0.04459782876143072,40.1195219123506
38153,full,all,acc_0.5_0.25,6709,0.9868234664726832,3.570098820441997,5.58684541745187,10.118598509377714,0.0,0.05916716726677253,43.404382173200176
38153,development,all,acc_0.5_0.25,4175,1.0314175316786636,4.252287799156141,5.926675529772683,10.118598509377714,0.0,0.1099525550243169,39.808383233532936
38153,validation,all,acc_0.5_0.25,2510,0.9497257845295555,1.9878649242720818,2.4871035838484357,3.6630898143900543,-0.03849593474424624,-0.03061445331999257,49.16334661354582
38153,full,all,acc_0.5_0.5,6709,1.0382283759908137,3.6351361252264525,5.645678623078366,10.624055923406933,0.0,0.0031870668517289522,38.78372335668505
38153,development,all,acc_0.5_0.5,4175,1.0838417785801269,4.211825887860823,6.070619193560263,10.624055923406933,0.0,0.029064557833556798,35.377245508982035
38153,validation,all,acc_0.5_0.5,2510,0.9893729257965745,2.145748760759513,2.7788018906264123,3.9868374398247695,-0.08544217925748018,-0.04438687399808761,44.18326693227092
38153,full,all,acc_0.5_1.0,6709,1.264098953042264,4.340185236850846,6.833344190439289,14.58915114602997,0.0,-0.10877313397835886,29.184677299150398
38153,development,all,acc_0.5_1.0,4175,1.2997783222786325,4.933527805745549,7.6003659910371315,14.58915114602997,0.0,-0.13271143654796455,27.61676646706587
38153,validation,all,acc_0.5_1.0,2510,1.2255356062570217,2.839854096698712,3.6721979416665076,4.96588737763598,-0.1838243428256306,-0.07193171535427766,31.79282868525896
38153,full,all,acc_1.0_0.25,6709,1.0701790923234173,3.8430792653303882,6.119005272606035,10.859262353635676,0.0,0.04192899916484645,34.28230734833805
38153,development,all,acc_1.0_0.25,4175,1.1252561207455452,4.513347558102178,6.8080738077478795,10.859262353635676,0.0,0.09089266834461646,30.419161676646706
38153,validation,all,acc_1.0_0.25,2510,1.0313121086973398,2.3147073594490375,2.8839920711549545,3.711535022507028,-0.03999425263759922,-0.04498367876110565,40.398406374501995
38153,full,all,acc_1.0_0.5,6709,1.2663082781556985,4.50607448435271,7.352569861355659,12.237057468814427,0.0,-0.03128926935212385,26.35266060515725
38153,development,all,acc_1.0_0.5,4175,1.3299252307110399,5.328367746895896,8.179404770557403,12.237057468814427,0.0,-0.009055215525845168,23.233532934131738
38153,validation,all,acc_1.0_0.5,2510,1.220399451873748,3.0486378415062045,4.008721686675175,4.9709980969649035,-0.09452003221933644,-0.07312532488031348,31.314741035856574
38153,full,all,acc_1.0_1.0,6709,1.8992239744815924,6.9660781722928204,11.301510475978876,20.87524921543401,0.0,-0.17772580638606364,14.890445669995527
38153,development,all,acc_1.0_1.0,4175,1.9450322240433633,8.088611262967174,12.7202205366365,20.87524921543401,0.0,-0.2089509832667668,13.245508982035927
38153,validation,all,acc_1.0_1.0,2510,1.8250625952612074,4.777131236974845,6.749792138343856,8.619698545967433,-0.24139086921370412,-0.12940861711872984,17.290836653386453
38153,full,all,guard_acc_0.25_0.25_2.0,6709,0.9641137331284243,3.5363433571777216,5.56220902927424,9.783789117965764,0.0,0.06682045962331776,47.041287822328215
38153,development,all,guard_acc_0.25_0.25_2.0,4175,1.0163351420155495,4.290416739640911,6.137454179377789,9.783789117965764,0.0,0.11805005293206502,43.35329341317365
38153,validation,all,guard_acc_0.25_0.25_2.0,2510,0.9329211841454339,1.9170610775959966,2.4294495780026737,3.6119125785376984,-0.03949319229298237,-0.02404032289596196,52.98804780876494
38153,full,all,guard_acc_0.25_0.5_2.0,6709,0.9716648711752348,3.4702862005955297,5.349201782232962,9.801445647745185,0.0,0.01849365156481901,43.83663735280966
38153,development,all,guard_acc_0.25_0.5_2.0,4175,1.004596348003689,4.166184101081229,5.774563924541846,9.801445647745185,0.0,0.04525955364905253,40.383233532934135
38153,validation,all,guard_acc_0.25_0.5_2.0,2510,0.9405984024672663,1.9774092374693963,2.588792056782193,3.8603551531987716,-0.03870501302957241,-0.03123861315002663,49.800796812749006
38153,full,all,guard_acc_0.25_0.25_4.0,6709,0.9635655802635607,3.503296317462758,5.4255292117320435,9.754458499570747,0.0,0.06192239172516173,46.95185571620212
38153,development,all,guard_acc_0.25_0.25_4.0,4175,1.014928339940669,4.253759790871347,5.967530697276383,9.754458499570747,0.0,0.11002320646465813,43.25748502994012
38153,validation,all,guard_acc_0.25_0.25_4.0,2510,0.9327892196135192,1.9170610775959966,2.4294495780026737,3.6120111747740657,-0.038903384068413996,-0.02378098167178075,52.90836653386454
38153,full,all,guard_acc_0.25_0.5_4.0,6709,0.9722302157364867,3.474399911473781,5.26913370331625,9.800988286229774,0.0,0.008697515768507393,43.65777314055746
38153,development,all,guard_acc_0.25_0.5_4.0,4175,1.010946801272577,4.0995941505969755,5.6756173991828405,9.800988286229774,0.0,0.029205860714239237,40.23952095808383
38153,validation,all,guard_acc_0.25_0.5_4.0,2510,0.9405990312900314,1.983287733448261,2.588921050513245,3.8605549032721114,-0.038433454477299046,-0.030719930701663706,49.56175298804781
38153,full,all,guard_acc_0.5_0.25_2.0,6709,0.9868234664726832,3.5703503728283374,5.585340449797452,10.128322540082754,0.0,0.06339027372166466,42.390818303771056
38153,development,all,guard_acc_0.5_0.25_2.0,4175,1.0348926117637518,4.339254999735046,6.169388847265287,10.128322540082754,0.0,0.11690788544742424,38.203592814371255
38153,validation,all,guard_acc_0.5_0.25_2.0,2510,0.9496398908978074,1.985719602351555,2.4871035838484357,3.663089787379095,-0.03849593474424624,-0.030895602049316174,49.123505976095615
38153,full,all,guard_acc_0.5_0.5_2.0,6709,1.034329220684951,3.6674240259865036,5.527323381463204,10.523041508805067,0.0,0.011633279761512377,38.30675212401252
38153,development,all,guard_acc_0.5_0.5_2.0,4175,1.0825819538936525,4.200500739573763,6.100688095357832,10.523041508805067,0.0,0.042975218679770395,34.65868263473054
38153,validation,all,guard_acc_0.5_0.5_2.0,2510,0.9891293119246799,2.145748760759513,2.7788018906264123,3.9868373842899367,-0.08544212104571343,-0.044949171456734945,44.10358565737052
38153,full,all,guard_acc_0.5_0.25_4.0,6709,0.9863048817130361,3.5813779411371685,5.589018800135144,10.311274212786385,0.0,0.058643454025542704,42.30138619764495
38153,development,all,guard_acc_0.5_0.25_4.0,4175,1.034892611571604,4.264823068507981,6.027546210219187,10.311274212786385,0.0,0.10911097606972746,38.035928143712574
38153,validation,all,guard_acc_0.5_0.25_4.0,2510,0.9497257845295555,1.9878649242720818,2.4871035838484357,3.6630898143900543,-0.03849593474424624,-0.03061445331999257,49.16334661354582
38153,full,all,guard_acc_0.5_0.5_4.0,6709,1.0394037887600298,3.6750036894757856,5.645950504710304,10.990350319782813,0.0,0.0021396403692690545,38.068266507676256
38153,development,all,guard_acc_0.5_0.5_4.0,4175,1.0919435056684188,4.233387511072565,5.995705499643331,10.990350319782813,0.0,0.027381399924377516,34.22754491017964
38153,validation,all,guard_acc_0.5_0.5_4.0,2510,0.9893729257965745,2.145748760759513,2.7788018906264123,3.9868374398247695,-0.08544217925748018,-0.04438687399808761,44.18326693227092
38153,full,all,ls1_3,6709,1.0539377289848235,4.256020641615735,6.6623991978441515,10.023424399677511,0.0,0.17711864696066884,45.52094201818453
38153,development,all,ls1_3,4175,1.1252304515841625,5.085093009028968,7.3119362940557,10.023424399677511,0.0,0.27528819689068573,47.73652694610778
38153,validation,all,ls1_3,2510,1.0000161634457068,2.0972419608378368,2.698502166383602,3.716211198221718,-0.007856554624299274,0.007035037717758441,42.111553784860554
38153,full,all,ls2_3,6709,1.899217263227257,6.966078816732991,11.301517589777662,20.87525676903063,0.0,-0.1777248550981632,14.890445669995527
38153,development,all,ls2_3,4175,1.945019642570888,8.08861809251447,12.720211537768664,20.87525676903063,0.0,-0.20894993387638996,13.245508982035927
38153,validation,all,ls2_3,2510,1.825077908291707,4.777113323683139,6.749791193478675,8.619693249550073,-0.24139459595308144,-0.129407802536594,17.290836653386453
38153,full,all,ls2_3_damped_0.25,6709,1.0701799815874073,3.8430804676291284,6.1190055545732855,10.859261354325442,0.0,0.04192923698682192,34.28230734833805
38153,development,all,ls2_3_damped_0.25,4175,1.125256640733893,4.513347946333737,6.808071232917227,10.859261354325442,0.0,0.09089293069221104,30.419161676646706
38153,validation,all,ls2_3_damped_0.25,2510,1.0313121415151247,2.31470953899581,2.883992398902097,3.7115361135659573,-0.03999401843437277,-0.044983475115571284,40.398406374501995
38153,full,all,ls2_3_damped_0.5,6709,1.2663086057046404,4.5060762551556115,7.3525681679680766,12.237055870420487,0.0,-0.03128879370817275,26.35266060515725
38153,development,all,ls2_3_damped_0.5,4175,1.3299231643328424,5.32836902672202,8.179404099650565,12.237055870420487,0.0,-0.009054690830655599,23.233532934131738
38153,validation,all,ls2_3_damped_0.5,2510,1.2204021591080434,3.0486367532682546,4.00872124208574,4.971002411716609,-0.09452774687067846,-0.07312491758924518,31.314741035856574
38153,full,all,ls1_4,6709,1.1635089729374493,4.81041437543775,7.590238012985465,11.087630718080252,0.0,0.210733538578994,37.69563273215084
38153,development,all,ls1_4,4175,1.2078395324764748,5.710179778781772,8.07864846708844,11.087630718080252,0.0,0.32520580048323416,42.49101796407186
38153,validation,all,ls1_4,2510,1.1118041930638878,2.292521436958113,3.1053892358165474,4.300228064267835,-0.03445669760507391,0.011418404284183479,29.920318725099605
38153,full,all,ls2_4,6709,1.3070006198157715,4.599859171277161,7.235813117817168,18.40182500452707,0.0,-0.044972293593258494,30.868981964525265
38153,development,all,ls2_4,4175,1.4609880922697238,5.416625692114528,8.054638839143628,18.40182500452707,0.0,-0.04539840174547176,29.485029940119762
38153,validation,all,ls2_4,2510,1.185929322330873,2.706110551858807,3.6835877800706496,5.178670889158287,-0.12387899452727592,-0.04063798694150818,33.46613545816733
38153,full,all,ls2_4_damped_0.25,6709,0.9603557150205003,3.5126752413944535,5.478163288608107,11.139118032200184,0.0,0.0751173773630475,51.91533760620063
38153,development,all,ls2_4_damped_0.25,4175,1.0211671529754467,4.245182144748029,5.88586570816732,11.139118032200184,0.0,0.13178081372494,47.2814371257485
38153,validation,all,ls2_4_damped_0.25,2510,0.9146677255871823,1.8980459374395835,2.44096896731778,3.670678740179058,0.0038772469296020676,-0.022791021216800444,59.64143426294821
38153,full,all,ls2_4_damped_0.5,6709,0.9990024241255325,3.7104256922272807,5.342522185294209,12.649160808487597,0.0,0.03508748704427921,45.44641526307945
38153,development,all,ls2_4_damped_0.5,4175,1.094894684966123,4.2162104760019705,6.033363510483967,12.649160808487597,0.0,0.07272107523480295,41.70059880239521
38153,validation,all,ls2_4_damped_0.5,2510,0.9395148834804153,2.048787317278087,2.7074283473874434,4.094497629595212,-0.04867192336462317,-0.028740009791702395,52.111553784860554
38153,full,all,ls1_5,6709,1.2657273674456215,5.316778041056066,8.488533653005277,11.724499147406686,0.0,0.2555912754290394,35.23624981368311
38153,development,all,ls1_5,4175,1.3281052569306724,6.321235734696238,9.082632988821686,11.724499147406686,0.0,0.39127670740088943,39.32934131736527
38153,validation,all,ls1_5,2510,1.1996012869815866,2.540047520340343,3.3665199737660205,4.740093335163369,-0.06014323428544778,0.0208901957014578,28.605577689243027
38153,full,all,ls2_5,6709,1.2130138674801243,4.639032879403846,7.225900355679052,11.871143072743106,0.0,-0.07392917082716749,30.2727679236846
38153,development,all,ls2_5,4175,1.323165925890705,5.337412563867445,8.094469646605285,11.871143072743106,0.0,-0.0921184046663768,29.437125748502996
38153,validation,all,ls2_5,2510,1.1461517969967383,2.549195045793657,3.3801998473031847,4.645488679179546,-0.0650140455887464,-0.04802436175830253,31.95219123505976
38153,full,all,ls2_5_damped_0.25,6709,0.9550374744672321,3.5843593826255806,5.608422332132609,9.275436323517978,0.0,0.06787815805457072,50.40989715307796
38153,development,all,ls2_5_damped_0.25,4175,1.0089261919123718,4.203181192890941,5.99459566311607,9.275436323517978,0.0,0.12010081299471452,48.191616766467064
38153,validation,all,ls2_5_damped_0.25,2510,0.9043281008877095,1.9216790865648061,2.4161435441333308,3.6459065636330665,-0.03253433994096322,-0.024637614920999057,54.42231075697212
38153,full,all,ls2_5_damped_0.5,6709,0.9857209966473736,3.6410911829888453,5.773855554784041,8.9306115295683,0.0,0.020609048427323987,44.2390818303771
38153,development,all,ls2_5_damped_0.5,4175,1.0521096721509113,4.250122887642396,6.25427260419992,8.9306115295683,0.0,0.04936107377434969,42.035928143712574
38153,validation,all,ls2_5_damped_0.5,2510,0.929606155601799,2.015311786449749,2.6161656260316777,3.9560379164819164,-0.04733959610424503,-0.03243319720010034,48.24701195219124
38153,full,all,ls1_7,6709,1.4512449469457678,6.4425277239930825,10.338013548967485,13.735022773768069,0.0,0.3420720092538257,31.22671038902966
38153,development,all,ls1_7,4175,1.5629595757332237,7.624313663962255,10.972255910668238,13.735022773768069,0.0,0.5244728605229737,37.053892215568865
38153,validation,all,ls1_7,2510,1.3720628427123427,2.981732307371357,4.112397001621604,5.431462176133818,-0.07828575813086319,0.030073358879082704,21.673306772908365
38153,full,all,ls2_7,6709,1.1634675618159864,4.142148013265333,6.133012275548018,12.595650231327346,0.0,-0.07954902588723213,39.73766582203011
38153,development,all,ls2_7,4175,1.169177405538945,4.70200776087382,6.731839209096704,12.595650231327346,0.0,-0.12102882736561867,43.76047904191617
38153,validation,all,ls2_7,2510,1.1531090345987156,2.5179175041958675,3.3035975218976192,4.618072678232778,-0.06842621745802238,-0.020321512334506145,33.34661354581673
38153,full,all,ls2_7_damped_0.25,6709,0.9593140232327766,3.4501985886145397,5.452970046540121,8.154817897623667,0.0,0.06647319428955448,60.03875391265464
38153,development,all,ls2_7_damped_0.25,4175,0.9884590594940996,4.230704922124691,5.833787470635048,8.154817897623667,0.0,0.11287320731990336,63.25748502994012
38153,validation,all,ls2_7_damped_0.25,2510,0.9218959096253425,1.9544149716429318,2.4395786020515957,3.642659742153341,-0.04329170058771713,-0.0177119025650491,55.0996015936255
38153,full,all,ls2_7_damped_0.5,6709,0.9549390040236928,3.4493556936559253,5.31096508307066,8.97709741587819,0.0,0.01779912089729215,52.52645699806231
38153,development,all,ls2_7_damped_0.5,4175,0.9701292529659141,4.081820107522611,5.700103675078493,8.97709741587819,0.0,0.03490586242472934,55.66467065868264
38153,validation,all,ls2_7_damped_0.5,2510,0.9459410850428074,2.04192659243789,2.594103377782777,3.94668909306284,-0.033339792045733244,-0.018581772488201725,47.64940239043825
38153,full,all,ls1_9,6709,1.619711922863797,7.459133045587042,11.952646323780773,15.774206056179574,0.0,0.4277545242514972,26.635862274556565
38153,development,all,ls1_9,4175,1.8114999357379546,8.972737261904186,12.922281844667763,15.774206056179574,0.0,0.6615726008261436,33.02994011976048
38153,validation,all,ls1_9,2510,1.5259022756410647,3.379060036356029,4.5977752506315355,6.247283258969862,-0.07403011501644319,0.03108174592503334,16.01593625498008
38153,full,all,ls2_9,6709,1.2628642821347393,4.120344943126775,6.251815243255632,9.968561327663407,0.0,-0.07571036940855708,37.59129527500373
38153,development,all,ls2_9,4175,1.247871993148062,4.7600925266781635,6.876183051746565,9.968561327663407,0.0,-0.13516239013126788,42.34730538922156
38153,validation,all,ls2_9,2510,1.2723808153565033,2.7919301567994377,3.639623479204715,5.039736678214586,-0.027431029568575814,0.011093716445122609,29.880478087649404
38153,full,all,ls2_9_damped_0.25,6709,0.9708654654561988,3.452226261750227,5.355382074320004,8.268141701228044,0.0,0.06743285840922328,58.25011179013265
38153,development,all,ls2_9_damped_0.25,4175,0.9907747793804828,4.223897061884563,5.873472719533983,8.268141701228044,0.0,0.10933981662849128,64.21556886227545
38153,validation,all,ls2_9_damped_0.25,2510,0.955131020345941,2.0033550582749204,2.5135455920624956,3.702746249164941,-0.050909932993315005,-0.009858095370142152,48.72509960159363
38153,full,all,ls2_9_damped_0.5,6709,1.0270535749910121,3.5491813104403116,5.186570847743386,7.725063669416754,0.0,0.019718449136630203,52.12401252049486
38153,development,all,ls2_9_damped_0.5,4175,1.0351433004585164,4.106567914272347,5.6646401662628,7.725063669416754,0.0,0.02783908104190532,58.371257485029936
38153,validation,all,ls2_9_damped_0.5,2510,1.0208794830010413,2.159942517990187,2.739584864763867,4.104090593885413,-0.01926212608216008,-0.0028741580983869257,42.071713147410364
38153,full,all,bounded_acceleration,6709,0.9716648711752348,3.470286200595559,5.349201782233005,9.801445647745188,0.0,0.018503835616395424,43.83663735280966
38153,full,speed_lt_0.01,bounded_acceleration,1139,0.04039178216771172,0.13094508929414986,1.2310048737249393,5.401878915972151,0.0,0.056684651358475134,0.0
38153,full,speed_ge_0.05,bounded_acceleration,5102,1.1640394019026523,3.7552083595132397,5.619241183341171,9.801445647745188,-0.1111251701385525,-0.04979078451145481,52.29321834574676
38153,full,speed_ge_0.2,bounded_acceleration,2978,1.367294739011941,4.192670596197697,5.861495836864667,9.801445647745188,-0.2068989445618689,-0.16555360111698567,44.123572867696446
38153,full,speed_ge_0.4,bounded_acceleration,423,2.614543128282822,5.938836741321026,7.789571738722875,9.801445647745188,-0.176436240690023,-0.348290258277582,65.95744680851064
38153,full,accel_lt_0.5,bounded_acceleration,2153,0.12278932826725669,1.6376921532718431,2.39836243977405,5.685038068791487,0.0,0.00019396364435448775,26.33534602879703
38153,full,accel_ge_2,bounded_acceleration,578,2.67292200096556,5.628169650597371,6.882713595337672,9.801445647745188,0.5332993593371445,0.32683435535220073,52.595155709342556
38153,full,reversal,bounded_acceleration,102,1.8721633446896844,5.603356024242575,6.285282473816886,6.290027985902358,1.4997406850071644,2.0573512466727224,45.09803921568628
38153,full,horizon_40_80ms,bounded_acceleration,6683,0.9735597574846219,3.4755911662349526,5.354782726434804,9.801445647745188,0.0,0.019309322357543575,43.977255723477484
38153,development,all,bounded_acceleration,4175,1.0045963480036795,4.166184101081239,5.77456392454186,9.801445647745188,0.0,0.045275918871095,40.383233532934135
38153,development,speed_lt_0.01,bounded_acceleration,1139,0.04039178216771172,0.13094508929414986,1.2310048737249393,5.401878915972151,0.0,0.056684651358475134,0.0
38153,development,speed_ge_0.05,bounded_acceleration,2796,1.448577788399469,4.497359869224791,6.001505105874834,9.801445647745188,-0.10943932392339462,-0.02921159196902253,55.36480686695279
38153,development,speed_ge_0.2,bounded_acceleration,2034,1.654623350005263,4.5514654449449266,6.151661384001366,9.801445647745188,-0.2220138196516181,-0.20030862234574007,48.86922320550639
38153,development,speed_ge_0.4,bounded_acceleration,423,2.614543128282822,5.938836741321026,7.789571738722875,9.801445647745188,-0.176436240690023,-0.348290258277582,65.95744680851064
38153,development,accel_lt_0.5,bounded_acceleration,1505,0.0524099974649699,1.6327235663266129,2.658172973245614,5.685038068791487,0.0,-0.006149092487504178,14.883720930232558
38153,development,accel_ge_2,bounded_acceleration,544,2.796539429286385,5.747042908970144,6.922579631092578,9.801445647745188,0.46927505057906715,0.3122707963667805,55.88235294117647
38153,development,reversal,bounded_acceleration,78,2.5045219842995703,5.648721488491157,6.290027985902358,6.290027985902358,2.134928471501976,2.439763373197338,53.84615384615385
38153,development,horizon_40_80ms,bounded_acceleration,4149,1.0107407442197813,4.183969459957555,5.788938710665478,9.801445647745188,0.0,0.04674112544032018,40.58809351651001
38153,validation,all,bounded_acceleration,2510,0.940598402467286,1.9774092374694145,2.5887920567821943,3.8603551531987716,-0.03870501302953694,-0.03123861315002721,49.800796812749006
38153,validation,speed_ge_0.05,bounded_acceleration,2282,0.9570976885957339,2.0108810577304297,2.6147955419389373,3.8603551531987716,-0.11799908306261972,-0.08145537348913191,48.86064855390009
38153,validation,speed_ge_0.2,bounded_acceleration,920,1.0000109920687252,2.1438190179491343,2.64723240404281,3.02209575680759,-0.1678861281895075,-0.10773377950575176,34.23913043478261
38153,validation,accel_lt_0.5,bounded_acceleration,636,0.7992294824954204,1.6376921532718431,1.8732567279549754,2.1895438283326647,0.09251086875510309,0.011402191685580062,53.459119496855344
38153,validation,accel_ge_2,bounded_acceleration,34,1.4351496767318563,2.1934173052503274,2.3878120895638077,2.3878120895638077,0.6496376249987124,0.5598512991189242,0.0
38153,validation,reversal,bounded_acceleration,24,1.5282320061752368,2.0871727108911386,2.1183752571258467,2.1183752571258467,0.9291692214909043,0.8145118354677244,16.666666666666664
38153,validation,horizon_40_80ms,bounded_acceleration,2510,0.940598402467286,1.9774092374694145,2.5887920567821943,3.8603551531987716,-0.03870501302953694,-0.03123861315002721,49.800796812749006
38153,full,all,abg_0.5_0.1_0,6709,1.9021347203640453,9.31020113433877,14.85175595733131,19.008363349296207,0.0,0.5924242108676405,24.057236547920706
38153,development,all,abg_0.5_0.1_0,4175,2.138045763902968,11.4480330489872,15.688370353130686,19.008363349296207,0.0,0.9249798293375068,30.08383233532934
38153,validation,all,abg_0.5_0.1_0,2510,1.7497508461334306,3.866984358108557,5.519326080420239,7.189418161773147,-0.1305516045677289,0.030848907496332602,14.103585657370518
38153,full,all,abg_0.8_0.2_0,6709,1.4841668787503441,6.982618956331302,11.027220188982753,14.65791681047794,0.0,0.40964416438688595,29.90013414815919
38153,development,all,abg_0.8_0.2_0,4175,1.6429923173032377,8.45673492548619,11.723299490212417,14.65791681047794,0.0,0.6364210277492732,35.66467065868263
38153,validation,all,abg_0.8_0.2_0,2510,1.3929337890421445,3.0354195566046003,4.178468093937707,5.651072900014628,-0.08184442204984753,0.02400822890338908,20.43824701195219
38153,full,all,abg_1.0_0.5_0,6709,1.1253690913842458,4.721531138699909,7.382054802904682,10.787694275446674,0.0,0.21053458637674344,40.91518855269042
38153,development,all,abg_1.0_0.5_0,4175,1.2011080981731377,5.587493393581646,7.962991066690007,10.787694275446674,0.0,0.3285767983612839,45.053892215568865
38153,validation,all,abg_1.0_0.5_0,2510,1.0718507059558666,2.235239062240716,2.9909311159341407,4.045414809147219,-0.028451841130201695,0.006665544583151201,34.26294820717131
38153,full,all,abg_0.5_0.1_0.01,6709,1.9886055223634256,8.560712351102406,11.58240127910016,15.339714779374992,0.0,-0.07404153989202589,21.687285735579074
38153,development,all,abg_0.5_0.1_0.01,4175,2.1060706719811155,9.671681911865507,12.422087536651652,15.339714779374992,0.0,-0.13557366852081196,27.089820359281436
38153,validation,all,abg_0.5_0.1_0.01,2510,1.9151568253998785,4.455674327834587,5.8593945874892395,7.725305881256358,0.09002535803073722,0.02399957005691111,12.749003984063744
38153,full,all,abg_0.8_0.3_0.05,6709,1.4372783914690588,4.303096971842939,6.209113566835092,9.708350500488951,0.0,-0.0702824610129781,34.028916380980775
38153,development,all,abg_0.8_0.3_0.05,4175,1.3790281982020118,4.8873023238047315,6.75473842891759,9.708350500488951,0.0,-0.1442658589447692,42.227544910179645
38153,validation,all,abg_0.8_0.3_0.05,2510,1.4846821023447319,3.1432699164362568,4.109888144989377,5.409954567605749,0.024277534045255844,0.041761696767257946,20.55776892430279
38153,full,all,abg_1.0_0.5_0.1,6709,1.1503759519676913,3.737635695489488,5.551236018676009,11.008844537101744,0.0,-0.07629308900083953,41.347443732299894
38153,development,all,abg_1.0_0.5_0.1,4175,1.115197299959969,4.400903874901534,6.150160846263331,11.008844537101744,0.0,-0.11915915480590315,46.68263473053892
38153,validation,all,abg_1.0_0.5_0.1,2510,1.1697246491954738,2.567955924137991,3.250609605725045,4.733927822889313,-0.04608369438240176,-0.014898876901114797,32.788844621513945
38153,full,all,recorded_live_tracker,6709,5.7286243428957695,15.01276629511682,21.22578312989855,26.99175086184975,5.717715841070825,6.020086478682289,17.94604262930392
38153,full,speed_lt_0.01,recorded_live_tracker,1139,0.0199387876397101,0.04499394373379745,1.4397609839720056,5.812600750090822,0.0,0.06560124390392887,83.14310798946444
38153,full,speed_ge_0.05,recorded_live_tracker,5102,7.072937139302526,16.345174638739536,23.145172991881598,26.99175086184975,7.049362974234381,7.764579552617858,1.9208153665229322
38153,full,speed_ge_0.2,recorded_live_tracker,2978,8.952704042604639,19.155124594911673,24.70294864860444,26.99175086184975,8.918676712845759,9.904667959382325,0.47011417058428473
38153,full,speed_ge_0.4,recorded_live_tracker,423,17.31270099854571,25.163615974990563,26.509043320564796,26.99175086184975,16.97432845668475,16.808383806036936,0.0
38153,full,accel_lt_0.5,recorded_live_tracker,2153,0.04415015859309191,8.976713142937072,11.981549949081609,14.60120537915129,0.0,2.5334373010018494,47.97956339990711
38153,full,accel_ge_2,recorded_live_tracker,578,12.381128821552885,23.445979726730883,25.421726457709727,26.509043320564796,12.176999337284453,12.96668881526951,1.5570934256055362
38153,full,reversal,recorded_live_tracker,102,1.1576775017631853,7.593332874260159,9.666954831094767,9.679458702670523,0.8021646825175699,2.1065662264442233,72.54901960784314
38153,full,horizon_40_80ms,recorded_live_tracker,6683,5.7359854665313454,15.017445044824834,21.248152838236372,26.99175086184975,5.7259682110714865,6.03259420048342,17.731557683674996
38153,development,all,recorded_live_tracker,4175,6.447430510109392,17.865725740625095,23.397799168097176,26.99175086184975,6.4203849977033505,6.454464234236338,26.05988023952096
38153,development,speed_lt_0.01,recorded_live_tracker,1139,0.0199387876397101,0.04499394373379745,1.4397609839720056,5.812600750090822,0.0,0.06560124390392887,83.14310798946444
38153,development,speed_ge_0.05,recorded_live_tracker,2796,8.947379498349882,19.277073327171877,24.888737072448144,26.99175086184975,8.900353545402911,9.462620952084336,1.9313304721030045
38153,development,speed_ge_0.2,recorded_live_tracker,2034,10.201784291993349,19.996689291913274,25.164520679773783,26.99175086184975,10.153505583930475,11.07134578515082,0.688298918387414
38153,development,speed_ge_0.4,recorded_live_tracker,423,17.31270099854571,25.163615974990563,26.509043320564796,26.99175086184975,16.97432845668475,16.808383806036936,0.0
38153,development,accel_lt_0.5,recorded_live_tracker,1505,0.025333553316007795,9.098533832241985,12.73000473805031,14.60120537915129,0.0,1.4164581126110891,66.24584717607974
38153,development,accel_ge_2,recorded_live_tracker,544,13.001994597528672,23.818306498542707,25.49654632817511,26.509043320564796,12.82394600061915,13.373649004750565,1.6544117647058825
38153,development,reversal,recorded_live_tracker,78,1.9609487036351054,7.721869644532122,9.679458702670523,9.679458702670523,1.6273217636023074,2.56753843336631,64.1025641025641
38153,development,horizon_40_80ms,recorded_live_tracker,4149,6.458236474482298,17.920849332952745,23.410162399682427,26.99175086184975,6.434580890486546,6.477333100575543,25.76524463726199
38153,validation,all,recorded_live_tracker,2510,5.306501747898098,9.30984093236397,10.430211026923807,11.857951201720699,5.2805815814783115,5.269891526052031,4.621513944223107
38153,validation,speed_ge_0.05,recorded_live_tracker,2282,5.547009260835153,9.348250721158456,10.56149256071062,11.857951201720699,5.546104776579558,5.67197739626483,1.9281332164767746
38153,validation,speed_ge_0.2,recorded_live_tracker,920,7.525173855687797,9.983109325520635,10.757698633555826,11.857951201720699,7.50895085681003,7.35112997705612,0.0
38153,validation,accel_lt_0.5,recorded_live_tracker,636,5.153449680416699,8.84203518238847,10.196091066190734,10.72075740030547,5.1503849176814755,5.060301375600222,5.660377358490567
38153,validation,accel_ge_2,recorded_live_tracker,34,6.469610739775894,9.117377495817454,9.283298889148949,9.283298889148949,6.411412838664165,6.455325783572643,0.0
38153,validation,reversal,recorded_live_tracker,24,0.8683487322244532,1.1543822516694653,1.1708847461009848,1.1708847461009848,0.6482762564731223,0.6084065539474386,100.0
38153,validation,horizon_40_80ms,recorded_live_tracker,2510,5.306501747898098,9.30984093236397,10.430211026923807,11.857951201720699,5.2805815814783115,5.269891526052031,4.621513944223107
43034,full,all,raw,5064,0.7777222396501797,2.3266502284225616,3.6574079148927643,8.009614206552692,0.0,0.11061919404644698,0.0
43034,full,speed_lt_0.01,raw,835,0.10808676746681126,0.35934634652570363,1.126398491317349,1.7757841555116123,0.0,0.0363764925163333,0.0
43034,full,speed_ge_0.05,raw,3731,0.948773904768771,2.5302813462032185,3.771834439850987,8.009614206552692,0.025069319853126583,0.0747200288335386,0.0
43034,full,speed_ge_0.2,raw,2547,1.0155671278278897,2.487898465101512,3.4651123213544106,5.66491123431591,-0.011932721669815436,0.0004262994500972374,0.0
43034,full,speed_ge_0.4,raw,852,1.0724882665502495,2.6217320352044116,3.55817065367647,5.66491123431591,-0.16613851161207305,-0.23840387999382862,0.0
43034,full,accel_lt_0.5,raw,1472,0.21633355914787217,1.4499681856548947,2.076949613947135,3.5121768326520892,0.0,0.05347966606888556,0.0
43034,full,accel_ge_2,raw,594,1.2813044996900316,3.4651123213544106,5.411070138754325,8.009614206552692,0.28250228397213645,0.4397094640609413,0.0
43034,full,reversal,raw,137,1.7104375847584363,6.083049072822618,7.498229413597284,8.009614206552692,1.1974630077374853,1.6590012267884249,0.0
43034,full,horizon_40_80ms,raw,3683,0.9384901672859789,2.5518272841658693,3.7987378512831587,8.009614206552692,0.0,0.13387207969033077,0.0
43034,validation,all,raw,5064,0.7777222396501797,2.3266502284225616,3.6574079148927643,8.009614206552692,0.0,0.11061919404644698,0.0
43034,validation,speed_lt_0.01,raw,835,0.10808676746681126,0.35934634652570363,1.126398491317349,1.7757841555116123,0.0,0.0363764925163333,0.0
43034,validation,speed_ge_0.05,raw,3731,0.948773904768771,2.5302813462032185,3.771834439850987,8.009614206552692,0.025069319853126583,0.0747200288335386,0.0
43034,validation,speed_ge_0.2,raw,2547,1.0155671278278897,2.487898465101512,3.4651123213544106,5.66491123431591,-0.011932721669815436,0.0004262994500972374,0.0
43034,validation,speed_ge_0.4,raw,852,1.0724882665502495,2.6217320352044116,3.55817065367647,5.66491123431591,-0.16613851161207305,-0.23840387999382862,0.0
43034,validation,accel_lt_0.5,raw,1472,0.21633355914787217,1.4499681856548947,2.076949613947135,3.5121768326520892,0.0,0.05347966606888556,0.0
43034,validation,accel_ge_2,raw,594,1.2813044996900316,3.4651123213544106,5.411070138754325,8.009614206552692,0.28250228397213645,0.4397094640609413,0.0
43034,validation,reversal,raw,137,1.7104375847584363,6.083049072822618,7.498229413597284,8.009614206552692,1.1974630077374853,1.6590012267884249,0.0
43034,validation,horizon_40_80ms,raw,3683,0.9384901672859789,2.5518272841658693,3.7987378512831587,8.009614206552692,0.0,0.13387207969033077,0.0
43034,full,all,ema_0.1,5064,2.6800697113510217,7.024111125245023,9.981181376390385,13.380129464235893,0.24116113808330808,0.920591691247376,16.725908372827806
43034,validation,all,ema_0.1,5064,2.6800697113510217,7.024111125245023,9.981181376390385,13.380129464235893,0.24116113808330808,0.920591691247376,16.725908372827806
43034,full,all,ema_0.25,5064,1.4517689924690276,4.047355237019642,6.264659840773417,10.500685323001449,0.0,0.3301341973546993,22.92654028436019
43034,full,speed_lt_0.01,ema_0.25,835,0.06978957566982262,0.38123437351795575,1.7620522818840405,2.9507712031208913,0.0,0.04989014062838538,75.20958083832335
43034,full,speed_ge_0.05,ema_0.25,3731,1.7941162455039552,4.232594399708653,6.30185021550802,10.500685323001449,0.16636291996657626,0.3073101880372541,9.863307424283034
43034,full,speed_ge_0.2,ema_0.25,2547,1.86114483971722,4.047985149438473,6.29101060588313,7.96208568108221,0.08257444611062542,0.22607589988970095,10.05104043973302
43034,full,speed_ge_0.4,ema_0.25,852,1.8484154223795064,3.977808790657898,5.169782400590566,6.541864848612222,0.34306724474888367,0.3674140984645478,10.68075117370892
43034,full,accel_lt_0.5,ema_0.25,1472,0.17688767677632888,2.558299063775673,3.6828988199128965,4.577669958655175,0.0,0.1760673116518702,49.66032608695652
43034,full,accel_ge_2,ema_0.25,594,2.335006549406855,6.319474358274715,8.732363722370376,10.500685323001449,0.10664186941564385,0.6045159414535083,15.31986531986532
43034,full,reversal,ema_0.25,137,2.481107008203784,7.396684467855016,10.116245281876736,10.500685323001449,1.5408158293370275,1.7593600819245847,29.1970802919708
43034,full,horizon_40_80ms,ema_0.25,3683,1.7491058517789644,4.260072891731782,6.385721677874404,10.500685323001449,0.0,0.38344416563699224,22.888949226174315
43034,validation,all,ema_0.25,5064,1.4517689924690276,4.047355237019642,6.264659840773417,10.500685323001449,0.0,0.3301341973546993,22.92654028436019
43034,validation,speed_lt_0.01,ema_0.25,835,0.06978957566982262,0.38123437351795575,1.7620522818840405,2.9507712031208913,0.0,0.04989014062838538,75.20958083832335
43034,validation,speed_ge_0.05,ema_0.25,3731,1.7941162455039552,4.232594399708653,6.30185021550802,10.500685323001449,0.16636291996657626,0.3073101880372541,9.863307424283034
43034,validation,speed_ge_0.2,ema_0.25,2547,1.86114483971722,4.047985149438473,6.29101060588313,7.96208568108221,0.08257444611062542,0.22607589988970095,10.05104043973302
43034,validation,speed_ge_0.4,ema_0.25,852,1.8484154223795064,3.977808790657898,5.169782400590566,6.541864848612222,0.34306724474888367,0.3674140984645478,10.68075117370892
43034,validation,accel_lt_0.5,ema_0.25,1472,0.17688767677632888,2.558299063775673,3.6828988199128965,4.577669958655175,0.0,0.1760673116518702,49.66032608695652
43034,validation,accel_ge_2,ema_0.25,594,2.335006549406855,6.319474358274715,8.732363722370376,10.500685323001449,0.10664186941564385,0.6045159414535083,15.31986531986532
43034,validation,reversal,ema_0.25,137,2.481107008203784,7.396684467855016,10.116245281876736,10.500685323001449,1.5408158293370275,1.7593600819245847,29.1970802919708
43034,validation,horizon_40_80ms,ema_0.25,3683,1.7491058517789644,4.260072891731782,6.385721677874404,10.500685323001449,0.0,0.38344416563699224,22.888949226174315
43034,full,all,ema_0.5,5064,0.9565038082742974,2.8714918194991617,4.454579055824546,8.92732202927671,0.0,0.17425044884718446,32.91864139020537
43034,validation,all,ema_0.5,5064,0.9565038082742974,2.8714918194991617,4.454579055824546,8.92732202927671,0.0,0.17425044884718446,32.91864139020537
43034,full,all,ema_0.75,5064,0.8163761376828086,2.4312821422450983,3.938860527831281,8.437477961440587,0.0,0.13092136645181168,40.60031595576619
43034,validation,all,ema_0.75,5064,0.8163761376828086,2.4312821422450983,3.938860527831281,8.437477961440587,0.0,0.13092136645181168,40.60031595576619
43034,full,all,acc_0.1_0.25,5064,0.7414207263532346,2.23546535338078,3.5316558327857197,7.937740705471645,0.0,0.06854267377251734,58.29383886255924
43034,validation,all,acc_0.1_0.25,5064,0.7414207263532346,2.23546535338078,3.5316558327857197,7.937740705471645,0.0,0.06854267377251734,58.29383886255924
43034,full,all,acc_0.1_0.5,5064,0.6982428054176003,2.17726036331205,3.691263302014943,7.8662143258352595,0.0,0.02646615349858592,55.371248025276465
43034,validation,all,acc_0.1_0.5,5064,0.6982428054176003,2.17726036331205,3.691263302014943,7.8662143258352595,0.0,0.02646615349858592,55.371248025276465
43034,full,all,acc_0.1_1.0,5064,0.6820599638364085,2.1914713797310683,3.9194980642095816,8.283919060747861,0.0,-0.05768688704927634,49.980252764612956
43034,validation,all,acc_0.1_1.0,5064,0.6820599638364085,2.1914713797310683,3.9194980642095816,8.283919060747861,0.0,-0.05768688704927634,49.980252764612956
43034,full,all,acc_0.25_0.25,5064,0.7322271832159108,2.2132165766127123,3.568153869802699,7.7661587580702705,0.0,0.07620426275377178,56.67456556082149
43034,validation,all,acc_0.25_0.25,5064,0.7322271832159108,2.2132165766127123,3.568153869802699,7.7661587580702705,0.0,0.07620426275377178,56.67456556082149
43034,full,all,acc_0.25_0.5,5064,0.6973665272873772,2.175629799468523,3.7770051907951148,7.892108938215771,0.0,0.041789331461096965,53.29778830963665
43034,validation,all,acc_0.25_0.5,5064,0.6973665272873772,2.175629799468523,3.7770051907951148,7.892108938215771,0.0,0.041789331461096965,53.29778830963665
43034,full,all,acc_0.25_1.0,5064,0.6939430100268869,2.3452354945086302,3.9578802754152016,9.289150432908569,0.0,-0.02704053112425438,45.635860979462876
43034,validation,all,acc_0.25_1.0,5064,0.6939430100268869,2.3452354945086302,3.9578802754152016,9.289150432908569,0.0,-0.02704053112425438,45.635860979462876
43034,full,all,acc_0.5_0.25,5064,0.7360281143049245,2.2770240577773078,3.628525098311585,7.540658155733736,0.0,0.0807241945557101,51.935229067930486
43034,validation,all,acc_0.5_0.25,5064,0.7360281143049245,2.2770240577773078,3.628525098311585,7.540658155733736,0.0,0.0807241945557101,51.935229067930486
43034,full,all,acc_0.5_0.5,5064,0.7277316448889264,2.2814394705268826,3.9427868599755103,7.551529854492314,0.0,0.05082919506497251,47.985781990521325
43034,validation,all,acc_0.5_0.5,5064,0.7277316448889264,2.2814394705268826,3.9427868599755103,7.551529854492314,0.0,0.05082919506497251,47.985781990521325
43034,full,all,acc_0.5_1.0,5064,0.7875231517878639,2.7923498276680045,4.812886954747747,10.000110385698786,0.0,-0.008960803916502188,38.586097946287516
43034,validation,all,acc_0.5_1.0,5064,0.7875231517878639,2.7923498276680045,4.812886954747747,10.000110385698786,0.0,-0.008960803916502188,38.586097946287516
43034,full,all,acc_1.0_0.25,5064,0.7672871463009481,2.481904107183113,3.930314657048336,7.198290811444585,0.0,0.08217338800978966,44.90521327014218
43034,validation,all,acc_1.0_0.25,5064,0.7672871463009481,2.481904107183113,3.930314657048336,7.198290811444585,0.0,0.08217338800978966,44.90521327014218
43034,full,all,acc_1.0_0.5,5064,0.8182561968625671,2.9190629195488196,4.77490186911547,7.042923650941442,0.0,0.053727581973131676,36.43364928909952
43034,validation,all,acc_1.0_0.5,5064,0.8182561968625671,2.9190629195488196,4.77490186911547,7.042923650941442,0.0,0.053727581973131676,36.43364928909952
43034,full,all,acc_1.0_1.0,5064,1.107958010257418,4.378653003101774,6.651279874171698,12.575337835800509,0.0,-0.003164030100184715,25.098736176935226
43034,validation,all,acc_1.0_1.0,5064,1.107958010257418,4.378653003101774,6.651279874171698,12.575337835800509,0.0,-0.003164030100184715,25.098736176935226
43034,full,all,guard_acc_0.25_0.25_2.0,5064,0.7342661845419278,2.199087479906312,3.5188084644441484,7.800108498957175,0.0,0.07319229951192738,54.166666666666664
43034,validation,all,guard_acc_0.25_0.25_2.0,5064,0.7342661845419278,2.199087479906312,3.5188084644441484,7.800108498957175,0.0,0.07319229951192738,54.166666666666664
43034,full,all,guard_acc_0.25_0.5_2.0,5064,0.7007419435137723,2.1410954167193914,3.592828225672899,7.592026708455518,0.0,0.0357654049774073,51.362559241706165
43034,validation,all,guard_acc_0.25_0.5_2.0,5064,0.7007419435137723,2.1410954167193914,3.592828225672899,7.592026708455518,0.0,0.0357654049774073,51.362559241706165
43034,full,all,guard_acc_0.25_0.25_4.0,5064,0.7351297655965263,2.1849290880276357,3.591720476217775,7.7661587580702705,0.0,0.07676947284386908,55.055292259083735
43034,validation,all,guard_acc_0.25_0.25_4.0,5064,0.7351297655965263,2.1849290880276357,3.591720476217775,7.7661587580702705,0.0,0.07676947284386908,55.055292259083735
43034,full,all,guard_acc_0.25_0.5_4.0,5064,0.6994871608240814,2.1639900132439824,3.7685207194918333,7.774303686257191,0.0,0.04291975164129066,51.757503949447084
43034,validation,all,guard_acc_0.25_0.5_4.0,5064,0.6994871608240814,2.1639900132439824,3.7685207194918333,7.774303686257191,0.0,0.04291975164129066,51.757503949447084
43034,full,all,guard_acc_0.5_0.25_2.0,5064,0.7320509825982797,2.2437927323312667,3.6771176335207207,7.607173350273656,0.0,0.07749711810467393,50.53317535545023
43034,validation,all,guard_acc_0.5_0.25_2.0,5064,0.7320509825982797,2.2437927323312667,3.6771176335207207,7.607173350273656,0.0,0.07749711810467393,50.53317535545023
43034,full,all,guard_acc_0.5_0.5_2.0,5064,0.7278433921318673,2.227242646872453,3.812616377005602,7.211450508655448,0.0,0.04437504216290061,46.82069510268562
43034,validation,all,guard_acc_0.5_0.5_2.0,5064,0.7278433921318673,2.227242646872453,3.812616377005602,7.211450508655448,0.0,0.04437504216290061,46.82069510268562
43034,full,all,guard_acc_0.5_0.25_4.0,5064,0.7387649662287168,2.2735743840905616,3.631389215678331,7.540658155733736,0.0,0.08116357071366584,50.09873617693523
43034,validation,all,guard_acc_0.5_0.25_4.0,5064,0.7387649662287168,2.2735743840905616,3.631389215678331,7.540658155733736,0.0,0.08116357071366584,50.09873617693523
43034,full,all,guard_acc_0.5_0.5_4.0,5064,0.7302593831323094,2.2643679096521114,3.827685326769881,7.476378839464955,0.0,0.05170794738088429,46.36650868878357
43034,validation,all,guard_acc_0.5_0.5_4.0,5064,0.7302593831323094,2.2643679096521114,3.827685326769881,7.476378839464955,0.0,0.05170794738088429,46.36650868878357
43034,full,all,ls1_3,5064,0.862280481529591,2.5838340550852235,4.164129040077605,8.852682152855378,0.0,0.14144651769982267,37.93443917851501
43034,validation,all,ls1_3,5064,0.862280481529591,2.5838340550852235,4.164129040077605,8.852682152855378,0.0,0.14144651769982267,37.93443917851501
43034,full,all,ls2_3,5064,1.1079580836088452,4.378656840932638,6.6512821509169315,12.575333359322482,0.0,-0.0031637732348649156,25.098736176935226
43034,validation,all,ls2_3,5064,1.1079580836088452,4.378656840932638,6.6512821509169315,12.575333359322482,0.0,-0.0031637732348649156,25.098736176935226
43034,full,all,ls2_3_damped_0.25,5064,0.767286965398536,2.481904110043962,3.930315490949172,7.198290753084109,0.0,0.0821734522261197,44.90521327014218
43034,validation,all,ls2_3_damped_0.25,5064,0.767286965398536,2.481904110043962,3.930315490949172,7.198290753084109,0.0,0.0821734522261197,44.90521327014218
43034,full,all,ls2_3_damped_0.5,5064,0.818256852608398,2.919064927418929,4.774897573858798,7.042923051923434,0.0,0.05372771040579131,36.43364928909952
43034,validation,all,ls2_3_damped_0.5,5064,0.818256852608398,2.919064927418929,4.774897573858798,7.042923051923434,0.0,0.05372771040579131,36.43364928909952
43034,full,all,ls1_4,5064,0.9819534980396754,2.948605596092985,4.611515962542685,9.70619878138685,0.0,0.1701015432048018,32.523696682464454
43034,validation,all,ls1_4,5064,0.9819534980396754,2.948605596092985,4.611515962542685,9.70619878138685,0.0,0.1701015432048018,32.523696682464454
43034,full,all,ls2_4,5064,0.793642402535218,2.8341209955481146,5.094418590556724,11.223550421265173,0.0,0.00260175923929075,39.770932069510266
43034,validation,all,ls2_4,5064,0.793642402535218,2.8341209955481146,5.094418590556724,11.223550421265173,0.0,0.00260175923929075,39.770932069510266
43034,full,all,ls2_4_damped_0.25,5064,0.7283239936649677,2.204462346228249,3.5907929413844,7.578295266058595,0.0,0.08361483534465827,58.57030015797788
43034,validation,all,ls2_4_damped_0.25,5064,0.7283239936649677,2.204462346228249,3.5907929413844,7.578295266058595,0.0,0.08361483534465827,58.57030015797788
43034,full,all,ls2_4_damped_0.5,5064,0.6975329710909332,2.209827333664448,3.96206365644296,8.138400385906847,0.0,0.0566104766428687,52.98183254344392
43034,validation,all,ls2_4_damped_0.5,5064,0.6975329710909332,2.209827333664448,3.96206365644296,8.138400385906847,0.0,0.0566104766428687,52.98183254344392
43034,full,all,ls1_5,5064,1.1095231131922252,3.3078236303903226,4.974223501424971,10.47647559093972,0.0,0.20101259850601258,28.238546603475513
43034,validation,all,ls1_5,5064,1.1095231131922252,3.3078236303903226,4.974223501424971,10.47647559093972,0.0,0.20101259850601258,28.238546603475513
43034,full,all,ls2_5,5064,0.7845274135961089,2.681363756653451,4.802708866521771,12.218931107669574,0.0,-0.005324118458437071,42.851500789889414
43034,validation,all,ls2_5,5064,0.7845274135961089,2.681363756653451,4.802708866521771,12.218931107669574,0.0,-0.005324118458437071,42.851500789889414
43034,full,all,ls2_5_damped_0.25,5064,0.735187275779916,2.181720722035365,3.556275389970996,7.844292992642129,0.0,0.08163336592022614,59.241706161137444
43034,validation,all,ls2_5_damped_0.25,5064,0.735187275779916,2.181720722035365,3.556275389970996,7.844292992642129,0.0,0.08163336592022614,59.241706161137444
43034,full,all,ls2_5_damped_0.5,5064,0.7202638333142685,2.190976854757384,3.9431506856747425,9.025737869778165,0.0,0.05264753779400555,53.90995260663507
43034,validation,all,ls2_5_damped_0.5,5064,0.7202638333142685,2.190976854757384,3.9431506856747425,9.025737869778165,0.0,0.05264753779400555,53.90995260663507
43034,full,all,ls1_7,5064,1.4000588885920286,4.006178000440799,6.16426509115509,11.3325799506372,0.0,0.2709373765779475,22.82780410742496
43034,validation,all,ls1_7,5064,1.4000588885920286,4.006178000440799,6.16426509115509,11.3325799506372,0.0,0.2709373765779475,22.82780410742496
43034,full,all,ls2_7,5064,0.7847717087851643,2.566974324655182,4.933316883861376,14.156117532448905,0.0,-0.033712860876605535,49.308846761453395
43034,validation,all,ls2_7,5064,0.7847717087851643,2.566974324655182,4.933316883861376,14.156117532448905,0.0,-0.033712860876605535,49.308846761453395
43034,full,all,ls2_7_damped_0.25,5064,0.7174124685085024,2.147047686565815,3.6262220941693237,8.31073128948657,0.0,0.07453618031568472,66.66666666666666
43034,validation,all,ls2_7_damped_0.25,5064,0.7174124685085024,2.147047686565815,3.6262220941693237,8.31073128948657,0.0,0.07453618031568472,66.66666666666666
43034,full,all,ls2_7_damped_0.5,5064,0.7060863317649911,2.13531617073658,3.974834580789999,10.217066887951574,0.0,0.03845316658492055,61.29541864139021
43034,validation,all,ls2_7_damped_0.5,5064,0.7060863317649911,2.13531617073658,3.974834580789999,10.217066887951574,0.0,0.03845316658492055,61.29541864139021
43034,full,all,ls1_9,5064,1.6736590346727893,4.724331126133486,7.361689638078365,11.85750970630465,0.0,0.35122948020688377,19.391785150078988
43034,validation,all,ls1_9,5064,1.6736590346727893,4.724331126133486,7.361689638078365,11.85750970630465,0.0,0.35122948020688377,19.391785150078988
43034,full,all,ls2_9,5064,0.8106463533044874,2.8763333327151894,4.876509773432842,14.313792230328865,0.0,-0.06731219399281872,47.09715639810427
43034,validation,all,ls2_9,5064,0.8106463533044874,2.8763333327151894,4.876509773432842,14.313792230328865,0.0,-0.06731219399281872,47.09715639810427
43034,full,all,ls2_9_damped_0.25,5064,0.722995733949173,2.2169329652579544,3.678425723877847,8.219540605717986,0.0,0.06613634703663149,67.10110584518168
43034,validation,all,ls2_9_damped_0.25,5064,0.722995733949173,2.2169329652579544,3.678425723877847,8.219540605717986,0.0,0.06613634703663149,67.10110584518168
43034,full,all,ls2_9_damped_0.5,5064,0.6998927043694969,2.250152454853145,3.9753154042309315,10.155133880635121,0.0,0.02165350002681432,60.95971563981043
43034,validation,all,ls2_9_damped_0.5,5064,0.6998927043694969,2.250152454853145,3.9753154042309315,10.155133880635121,0.0,0.02165350002681432,60.95971563981043
43034,full,all,bounded_acceleration,5064,0.7007419435137645,2.1410954167193914,3.592828225672948,7.592026708455517,0.0,0.03576540497740597,51.362559241706165
43034,full,speed_lt_0.01,bounded_acceleration,835,0.10808676746681126,0.35934634652570363,1.126398491317349,1.7757841555116123,0.0,0.0363764925163333,0.0
43034,full,speed_ge_0.05,bounded_acceleration,3731,0.8468867089943476,2.274055734039835,3.9250632028819346,7.592026708455517,-0.012646724006365441,-0.007323313084826373,63.25381935138032
43034,full,speed_ge_0.2,bounded_acceleration,2547,0.9150799695481028,2.289916453496085,3.547881199604132,6.005780821222123,-0.04150355006363182,-0.07785291820344199,61.8767177071064
43034,full,speed_ge_0.4,bounded_acceleration,852,1.0582932872370057,2.629257786737443,3.8053012401366617,6.005780821222123,-0.307912687130486,-0.40960508124585127,52.347417840375584
43034,full,accel_lt_0.5,bounded_acceleration,1472,0.2103745133914156,1.2925989564352836,1.9701360177283698,3.93691533982457,0.0,0.016433318517943968,27.717391304347828
43034,full,accel_ge_2,bounded_acceleration,594,1.281344968339233,3.474346988448752,5.832752109044155,7.592026708455517,0.3201431370380856,0.3565862685519558,50.0
43034,full,reversal,bounded_acceleration,137,1.438316084448681,5.987639925381602,7.071358872773351,7.592026708455517,0.9418598304485694,1.5585343947859667,60.58394160583942
43034,full,horizon_40_80ms,bounded_acceleration,3683,0.8466959095138387,2.2647468577926957,3.93691533982457,7.592026708455517,0.0,0.0444229008666099,52.1314146076568
43034,validation,all,bounded_acceleration,5064,0.7007419435137645,2.1410954167193914,3.592828225672948,7.592026708455517,0.0,0.03576540497740597,51.362559241706165
43034,validation,speed_lt_0.01,bounded_acceleration,835,0.10808676746681126,0.35934634652570363,1.126398491317349,1.7757841555116123,0.0,0.0363764925163333,0.0
43034,validation,speed_ge_0.05,bounded_acceleration,3731,0.8468867089943476,2.274055734039835,3.9250632028819346,7.592026708455517,-0.012646724006365441,-0.007323313084826373,63.25381935138032
43034,validation,speed_ge_0.2,bounded_acceleration,2547,0.9150799695481028,2.289916453496085,3.547881199604132,6.005780821222123,-0.04150355006363182,-0.07785291820344199,61.8767177071064
43034,validation,speed_ge_0.4,bounded_acceleration,852,1.0582932872370057,2.629257786737443,3.8053012401366617,6.005780821222123,-0.307912687130486,-0.40960508124585127,52.347417840375584
43034,validation,accel_lt_0.5,bounded_acceleration,1472,0.2103745133914156,1.2925989564352836,1.9701360177283698,3.93691533982457,0.0,0.016433318517943968,27.717391304347828
43034,validation,accel_ge_2,bounded_acceleration,594,1.281344968339233,3.474346988448752,5.832752109044155,7.592026708455517,0.3201431370380856,0.3565862685519558,50.0
43034,validation,reversal,bounded_acceleration,137,1.438316084448681,5.987639925381602,7.071358872773351,7.592026708455517,0.9418598304485694,1.5585343947859667,60.58394160583942
43034,validation,horizon_40_80ms,bounded_acceleration,3683,0.8466959095138387,2.2647468577926957,3.93691533982457,7.592026708455517,0.0,0.0444229008666099,52.1314146076568
43034,full,all,abg_0.5_0.1_0,5064,2.349661143058275,6.142570333964103,9.61178338999454,13.013363292102508,0.0,0.5486554514011485,16.311216429699844
43034,validation,all,abg_0.5_0.1_0,5064,2.349661143058275,6.142570333964103,9.61178338999454,13.013363292102508,0.0,0.5486554514011485,16.311216429699844
43034,full,all,abg_0.8_0.2_0,5064,1.5996176270769424,4.355814487323605,6.779753490206665,11.145098772757814,0.0,0.3534213437817924,21.346761453396525
43034,validation,all,abg_0.8_0.2_0,5064,1.5996176270769424,4.355814487323605,6.779753490206665,11.145098772757814,0.0,0.3534213437817924,21.346761453396525
43034,full,all,abg_1.0_0.5_0,5064,0.9565036181083084,2.871491514421671,4.454578127800605,8.927321696229953,0.0,0.17425067789245743,32.91864139020537
43034,validation,all,abg_1.0_0.5_0,5064,0.9565036181083084,2.871491514421671,4.454578127800605,8.927321696229953,0.0,0.17425067789245743,32.91864139020537
43034,full,all,abg_0.5_0.1_0.01,5064,1.8858697863284022,6.3493860031131515,9.89638576622525,15.484446864845797,0.0,-0.20191752512262104,15.343601895734595
43034,validation,all,abg_0.5_0.1_0.01,5064,1.8858697863284022,6.3493860031131515,9.89638576622525,15.484446864845797,0.0,-0.20191752512262104,15.343601895734595
43034,full,all,abg_0.8_0.3_0.05,5064,0.879525348975579,3.0805360864884603,4.890756165469821,13.62621392795725,0.0,-0.059347542582765006,42.851500789889414
43034,validation,all,abg_0.8_0.3_0.05,5064,0.879525348975579,3.0805360864884603,4.890756165469821,13.62621392795725,0.0,-0.059347542582765006,42.851500789889414
43034,full,all,abg_1.0_0.5_0.1,5064,0.7181962430962892,2.4222368055882875,4.241119020551839,13.34726405765773,0.0,-0.036811230617749054,53.04107424960506
43034,validation,all,abg_1.0_0.5_0.1,5064,0.7181962430962892,2.4222368055882875,4.241119020551839,13.34726405765773,0.0,-0.036811230617749054,53.04107424960506
4761,full,all,raw,19456,1.6605509955275926,6.95686716368182,11.556214920778277,29.22897683097471,0.2202915641554638,0.5026263394645314,0.0
4761,full,speed_lt_0.01,raw,473,0.3574058487394404,1.44479797284284,3.4636059894425117,4.409935950699025,0.0,0.3018585651330046,0.0
4761,full,speed_ge_0.05,raw,16820,1.8140175539121794,7.337237465209118,11.916142214883779,29.22897683097471,0.17756313275581254,0.4632149529006912,0.0
4761,full,speed_ge_0.2,raw,7630,2.1374778027157006,8.659080390281423,14.293155117588775,29.22897683097471,-0.0888430397667718,0.13674821650044494,0.0
4761,full,speed_ge_0.4,raw,2150,3.0635419743683863,11.683765828489726,18.019663492932597,29.22897683097471,-0.21639272123259168,0.24971508613690097,0.0
4761,full,accel_lt_0.5,raw,3495,0.8803385181210143,2.7944838815442092,3.8991785628410116,5.65346740692771,0.028264667866765646,0.0671818768454181,0.0
4761,full,accel_ge_2,raw,3875,3.919791560478833,11.326702457280689,17.514541989694262,29.22897683097471,1.1898292679727394,1.5509106652357243,0.0
4761,full,reversal,raw,739,4.165111994929267,12.007795156353135,24.09130445679413,29.22897683097471,3.407416443868524,4.069895784438692,0.0
4761,full,horizon_40_80ms,raw,19405,1.6623110283858058,6.956184023161692,11.613889840471467,29.22897683097471,0.22081325809364458,0.5019378748163982,0.0
4761,validation,all,raw,19456,1.6605509955275926,6.95686716368182,11.556214920778277,29.22897683097471,0.2202915641554638,0.5026263394645314,0.0
4761,validation,speed_lt_0.01,raw,473,0.3574058487394404,1.44479797284284,3.4636059894425117,4.409935950699025,0.0,0.3018585651330046,0.0
4761,validation,speed_ge_0.05,raw,16820,1.8140175539121794,7.337237465209118,11.916142214883779,29.22897683097471,0.17756313275581254,0.4632149529006912,0.0
4761,validation,speed_ge_0.2,raw,7630,2.1374778027157006,8.659080390281423,14.293155117588775,29.22897683097471,-0.0888430397667718,0.13674821650044494,0.0
4761,validation,speed_ge_0.4,raw,2150,3.0635419743683863,11.683765828489726,18.019663492932597,29.22897683097471,-0.21639272123259168,0.24971508613690097,0.0
4761,validation,accel_lt_0.5,raw,3495,0.8803385181210143,2.7944838815442092,3.8991785628410116,5.65346740692771,0.028264667866765646,0.0671818768454181,0.0
4761,validation,accel_ge_2,raw,3875,3.919791560478833,11.326702457280689,17.514541989694262,29.22897683097471,1.1898292679727394,1.5509106652357243,0.0
4761,validation,reversal,raw,739,4.165111994929267,12.007795156353135,24.09130445679413,29.22897683097471,3.407416443868524,4.069895784438692,0.0
4761,validation,horizon_40_80ms,raw,19405,1.6623110283858058,6.956184023161692,11.613889840471467,29.22897683097471,0.22081325809364458,0.5019378748163982,0.0
4761,full,all,ema_0.1,19456,4.284446754317994,17.9748245334567,29.62291351843776,54.22815713400922,1.5018675477767245,3.134196538341486,12.320106907894738
4761,validation,all,ema_0.1,19456,4.284446754317994,17.9748245334567,29.62291351843776,54.22815713400922,1.5018675477767245,3.134196538341486,12.320106907894738
4761,full,all,ema_0.25,19456,2.7511255891869206,11.58224047672968,19.272907157597636,47.92272885479969,0.6441072676430035,1.4102934617858818,16.760896381578945
4761,full,speed_lt_0.01,ema_0.25,473,0.3329766197268169,1.6683053913451837,6.801227454097131,8.880661547595054,0.0,0.4309604386893781,53.911205073995774
4761,full,speed_ge_0.05,ema_0.25,16820,3.077007152319837,11.92381037070856,19.91272557699969,47.92272885479969,0.6548754417013202,1.403628287367017,14.488703923900118
4761,full,speed_ge_0.2,ema_0.25,7630,4.060135748826108,14.8817995879352,24.73084262655501,47.92272885479969,0.6077144529838956,1.3741704789754146,14.154652686762779
4761,full,speed_ge_0.4,ema_0.25,2150,5.904992338006586,20.586396983358735,29.86999126946699,42.50556686673004,1.250597460421612,2.138889636127939,8.558139534883722
4761,full,accel_lt_0.5,ema_0.25,3495,1.2114886163163703,4.331340450779845,6.224250508526013,8.027719848222052,0.13229624549030547,0.2962172717131456,27.010014306151646
4761,full,accel_ge_2,ema_0.25,3875,7.239076916490917,19.300058946471434,29.78389217079493,47.92272885479969,3.141875419183261,3.7290806960875758,10.658064516129032
4761,full,reversal,ema_0.25,739,5.68102653855536,18.662205587874052,38.06255973836451,47.92272885479969,4.0636536131741625,5.678097008928786,31.52909336941813
4761,full,horizon_40_80ms,ema_0.25,19405,2.754709876819562,11.580035738333528,19.29092901467199,47.92272885479969,0.6453032748307114,1.4100873011609774,16.743107446534395
4761,validation,all,ema_0.25,19456,2.7511255891869206,11.58224047672968,19.272907157597636,47.92272885479969,0.6441072676430035,1.4102934617858818,16.760896381578945
4761,validation,speed_lt_0.01,ema_0.25,473,0.3329766197268169,1.6683053913451837,6.801227454097131,8.880661547595054,0.0,0.4309604386893781,53.911205073995774
4761,validation,speed_ge_0.05,ema_0.25,16820,3.077007152319837,11.92381037070856,19.91272557699969,47.92272885479969,0.6548754417013202,1.403628287367017,14.488703923900118
4761,validation,speed_ge_0.2,ema_0.25,7630,4.060135748826108,14.8817995879352,24.73084262655501,47.92272885479969,0.6077144529838956,1.3741704789754146,14.154652686762779
4761,validation,speed_ge_0.4,ema_0.25,2150,5.904992338006586,20.586396983358735,29.86999126946699,42.50556686673004,1.250597460421612,2.138889636127939,8.558139534883722
4761,validation,accel_lt_0.5,ema_0.25,3495,1.2114886163163703,4.331340450779845,6.224250508526013,8.027719848222052,0.13229624549030547,0.2962172717131456,27.010014306151646
4761,validation,accel_ge_2,ema_0.25,3875,7.239076916490917,19.300058946471434,29.78389217079493,47.92272885479969,3.141875419183261,3.7290806960875758,10.658064516129032
4761,validation,reversal,ema_0.25,739,5.68102653855536,18.662205587874052,38.06255973836451,47.92272885479969,4.0636536131741625,5.678097008928786,31.52909336941813
4761,validation,horizon_40_80ms,ema_0.25,19405,2.754709876819562,11.580035738333528,19.29092901467199,47.92272885479969,0.6453032748307114,1.4100873011609774,16.743107446534395
4761,full,all,ema_0.5,19456,2.0700443390468264,8.58002825166867,14.252280643268685,36.209055329704796,0.3677725876549286,0.8027729962880068,21.201685855263158
4761,validation,all,ema_0.5,19456,2.0700443390468264,8.58002825166867,14.252280643268685,36.209055329704796,0.3677725876549286,0.8027729962880068,21.201685855263158
4761,full,all,ema_0.75,19456,1.788887971381134,7.440065857106342,12.31260552180128,31.461975727698313,0.27137553088654914,0.6028235496468244,25.966282894736842
4761,validation,all,ema_0.75,19456,1.788887971381134,7.440065857106342,12.31260552180128,31.461975727698313,0.27137553088654914,0.6028235496468244,25.966282894736842
4761,full,all,acc_0.1_0.25,19456,1.5808704732220777,6.771042059650009,11.44259672447748,28.74961415504818,0.13415990151892415,0.330649647014854,60.28988486842105
4761,validation,all,acc_0.1_0.25,19456,1.5808704732220777,6.771042059650009,11.44259672447748,28.74961415504818,0.13415990151892415,0.330649647014854,60.28988486842105
4761,full,all,acc_0.1_0.5,19456,1.5133435343328547,6.670277654465403,11.76450816898659,28.288783862920667,0.042263175304706815,0.15867295456517605,56.92331414473685
4761,validation,all,acc_0.1_0.5,19456,1.5133435343328547,6.670277654465403,11.76450816898659,28.288783862920667,0.042263175304706815,0.15867295456517605,56.92331414473685
4761,full,all,acc_0.1_1.0,19456,1.4744474929113633,7.011703990813554,12.302049207209249,27.426419779147988,-0.13463892945275163,-0.18528043033417974,50.08737664473685
4761,validation,all,acc_0.1_1.0,19456,1.4744474929113633,7.011703990813554,12.302049207209249,27.426419779147988,-0.13463892945275163,-0.18528043033417974,50.08737664473685
4761,full,all,acc_0.25_0.25,19456,1.5319488044619805,6.499824614516052,11.47187952220939,27.396023418588566,0.13199496199171384,0.3245898933445529,66.20065789473685
4761,validation,all,acc_0.25_0.25,19456,1.5319488044619805,6.499824614516052,11.47187952220939,27.396023418588566,0.13199496199171384,0.3245898933445529,66.20065789473685
4761,full,all,acc_0.25_0.5,19456,1.4316120487797883,6.316209816363237,11.41328627024031,25.58911452761865,0.04161199452320013,0.14655344722457417,61.46689967105263
4761,validation,all,acc_0.25_0.5,19456,1.4316120487797883,6.316209816363237,11.41328627024031,25.58911452761865,0.04161199452320013,0.14655344722457417,61.46689967105263
4761,full,all,acc_0.25_1.0,19456,1.4482382191444327,6.696453583977374,12.444889119152686,26.288000262501626,-0.13523177328815753,-0.2095194450153829,50.28268914473685
4761,validation,all,acc_0.25_1.0,19456,1.4482382191444327,6.696453583977374,12.444889119152686,26.288000262501626,-0.13523177328815753,-0.2095194450153829,50.28268914473685
4761,full,all,acc_0.5_0.25,19456,1.5038825534379814,6.3238557723510915,11.21721731130045,26.14135297059161,0.1547664264387595,0.3264553203524017,66.27261513157895
4761,validation,all,acc_0.5_0.25,19456,1.5038825534379814,6.3238557723510915,11.21721731130045,26.14135297059161,0.1547664264387595,0.3264553203524017,66.27261513157895
4761,full,all,acc_0.5_0.5,19456,1.4360005009688068,6.074644685665926,11.161439965263408,25.417380012494455,0.04464375881978099,0.15028430124027195,60.284745065789465
4761,validation,all,acc_0.5_0.5,19456,1.4360005009688068,6.074644685665926,11.161439965263408,25.417380012494455,0.04464375881978099,0.15028430124027195,60.284745065789465
4761,full,all,acc_0.5_1.0,19456,1.621172367257631,6.782245330953979,13.612555666069756,37.67466609953427,-0.11774131864176146,-0.20205773698398896,46.83388157894737
4761,validation,all,acc_0.5_1.0,19456,1.621172367257631,6.782245330953979,13.612555666069756,37.67466609953427,-0.11774131864176146,-0.20205773698398896,46.83388157894737
4761,full,all,acc_1.0_0.25,19456,1.5460837831050669,6.401234435379543,11.367350570041088,26.435563127655126,0.164114683057463,0.32460634768962127,59.13342927631579
4761,validation,all,acc_1.0_0.25,19456,1.5460837831050669,6.401234435379543,11.367350570041088,26.435563127655126,0.164114683057463,0.32460634768962127,59.13342927631579
4761,full,all,acc_1.0_0.5,19456,1.6546659871779392,6.583036677984747,12.377839207512547,26.423988874104666,0.041392525272312644,0.14658635591471003,50.0719572368421
4761,validation,all,acc_1.0_0.5,19456,1.6546659871779392,6.583036677984747,12.377839207512547,26.423988874104666,0.041392525272312644,0.14658635591471003,50.0719572368421
4761,full,all,acc_1.0_1.0,19456,2.290505707487289,9.081363271116945,18.189037583488155,39.905506113768055,-0.18026112503499686,-0.2094536276351107,32.344777960526315
4761,validation,all,acc_1.0_1.0,19456,2.290505707487289,9.081363271116945,18.189037583488155,39.905506113768055,-0.18026112503499686,-0.2094536276351107,32.344777960526315
4761,full,all,guard_acc_0.25_0.25_2.0,19456,1.5401920157757034,6.63423993211775,11.269443918136378,28.548788417850723,0.1426775293058462,0.35851511914804507,66.34457236842105
4761,validation,all,guard_acc_0.25_0.25_2.0,19456,1.5401920157757034,6.63423993211775,11.269443918136378,28.548788417850723,0.1426775293058462,0.35851511914804507,66.34457236842105
4761,full,all,guard_acc_0.25_0.5_2.0,19456,1.4436466628869726,6.4784011469075935,11.313377443605553,27.869186794381,0.0541026833328484,0.21440389883155836,61.83182565789473
4761,validation,all,guard_acc_0.25_0.5_2.0,19456,1.4436466628869726,6.4784011469075935,11.313377443605553,27.869186794381,0.0541026833328484,0.21440389883155836,61.83182565789473
4761,full,all,guard_acc_0.25_0.25_4.0,19456,1.532500106113134,6.547261663007985,11.23534166617138,28.03191464492018,0.1323471996362948,0.3334999563444276,65.91796875
4761,validation,all,guard_acc_0.25_0.25_4.0,19456,1.532500106113134,6.547261663007985,11.23534166617138,28.03191464492018,0.1323471996362948,0.3334999563444276,65.91796875
4761,full,all,guard_acc_0.25_0.5_4.0,19456,1.4332464146064043,6.3180970197120745,11.184831709918598,26.836271201197786,0.041816665118510524,0.16437357322432392,61.34354440789473
4761,validation,all,guard_acc_0.25_0.5_4.0,19456,1.4332464146064043,6.3180970197120745,11.184831709918598,26.836271201197786,0.041816665118510524,0.16437357322432392,61.34354440789473
4761,full,all,guard_acc_0.5_0.25_2.0,19456,1.517589801045344,6.517059443711254,11.073870938606271,28.258630734708508,0.15472608308231994,0.36083057689720804,66.04646381578947
4761,validation,all,guard_acc_0.5_0.25_2.0,19456,1.517589801045344,6.517059443711254,11.073870938606271,28.258630734708508,0.15472608308231994,0.36083057689720804,66.04646381578947
4761,full,all,guard_acc_0.5_0.5_2.0,19456,1.4430943674107626,6.173282885617226,10.950009626102997,27.28929260039502,0.06914529781643022,0.21903481432988414,60.82956414473685
4761,validation,all,guard_acc_0.5_0.5_2.0,19456,1.4430943674107626,6.173282885617226,10.950009626102997,27.28929260039502,0.06914529781643022,0.21903481432988414,60.82956414473685
4761,full,all,guard_acc_0.5_0.25_4.0,19456,1.5038268293232506,6.334044600898981,11.049802423427161,27.434372659665645,0.15274700962505838,0.33514517854589565,65.6969572368421
4761,validation,all,guard_acc_0.5_0.25_4.0,19456,1.5038268293232506,6.334044600898981,11.049802423427161,27.434372659665645,0.15274700962505838,0.33514517854589565,65.6969572368421
4761,full,all,guard_acc_0.5_0.5_4.0,19456,1.4369534901284082,6.045011505791608,10.881405910728697,25.64203253757949,0.048303823900568685,0.16766401762725977,59.86328125
4761,validation,all,guard_acc_0.5_0.5_4.0,19456,1.4369534901284082,6.045011505791608,10.881405910728697,25.64203253757949,0.048303823900568685,0.16766401762725977,59.86328125
4761,full,all,ls1_3,19456,1.9120344437833152,7.792117567132405,12.852815974770802,33.46913756854113,0.30620195960750884,0.6545804039213415,25.29296875
4761,validation,all,ls1_3,19456,1.9120344437833152,7.792117567132405,12.852815974770802,33.46913756854113,0.30620195960750884,0.6545804039213415,25.29296875
4761,full,all,ls2_3,19456,2.29050400927213,9.114302818490096,18.965606852410467,59.644109227353525,-0.18461025919871427,-0.2134041040322065,32.33963815789473
4761,validation,all,ls2_3,19456,2.29050400927213,9.114302818490096,18.965606852410467,59.644109227353525,-0.18461025919871427,-0.2134041040322065,32.33963815789473
4761,full,all,ls2_3_damped_0.25,19456,1.5460859908924172,6.404843841602634,11.461315129980674,26.43556379185592,0.16393985485981744,0.32441466451190426,59.13342927631579
4761,validation,all,ls2_3_damped_0.25,19456,1.5460859908924172,6.404843841602634,11.461315129980674,26.43556379185592,0.16393985485981744,0.32441466451190426,59.13342927631579
4761,full,all,ls2_3_damped_0.5,19456,1.6546750310466338,6.5830389024169484,12.43570069116194,27.505041131196215,0.041388837139273146,0.14620298955927669,50.0719572368421
4761,validation,all,ls2_3_damped_0.5,19456,1.6546750310466338,6.5830389024169484,12.43570069116194,27.505041131196215,0.041388837139273146,0.14620298955927669,50.0719572368421
4761,full,all,ls1_4,19456,2.1442503761444214,8.85131530592345,14.781406447342428,38.487442371080796,0.36768584477298893,0.801444217856583,19.156044407894736
4761,validation,all,ls1_4,19456,2.1442503761444214,8.85131530592345,14.781406447342428,38.487442371080796,0.36768584477298893,0.801444217856583,19.156044407894736
4761,full,all,ls2_4,19456,1.6314299075236138,6.980166895684328,14.546230328402975,41.61872083660433,-0.0890540574655319,-0.1917058403581604,48.28844572368421
4761,validation,all,ls2_4,19456,1.6314299075236138,6.980166895684328,14.546230328402975,41.61872083660433,-0.0890540574655319,-0.1917058403581604,48.28844572368421
4761,full,all,ls2_4_damped_0.25,19456,1.4832052783174299,6.2340310660281215,11.034725143881653,26.569073409736102,0.16384256330955216,0.3299624648767612,69.65974506578947
4761,validation,all,ls2_4_damped_0.25,19456,1.4832052783174299,6.2340310660281215,11.034725143881653,26.569073409736102,0.16384256330955216,0.3299624648767612,69.65974506578947
4761,full,all,ls2_4_damped_0.5,19456,1.4074748405011905,5.970919616328482,11.07508723238849,28.31907248663119,0.08069075149407946,0.1572985902889909,63.68729440789473
4761,validation,all,ls2_4_damped_0.5,19456,1.4074748405011905,5.970919616328482,11.07508723238849,28.31907248663119,0.08069075149407946,0.1572985902889909,63.68729440789473
4761,full,all,ls1_5,19456,2.3678941600329906,9.853022883344337,16.43091242400038,44.27848834602048,0.4332281414560998,0.9502487182614405,17.511307565789476
4761,validation,all,ls1_5,19456,2.3678941600329906,9.853022883344337,16.43091242400038,44.27848834602048,0.4332281414560998,0.9502487182614405,17.511307565789476
4761,full,all,ls2_5,19456,1.6529052073041144,7.3367443257794696,13.925319575204535,29.084521463610457,-0.1250223194511288,-0.19531046139374655,45.93441611842105
4761,validation,all,ls2_5,19456,1.6529052073041144,7.3367443257794696,13.925319575204535,29.084521463610457,-0.1250223194511288,-0.19531046139374655,45.93441611842105
4761,full,all,ls2_5_damped_0.25,19456,1.5128046775517712,6.328518759311005,11.06207598462306,27.586749856345087,0.14697410202052819,0.3288693368517097,67.11040296052632
4761,validation,all,ls2_5_damped_0.25,19456,1.5128046775517712,6.328518759311005,11.06207598462306,27.586749856345087,0.14697410202052819,0.3288693368517097,67.11040296052632
4761,full,all,ls2_5_damped_0.5,19456,1.4466072998616144,6.182462560919329,11.333743695467346,25.985333088048012,0.0407980811398423,0.15511233423888826,60.762746710526315
4761,validation,all,ls2_5_damped_0.5,19456,1.4466072998616144,6.182462560919329,11.333743695467346,25.985333088048012,0.0407980811398423,0.15511233423888826,60.762746710526315
4761,full,all,ls1_7,19456,2.804899458837787,11.71245389259706,19.636236184967956,51.98441818234687,0.5596930580352438,1.2511788778486885,14.514802631578947
4761,validation,all,ls1_7,19456,2.804899458837787,11.71245389259706,19.636236184967956,51.98441818234687,0.5596930580352438,1.2511788778486885,14.514802631578947
4761,full,all,ls2_7,19456,1.7231926305191907,8.043185099877839,15.080577086797662,39.51026364751125,-0.14876440026551366,-0.21382041715447828,42.66550164473684
4761,validation,all,ls2_7,19456,1.7231926305191907,8.043185099877839,15.080577086797662,39.51026364751125,-0.14876440026551366,-0.21382041715447828,42.66550164473684
4761,full,all,ls2_7_damped_0.25,19456,1.542352024215997,6.666473527254018,11.290881538576874,28.754821435298744,0.1334281948734287,0.32395603779165727,63.66673519736842
4761,validation,all,ls2_7_damped_0.25,19456,1.542352024215997,6.666473527254018,11.290881538576874,28.754821435298744,0.1334281948734287,0.32395603779165727,63.66673519736842
4761,full,all,ls2_7_damped_0.5,19456,1.5138860770160252,6.785711925259296,12.094995541381873,28.28380031007975,0.02363747788968716,0.1452857361187832,56.34765625
4761,validation,all,ls2_7_damped_0.5,19456,1.5138860770160252,6.785711925259296,12.094995541381873,28.28380031007975,0.02363747788968716,0.1452857361187832,56.34765625
4761,full,all,ls1_9,19456,3.1986113226608195,13.490502057451085,22.929209569998463,56.546960008563794,0.7061642441997804,1.5582811814499216,13.579358552631579
4761,validation,all,ls1_9,19456,3.1986113226608195,13.490502057451085,22.929209569998463,56.546960008563794,0.7061642441997804,1.5582811814499216,13.579358552631579
4761,full,all,ls2_9,19456,1.9247011723524057,9.538774130938544,16.852110368654717,45.516909460200985,-0.15740718214712507,-0.232667695964337,35.18708881578947
4761,validation,all,ls2_9,19456,1.9247011723524057,9.538774130938544,16.852110368654717,45.516909460200985,-0.15740718214712507,-0.232667695964337,35.18708881578947
4761,full,all,ls2_9_damped_0.25,19456,1.6038767505100575,7.007158506111772,11.848392616374241,29.53199543491286,0.12386105417374615,0.319070752476464,56.1266447368421
4761,validation,all,ls2_9_damped_0.25,19456,1.6038767505100575,7.007158506111772,11.848392616374241,29.53199543491286,0.12386105417374615,0.319070752476464,56.1266447368421
4761,full,all,ls2_9_damped_0.5,19456,1.6095167809372528,7.629022655053388,12.91020527766404,29.83621387301851,0.023127683733097253,0.13551516548839607,49.07997532894737
4761,validation,all,ls2_9_damped_0.5,19456,1.6095167809372528,7.629022655053388,12.91020527766404,29.83621387301851,0.023127683733097253,0.13551516548839607,49.07997532894737
4761,full,all,bounded_acceleration,19456,1.443646662886998,6.478401146907652,11.313377443605553,27.869186794380997,0.05410268333283699,0.21442053120550983,61.83182565789473
4761,full,speed_lt_0.01,bounded_acceleration,473,0.3574058487394404,1.44479797284284,3.4636059894425117,4.409935950699025,0.0,0.3018585651330046,0.0
4761,full,speed_ge_0.05,bounded_acceleration,16820,1.5715763167466508,6.865687652537517,11.690520351004619,27.869186794380997,-0.004857620081855096,0.16816201309213233,64.45303210463733
4761,full,speed_ge_0.2,bounded_acceleration,7630,1.8448825552243298,8.345350554496553,13.888305630331942,27.869186794380997,-0.39091487812067727,-0.2306614621881762,64.20707732634338
4761,full,speed_ge_0.4,bounded_acceleration,2150,2.6423080845503346,11.358674217546339,17.120839975657358,27.869186794380997,-0.44459429404397116,-0.23554458106590823,76.0
4761,full,accel_lt_0.5,bounded_acceleration,3495,0.8607191605416387,2.555666815027169,4.001481394889341,6.659892150343035,0.0,-0.01475235055719717,47.1244635193133
4761,full,accel_ge_2,bounded_acceleration,3875,3.2896830263091257,10.961117048432355,16.099834640427577,27.869186794380997,0.63023877831907,0.9749261164511891,73.10967741935484
4761,full,reversal,bounded_acceleration,739,3.390926417639124,12.69863845525679,22.535965035905036,27.869186794380997,2.7735495887036437,3.52788934366444,62.5169147496617
4761,full,horizon_40_80ms,bounded_acceleration,19405,1.4439454415630575,6.478881849761423,11.313377443605553,27.869186794380997,0.054131232511262235,0.21366598888504926,61.85519196083483
4761,validation,all,bounded_acceleration,19456,1.443646662886998,6.478401146907652,11.313377443605553,27.869186794380997,0.05410268333283699,0.21442053120550983,61.83182565789473
4761,validation,speed_lt_0.01,bounded_acceleration,473,0.3574058487394404,1.44479797284284,3.4636059894425117,4.409935950699025,0.0,0.3018585651330046,0.0
4761,validation,speed_ge_0.05,bounded_acceleration,16820,1.5715763167466508,6.865687652537517,11.690520351004619,27.869186794380997,-0.004857620081855096,0.16816201309213233,64.45303210463733
4761,validation,speed_ge_0.2,bounded_acceleration,7630,1.8448825552243298,8.345350554496553,13.888305630331942,27.869186794380997,-0.39091487812067727,-0.2306614621881762,64.20707732634338
4761,validation,speed_ge_0.4,bounded_acceleration,2150,2.6423080845503346,11.358674217546339,17.120839975657358,27.869186794380997,-0.44459429404397116,-0.23554458106590823,76.0
4761,validation,accel_lt_0.5,bounded_acceleration,3495,0.8607191605416387,2.555666815027169,4.001481394889341,6.659892150343035,0.0,-0.01475235055719717,47.1244635193133
4761,validation,accel_ge_2,bounded_acceleration,3875,3.2896830263091257,10.961117048432355,16.099834640427577,27.869186794380997,0.63023877831907,0.9749261164511891,73.10967741935484
4761,validation,reversal,bounded_acceleration,739,3.390926417639124,12.69863845525679,22.535965035905036,27.869186794380997,2.7735495887036437,3.52788934366444,62.5169147496617
4761,validation,horizon_40_80ms,bounded_acceleration,19405,1.4439454415630575,6.478881849761423,11.313377443605553,27.869186794380997,0.054131232511262235,0.21366598888504926,61.85519196083483
4761,full,all,abg_0.5_0.1_0,19456,3.824152229375904,16.04913795113122,27.917273826398368,61.48266676821002,1.0157130333615707,2.1355451207735157,11.549136513157894
4761,validation,all,abg_0.5_0.1_0,19456,3.824152229375904,16.04913795113122,27.917273826398368,61.48266676821002,1.0157130333615707,2.1355451207735157,11.549136513157894
4761,full,all,abg_0.8_0.2_0,19456,2.925556958639598,12.24598332994389,20.72188510641673,50.994698463821386,0.671604431940054,1.4929172708772998,15.532483552631579
4761,validation,all,abg_0.8_0.2_0,19456,2.925556958639598,12.24598332994389,20.72188510641673,50.994698463821386,0.671604431940054,1.4929172708772998,15.532483552631579
4761,full,all,abg_1.0_0.5_0,19456,2.0700440623824146,8.580028159446453,14.252281218436138,36.20905420787064,0.3677725373444849,0.8027732912662697,21.201685855263158
4761,validation,all,abg_1.0_0.5_0,19456,2.0700440623824146,8.580028159446453,14.252281218436138,36.20905420787064,0.3677725373444849,0.8027732912662697,21.201685855263158
4761,full,all,abg_0.5_0.1_0.01,19456,3.8193592307357846,18.988515482023963,33.21457845831386,71.93214856940972,-0.15222906858844376,-0.31356606315945584,12.551398026315788
4761,validation,all,abg_0.5_0.1_0.01,19456,3.8193592307357846,18.988515482023963,33.21457845831386,71.93214856940972,-0.15222906858844376,-0.31356606315945584,12.551398026315788
4761,full,all,abg_0.8_0.3_0.05,19456,2.0443248637916387,10.510326210335709,18.525317768547296,37.32797593722882,-0.1787733940277116,-0.23053958812146974,32.80222039473684
4761,validation,all,abg_0.8_0.3_0.05,19456,2.0443248637916387,10.510326210335709,18.525317768547296,37.32797593722882,-0.1787733940277116,-0.23053958812146974,32.80222039473684
4761,full,all,abg_1.0_0.5_0.1,19456,1.697171037862077,8.207479954703818,14.813514043721339,34.2053801222687,-0.14289776659078415,-0.2084561865399486,43.09724506578947
4761,validation,all,abg_1.0_0.5_0.1,19456,1.697171037862077,8.207479954703818,14.813514043721339,34.2053801222687,-0.14289776659078415,-0.2084561865399486,43.09724506578947
68732,full,all,raw,10475,0.5181301874733162,5.209002674073661,9.265458849014282,20.424361360442763,0.04842501442908527,0.2699457405313286,0.0
68732,full,speed_lt_0.01,raw,898,0.2147603859705701,0.7285276541595486,1.0904621611978567,1.48030823069539,0.0,0.1366699747502728,0.0
68732,full,speed_ge_0.05,raw,6015,0.753238633169996,6.650442624646493,10.82133248771022,20.424361360442763,0.03646134501327121,0.34548611823254166,0.0
68732,full,speed_ge_0.2,raw,1210,3.7729547648335404,10.325995893829239,14.48709396040766,20.424361360442763,0.3572936748633994,0.5757053862841597,0.0
68732,full,speed_ge_0.4,raw,502,4.893355955325812,11.82456415605882,14.485897286253339,16.113974572441276,-0.1661134386887095,0.291636989301648,0.0
68732,full,accel_lt_0.5,raw,5196,0.3451529310446263,1.0777516094683612,1.952083619627104,7.925507017258263,0.0,0.03874919323491958,0.0
68732,full,accel_ge_2,raw,1438,3.7124308074864105,10.157595976787938,13.994327418905376,20.424361360442763,0.9043897108391229,1.1274589704158688,0.0
68732,full,reversal,raw,261,3.2551428923557593,10.12570422017606,12.997846344010744,20.424361360442763,2.2200148216469855,3.0321653652993996,0.0
68732,full,horizon_40_80ms,raw,7893,0.5753908711468732,5.80852108771337,10.016061424892873,20.424361360442763,0.05626553954954201,0.31060831042346054,0.0
68732,validation,all,raw,10475,0.5181301874733162,5.209002674073661,9.265458849014282,20.424361360442763,0.04842501442908527,0.2699457405313286,0.0
68732,validation,speed_lt_0.01,raw,898,0.2147603859705701,0.7285276541595486,1.0904621611978567,1.48030823069539,0.0,0.1366699747502728,0.0
68732,validation,speed_ge_0.05,raw,6015,0.753238633169996,6.650442624646493,10.82133248771022,20.424361360442763,0.03646134501327121,0.34548611823254166,0.0
68732,validation,speed_ge_0.2,raw,1210,3.7729547648335404,10.325995893829239,14.48709396040766,20.424361360442763,0.3572936748633994,0.5757053862841597,0.0
68732,validation,speed_ge_0.4,raw,502,4.893355955325812,11.82456415605882,14.485897286253339,16.113974572441276,-0.1661134386887095,0.291636989301648,0.0
68732,validation,accel_lt_0.5,raw,5196,0.3451529310446263,1.0777516094683612,1.952083619627104,7.925507017258263,0.0,0.03874919323491958,0.0
68732,validation,accel_ge_2,raw,1438,3.7124308074864105,10.157595976787938,13.994327418905376,20.424361360442763,0.9043897108391229,1.1274589704158688,0.0
68732,validation,reversal,raw,261,3.2551428923557593,10.12570422017606,12.997846344010744,20.424361360442763,2.2200148216469855,3.0321653652993996,0.0
68732,validation,horizon_40_80ms,raw,7893,0.5753908711468732,5.80852108771337,10.016061424892873,20.424361360442763,0.05626553954954201,0.31060831042346054,0.0
68732,full,all,ema_0.1,10475,1.2174147095448513,11.692352676929266,25.491660665299186,39.840671853990536,0.4480236761761075,1.3080956082930577,14.05250596658711
68732,validation,all,ema_0.1,10475,1.2174147095448513,11.692352676929266,25.491660665299186,39.840671853990536,0.4480236761761075,1.3080956082930577,14.05250596658711
68732,full,all,ema_0.25,10475,0.8201770660487279,8.415315671642794,16.69583439742345,28.554693469168893,0.1991771435309165,0.6818454361463109,21.18377088305489
68732,full,speed_lt_0.01,ema_0.25,898,0.2345298932394726,1.0156619285124666,2.33011835163687,3.9534463859808007,0.07547446112992515,0.20325391043517824,38.530066815144764
68732,full,speed_ge_0.05,ema_0.25,6015,1.219975146153706,11.443910126043525,18.80544097763096,28.554693469168893,0.32972629552198046,0.9901125150534367,18.952618453865338
68732,full,speed_ge_0.2,ema_0.25,1210,6.075779779823181,18.754796555550865,23.982163978719804,28.554693469168893,1.932841706023856,2.5272435627178873,11.818181818181818
68732,full,speed_ge_0.4,ema_0.25,502,9.00934435692135,20.82368237945275,24.330448483640012,28.554693469168893,1.9821840006923188,2.7218374656163857,10.557768924302788
68732,full,accel_lt_0.5,ema_0.25,5196,0.5372418009973156,1.5555855106068779,2.728091350639391,9.04456792293342,0.08204718020266927,0.1257069905269737,23.61431870669746
68732,full,accel_ge_2,ema_0.25,1438,6.037665908757554,18.206715136995268,23.429458745432402,28.554693469168893,2.4599363429944594,2.7727811991031666,15.229485396383865
68732,full,reversal,ema_0.25,261,3.4306382661389017,9.914675436084586,14.93313915058574,17.557359563366376,2.3631635100838184,3.129160379391564,45.21072796934866
68732,full,horizon_40_80ms,ema_0.25,7893,0.8883402926370421,9.044272896149694,18.044961779985453,28.554693469168893,0.22275854116712585,0.759430375517925,21.854808057772708
68732,validation,all,ema_0.25,10475,0.8201770660487279,8.415315671642794,16.69583439742345,28.554693469168893,0.1991771435309165,0.6818454361463109,21.18377088305489
68732,validation,speed_lt_0.01,ema_0.25,898,0.2345298932394726,1.0156619285124666,2.33011835163687,3.9534463859808007,0.07547446112992515,0.20325391043517824,38.530066815144764
68732,validation,speed_ge_0.05,ema_0.25,6015,1.219975146153706,11.443910126043525,18.80544097763096,28.554693469168893,0.32972629552198046,0.9901125150534367,18.952618453865338
68732,validation,speed_ge_0.2,ema_0.25,1210,6.075779779823181,18.754796555550865,23.982163978719804,28.554693469168893,1.932841706023856,2.5272435627178873,11.818181818181818
68732,validation,speed_ge_0.4,ema_0.25,502,9.00934435692135,20.82368237945275,24.330448483640012,28.554693469168893,1.9821840006923188,2.7218374656163857,10.557768924302788
68732,validation,accel_lt_0.5,ema_0.25,5196,0.5372418009973156,1.5555855106068779,2.728091350639391,9.04456792293342,0.08204718020266927,0.1257069905269737,23.61431870669746
68732,validation,accel_ge_2,ema_0.25,1438,6.037665908757554,18.206715136995268,23.429458745432402,28.554693469168893,2.4599363429944594,2.7727811991031666,15.229485396383865
68732,validation,reversal,ema_0.25,261,3.4306382661389017,9.914675436084586,14.93313915058574,17.557359563366376,2.3631635100838184,3.129160379391564,45.21072796934866
68732,validation,horizon_40_80ms,ema_0.25,7893,0.8883402926370421,9.044272896149694,18.044961779985453,28.554693469168893,0.22275854116712585,0.759430375517925,21.854808057772708
68732,full,all,ema_0.5,10475,0.6078841132084176,6.636007399657602,12.196674775261654,20.82884155334366,0.09920713654946502,0.4192394741345709,29.19331742243437
68732,validation,all,ema_0.5,10475,0.6078841132084176,6.636007399657602,12.196674775261654,20.82884155334366,0.09920713654946502,0.4192394741345709,29.19331742243437
68732,full,all,ema_0.75,10475,0.5360084296796798,5.7733407666772765,10.45640453798402,17.381035557958324,0.0677488114976253,0.3206220878965906,36.74463007159904
68732,validation,all,ema_0.75,10475,0.5360084296796798,5.7733407666772765,10.45640453798402,17.381035557958324,0.0677488114976253,0.3206220878965906,36.74463007159904
68732,full,all,acc_0.1_0.25,10475,0.5155118278197102,5.194854930938736,9.281732843673081,21.564507612654484,0.028337380898215817,0.21289433478424924,50.88305489260143
68732,validation,all,acc_0.1_0.25,10475,0.5155118278197102,5.194854930938736,9.281732843673081,21.564507612654484,0.028337380898215817,0.21289433478424924,50.88305489260143
68732,full,all,acc_0.1_0.5,10475,0.5215863560173875,5.15844136914773,9.101718915052004,22.708204273365208,0.008629586312490781,0.1558429290371696,48.4964200477327
68732,validation,all,acc_0.1_0.5,10475,0.5215863560173875,5.15844136914773,9.101718915052004,22.708204273365208,0.008629586312490781,0.1558429290371696,48.4964200477327
68732,full,all,acc_0.1_1.0,10475,0.5454896647035024,5.257197897928022,9.421454238371918,25.004298635659627,0.0,0.04174011754300982,42.940334128878284
68732,validation,all,acc_0.1_1.0,10475,0.5454896647035024,5.257197897928022,9.421454238371918,25.004298635659627,0.0,0.04174011754300982,42.940334128878284
68732,full,all,acc_0.25_0.25,10475,0.5125121431020581,5.079666214330054,8.843852033463463,23.076751107545896,0.028408875341797937,0.20159083684581747,54.08114558472553
68732,validation,all,acc_0.25_0.25,10475,0.5125121431020581,5.079666214330054,8.843852033463463,23.076751107545896,0.028408875341797937,0.20159083684581747,54.08114558472553
68732,full,all,acc_0.25_0.5,10475,0.520274890408299,5.010264216970459,8.482320777280563,25.72997702900644,0.009470454908763368,0.13323593316030613,50.05250596658711
68732,validation,all,acc_0.25_0.5,10475,0.520274890408299,5.010264216970459,8.482320777280563,25.72997702900644,0.009470454908763368,0.13323593316030613,50.05250596658711
68732,full,all,acc_0.25_1.0,10475,0.5654143764826408,5.2431340014636465,9.143338779424523,31.038079595685083,0.0,-0.0034738742107162084,41.44152744630071
68732,validation,all,acc_0.25_1.0,10475,0.5654143764826408,5.2431340014636465,9.143338779424523,31.038079595685083,0.0,-0.0034738742107162084,41.44152744630071
68732,full,all,acc_0.5_0.25,10475,0.520661644578478,4.894895527191978,8.445476306642302,24.383282073987537,0.0281689533844622,0.19501771812061977,52.20047732696897
68732,validation,all,acc_0.5_0.25,10475,0.520661644578478,4.894895527191978,8.445476306642302,24.383282073987537,0.0281689533844622,0.19501771812061977,52.20047732696897
68732,full,all,acc_0.5_0.5,10475,0.5442228805656177,4.888913905968007,8.304657317445589,28.343302219298955,0.0,0.12008969570991174,47.05489260143198
68732,validation,all,acc_0.5_0.5,10475,0.5442228805656177,4.888913905968007,8.304657317445589,28.343302219298955,0.0,0.12008969570991174,47.05489260143198
68732,full,all,acc_0.5_1.0,10475,0.6497067975201491,5.396013006730101,9.63042443333788,36.2652000892843,-0.0032737272279928864,-0.02976634911150602,35.36038186157518
68732,validation,all,acc_0.5_1.0,10475,0.6497067975201491,5.396013006730101,9.63042443333788,36.2652000892843,-0.0032737272279928864,-0.02976634911150602,35.36038186157518
68732,full,all,acc_1.0_0.25,10475,0.5677284152961847,4.874346895434915,8.358944688599497,24.319483125937,0.03294409434632141,0.19345201727469355,44.7255369928401
68732,validation,all,acc_1.0_0.25,10475,0.5677284152961847,4.874346895434915,8.358944688599497,24.319483125937,0.03294409434632141,0.19345201727469355,44.7255369928401
68732,full,all,acc_1.0_0.5,10475,0.6619142241767945,4.948921386852476,8.463673433614737,28.23346259885073,0.006661805989365021,0.11695829401805825,36.24821002386635
68732,validation,all,acc_1.0_0.5,10475,0.6619142241767945,4.948921386852476,8.463673433614737,28.23346259885073,0.006661805989365021,0.11695829401805825,36.24821002386635
68732,full,all,acc_1.0_1.0,10475,0.9308814949136465,6.103941767712574,11.341980969145487,36.09343426120867,0.0,-0.036029152495213,22.90214797136038
68732,validation,all,acc_1.0_1.0,10475,0.9308814949136465,6.103941767712574,11.341980969145487,36.09343426120867,0.0,-0.036029152495213,22.90214797136038
68732,full,all,guard_acc_0.25_0.25_2.0,10475,0.5117828636747007,5.144917107911909,9.15634325987502,20.810020361678284,0.03437561245393038,0.2235215942356162,52.21002386634845
68732,validation,all,guard_acc_0.25_0.25_2.0,10475,0.5117828636747007,5.144917107911909,9.15634325987502,20.810020361678284,0.03437561245393038,0.2235215942356162,52.21002386634845
68732,full,all,guard_acc_0.25_0.5_2.0,10475,0.5186054690062396,5.12848829191266,8.979800278846279,21.196863139666352,0.015287642190657258,0.17709744793990345,48.94510739856802
68732,validation,all,guard_acc_0.25_0.5_2.0,10475,0.5186054690062396,5.12848829191266,8.979800278846279,21.196863139666352,0.015287642190657258,0.17709744793990345,48.94510739856802
68732,full,all,guard_acc_0.25_0.25_4.0,10475,0.5119947969504072,5.116397764524241,8.94300121663989,21.180073121911047,0.031738490121907374,0.20910064934947983,51.52267303102626
68732,validation,all,guard_acc_0.25_0.25_4.0,10475,0.5119947969504072,5.116397764524241,8.94300121663989,21.180073121911047,0.031738490121907374,0.20910064934947983,51.52267303102626
68732,full,all,guard_acc_0.25_0.5_4.0,10475,0.5189274642720153,5.024191792868748,8.69516130006908,21.936671555237307,0.012528206366758495,0.14825555816763053,48.105011933174225
68732,validation,all,guard_acc_0.25_0.5_4.0,10475,0.5189274642720153,5.024191792868748,8.69516130006908,21.936671555237307,0.012528206366758495,0.14825555816763053,48.105011933174225
68732,full,all,guard_acc_0.5_0.25_2.0,10475,0.5211699143195643,5.037123371344411,9.014467779432682,21.095543526133454,0.03446814138039887,0.2201578966422877,50.99761336515514
68732,validation,all,guard_acc_0.5_0.25_2.0,10475,0.5211699143195643,5.037123371344411,9.014467779432682,21.095543526133454,0.03446814138039887,0.2201578966422877,50.99761336515514
68732,full,all,guard_acc_0.5_0.5_2.0,10475,0.5419814700094282,4.950553785875205,8.660912974697103,21.767158076044517,0.010880845138985544,0.1703700527532472,46.15751789976134
68732,validation,all,guard_acc_0.5_0.5_2.0,10475,0.5419814700094282,4.950553785875205,8.660912974697103,21.767158076044517,0.010880845138985544,0.1703700527532472,46.15751789976134
68732,full,all,guard_acc_0.5_0.25_4.0,10475,0.5203796972163226,4.964576371810243,8.620486360738104,21.76718885110978,0.03161874524793675,0.2037633590341574,50.319809069212404
68732,validation,all,guard_acc_0.5_0.25_4.0,10475,0.5203796972163226,4.964576371810243,8.620486360738104,21.76718885110978,0.03161874524793675,0.2037633590341574,50.319809069212404
68732,full,all,guard_acc_0.5_0.5_4.0,10475,0.5431203672380631,4.8798060815712025,8.36639248054091,23.110583506042396,0.006273482138982627,0.13758097753698653,45.39379474940334
68732,validation,all,guard_acc_0.5_0.5_4.0,10475,0.5431203672380631,4.8798060815712025,8.36639248054091,23.110583506042396,0.006273482138982627,0.13758097753698653,45.39379474940334
68732,full,all,ls1_3,10475,0.5570723041760406,6.159790374197958,11.176441845756724,18.83224353118757,0.06670850497929107,0.34679838087835324,35.98090692124105
68732,validation,all,ls1_3,10475,0.5570723041760406,6.159790374197958,11.176441845756724,18.83224353118757,0.06670850497929107,0.34679838087835324,35.98090692124105
68732,full,all,ls2_3,10475,0.9308770764465146,6.194536521726384,11.827487300405238,54.15495362672686,0.0,-0.041563982323446956,22.85441527446301
68732,validation,all,ls2_3,10475,0.9308770764465146,6.194536521726384,11.827487300405238,54.15495362672686,0.0,-0.041563982323446956,22.85441527446301
68732,full,all,ls2_3_damped_0.25,10475,0.567656409775499,4.877007697630359,8.358943048564248,25.35809646426765,0.032944318995479255,0.1931164914576528,44.71599045346062
68732,validation,all,ls2_3_damped_0.25,10475,0.567656409775499,4.877007697630359,8.358943048564248,25.35809646426765,0.032944318995479255,0.1931164914576528,44.71599045346062
68732,full,all,ls2_3_damped_0.5,10475,0.6619139139016859,4.960564655223669,8.505506401120426,30.318819649470676,0.006661699470439315,0.1162872423839772,36.24821002386635
68732,validation,all,ls2_3_damped_0.5,10475,0.6619139139016859,4.960564655223669,8.505506401120426,30.318819649470676,0.006661699470439315,0.1162872423839772,36.24821002386635
68732,full,all,ls1_4,10475,0.6359091201320584,7.042084053792551,12.579720336134468,21.341800511588122,0.09587470751767266,0.42079696449612286,26.520286396181387
68732,validation,all,ls1_4,10475,0.6359091201320584,7.042084053792551,12.579720336134468,21.341800511588122,0.09587470751767266,0.42079696449612286,26.520286396181387
68732,full,all,ls2_4,10475,0.6504568972856811,5.796438337355249,10.548536512175891,41.74964253025235,0.0,-0.028220036752949144,37.41288782816229
68732,validation,all,ls2_4,10475,0.6504568972856811,5.796438337355249,10.548536512175891,41.74964253025235,0.0,-0.028220036752949144,37.41288782816229
68732,full,all,ls2_4_damped_0.25,10475,0.5062772855157698,4.955071541238662,8.4807805207617,24.355822929320624,0.037070717253386835,0.19547503176462278,57.25059665871122
68732,validation,all,ls2_4_damped_0.25,10475,0.5062772855157698,4.955071541238662,8.4807805207617,24.355822929320624,0.037070717253386835,0.19547503176462278,57.25059665871122
68732,full,all,ls2_4_damped_0.5,10475,0.5236968976468233,4.933290052957095,8.437604275920034,28.300871683076327,0.00916971359833264,0.12100432299791644,50.663484486873514
68732,validation,all,ls2_4_damped_0.5,10475,0.5236968976468233,4.933290052957095,8.437604275920034,28.300871683076327,0.00916971359833264,0.12100432299791644,50.663484486873514
68732,full,all,ls1_5,10475,0.7028870897626026,7.706110224710503,14.41494488092438,24.22444439853239,0.11949249267817036,0.49667978022505876,23.045346062052506
68732,validation,all,ls1_5,10475,0.7028870897626026,7.706110224710503,14.41494488092438,24.22444439853239,0.11949249267817036,0.49667978022505876,23.045346062052506
68732,full,all,ls2_5,10475,0.6014051466102546,6.37025458858584,11.22193788601201,31.07300184046577,-0.009278931206178101,-0.03265527798863539,38.17661097852029
68732,validation,all,ls2_5,10475,0.6014051466102546,6.37025458858584,11.22193788601201,31.07300184046577,-0.009278931206178101,-0.03265527798863539,38.17661097852029
68732,full,all,ls2_5_damped_0.25,10475,0.5064064475027553,5.069305804606841,8.71625581241698,23.047740803461874,0.025533333945543527,0.1941601797952594,56.68735083532219
68732,validation,all,ls2_5_damped_0.25,10475,0.5064064475027553,5.069305804606841,8.71625581241698,23.047740803461874,0.025533333945543527,0.1941601797952594,56.68735083532219
68732,full,all,ls2_5_damped_0.5,10475,0.5064139361531139,5.355578362186428,8.728776409017097,25.702317280679285,0.001126338394948692,0.11837461905918996,50.84486873508354
68732,validation,all,ls2_5_damped_0.5,10475,0.5064139361531139,5.355578362186428,8.728776409017097,25.702317280679285,0.001126338394948692,0.11837461905918996,50.84486873508354
68732,full,all,ls1_7,10475,0.8440925400287843,9.11862643459636,16.81392434008308,29.133982338236173,0.16419840032742497,0.6461598916386263,17.928400954653938
68732,validation,all,ls1_7,10475,0.8440925400287843,9.11862643459636,16.81392434008308,29.133982338236173,0.16419840032742497,0.6461598916386263,17.928400954653938
68732,full,all,ls2_7,10475,0.6160918328693842,7.16702174722743,13.159577322495098,22.86698777357028,0.0,-0.021116974310617043,36.55369928400955
68732,validation,all,ls2_7,10475,0.6160918328693842,7.16702174722743,13.159577322495098,22.86698777357028,0.0,-0.021116974310617043,36.55369928400955
68732,full,all,ls2_7_damped_0.25,10475,0.5056611749618305,5.371003457492393,9.320188810437621,19.632518863531924,0.023723808217771786,0.19718006182084197,55.29355608591885
68732,validation,all,ls2_7_damped_0.25,10475,0.5056611749618305,5.371003457492393,9.320188810437621,19.632518863531924,0.023723808217771786,0.19718006182084197,55.29355608591885
68732,full,all,ls2_7_damped_0.5,10475,0.5229145766963736,5.7959935350920215,9.665824736349581,18.861063006313703,0.0,0.12441438311035558,48.572792362768496
68732,validation,all,ls2_7_damped_0.5,10475,0.5229145766963736,5.7959935350920215,9.665824736349581,18.861063006313703,0.0,0.12441438311035558,48.572792362768496
68732,full,all,ls1_9,10475,0.974183326397644,10.217513629689124,19.814320045300633,33.752049522810616,0.22128511503075207,0.7792115070696317,14.988066825775656
68732,validation,all,ls1_9,10475,0.974183326397644,10.217513629689124,19.814320045300633,33.752049522810616,0.22128511503075207,0.7792115070696317,14.988066825775656
68732,full,all,ls2_9,10475,0.6830038034132184,8.144589859026814,14.154639081432132,26.860310933389556,0.0,0.031511057699396036,32.27684964200478
68732,validation,all,ls2_9,10475,0.6830038034132184,8.144589859026814,14.154639081432132,26.860310933389556,0.0,0.031511057699396036,32.27684964200478
68732,full,all,ls2_9_damped_0.25,10475,0.5218872072184255,5.619564800244838,9.794063828684106,18.034625704373582,0.02382170248919623,0.21033706982334563,51.369928400954656
68732,validation,all,ls2_9_damped_0.25,10475,0.5218872072184255,5.619564800244838,9.794063828684106,18.034625704373582,0.02382170248919623,0.21033706982334563,51.369928400954656
68732,full,all,ls2_9_damped_0.5,10475,0.5379631936612022,6.3918479466522,10.63082734158008,18.197822610204213,0.00043034641761644947,0.15072839911536223,44.21002386634845
68732,validation,all,ls2_9_damped_0.5,10475,0.5379631936612022,6.3918479466522,10.63082734158008,18.197822610204213,0.00043034641761644947,0.15072839911536223,44.21002386634845
68732,full,all,bounded_acceleration,10475,0.5186054690062396,5.1284882919126735,8.979800278846279,21.196863139666362,0.01528764219064565,0.1770974479399034,48.94510739856802
68732,full,speed_lt_0.01,bounded_acceleration,898,0.2147603859705701,0.7285276541595486,1.0904621611978567,1.48030823069539,0.0,0.1366699747502728,0.0
68732,full,speed_ge_0.05,bounded_acceleration,6015,0.7426572711713453,6.274809262288621,10.202196108253228,21.196863139666362,-0.028685069717941693,0.20510115460470965,53.93183707398171
68732,full,speed_ge_0.2,bounded_acceleration,1210,3.599238004911336,9.676604606150198,13.494202610965749,21.196863139666362,0.0007536653614790591,0.2326337084951353,70.9090909090909
68732,full,speed_ge_0.4,bounded_acceleration,502,4.714398110591866,10.892859979161754,13.444414225924579,15.310020454734083,-0.6660650763903155,-0.06130769619707918,74.10358565737052
68732,full,accel_lt_0.5,bounded_acceleration,5196,0.33391272615097034,1.016537088563606,1.9697833709234462,7.6436921650039,0.0,0.013083825830029096,44.89992301770593
68732,full,accel_ge_2,bounded_acceleration,1438,3.5908441298775697,9.695163765590591,13.409831780481388,21.196863139666362,0.6511250016954384,0.83120405480774,68.42837273991655
68732,full,reversal,bounded_acceleration,261,3.2707886892470848,10.036747267888448,12.846187470306802,21.196863139666362,2.245714706536914,2.9698379413718117,54.78927203065134
68732,full,horizon_40_80ms,bounded_acceleration,7893,0.5847879064189048,5.618381838975507,9.629514089362381,21.196863139666362,0.01941944436294626,0.20534166405571316,48.37197516787026
68732,validation,all,bounded_acceleration,10475,0.5186054690062396,5.1284882919126735,8.979800278846279,21.196863139666362,0.01528764219064565,0.1770974479399034,48.94510739856802
68732,validation,speed_lt_0.01,bounded_acceleration,898,0.2147603859705701,0.7285276541595486,1.0904621611978567,1.48030823069539,0.0,0.1366699747502728,0.0
68732,validation,speed_ge_0.05,bounded_acceleration,6015,0.7426572711713453,6.274809262288621,10.202196108253228,21.196863139666362,-0.028685069717941693,0.20510115460470965,53.93183707398171
68732,validation,speed_ge_0.2,bounded_acceleration,1210,3.599238004911336,9.676604606150198,13.494202610965749,21.196863139666362,0.0007536653614790591,0.2326337084951353,70.9090909090909
68732,validation,speed_ge_0.4,bounded_acceleration,502,4.714398110591866,10.892859979161754,13.444414225924579,15.310020454734083,-0.6660650763903155,-0.06130769619707918,74.10358565737052
68732,validation,accel_lt_0.5,bounded_acceleration,5196,0.33391272615097034,1.016537088563606,1.9697833709234462,7.6436921650039,0.0,0.013083825830029096,44.89992301770593
68732,validation,accel_ge_2,bounded_acceleration,1438,3.5908441298775697,9.695163765590591,13.409831780481388,21.196863139666362,0.6511250016954384,0.83120405480774,68.42837273991655
68732,validation,reversal,bounded_acceleration,261,3.2707886892470848,10.036747267888448,12.846187470306802,21.196863139666362,2.245714706536914,2.9698379413718117,54.78927203065134
68732,validation,horizon_40_80ms,bounded_acceleration,7893,0.5847879064189048,5.618381838975507,9.629514089362381,21.196863139666362,0.01941944436294626,0.20534166405571316,48.37197516787026
68732,full,all,abg_0.5_0.1_0,10475,1.2286081816837748,12.335205773380538,25.441558500885773,39.38085972749559,0.3454486658510213,1.048378746881947,11.761336515513127
68732,validation,all,abg_0.5_0.1_0,10475,1.2286081816837748,12.335205773380538,25.441558500885773,39.38085972749559,0.3454486658510213,1.048378746881947,11.761336515513127
68732,full,all,abg_0.8_0.2_0,10475,0.8857404572420183,9.113096734020823,18.02121190294575,30.48640786053471,0.21693456710679973,0.7351643209349067,18.558472553699286
68732,validation,all,abg_0.8_0.2_0,10475,0.8857404572420183,9.113096734020823,18.02121190294575,30.48640786053471,0.21693456710679973,0.7351643209349067,18.558472553699286
68732,full,all,abg_1.0_0.5_0,10475,0.6078843453055847,6.636006942197885,12.196674996888165,20.82884036466464,0.09920679363531441,0.4192396086557084,29.19331742243437
68732,validation,all,abg_1.0_0.5_0,10475,0.6078843453055847,6.636006942197885,12.196674996888165,20.82884036466464,0.09920679363531441,0.4192396086557084,29.19331742243437
68732,full,all,abg_0.5_0.1_0.01,10475,1.5904801905392145,16.07924733209987,27.592587710128104,48.02792004301166,0.015024791984033453,0.21591738725934465,7.121718377088306
68732,validation,all,abg_0.5_0.1_0.01,10475,1.5904801905392145,16.07924733209987,27.592587710128104,48.02792004301166,0.015024791984033453,0.21591738725934465,7.121718377088306
68732,full,all,abg_0.8_0.3_0.05,10475,0.7338098725441028,9.122700334305044,16.235655635996,26.548421619476134,0.0,0.05509279715194545,28.630071599045348
68732,validation,all,abg_0.8_0.3_0.05,10475,0.7338098725441028,9.122700334305044,16.235655635996,26.548421619476134,0.0,0.05509279715194545,28.630071599045348
68732,full,all,abg_1.0_0.5_0.1,10475,0.5858587432164455,7.083255774744477,12.667146808951166,23.76132066529284,0.0,-0.011266711041131604,39.58949880668258
68732,validation,all,abg_1.0_0.5_0.1,10475,0.5858587432164455,7.083255774744477,12.667146808951166,23.76132066529284,0.0,-0.011266711041131604,39.58949880668258
74882,full,all,raw,13639,1.4887327505229582,5.219765760848276,7.768577098165724,18.70320622481392,0.1057212032145435,0.3282813948796719,0.0
74882,full,speed_lt_0.01,raw,1351,0.08255142446451531,0.5067612121243968,0.9470291912586319,3.6801176450021993,0.0,0.04362649861799001,0.0
74882,full,speed_ge_0.05,raw,11558,1.7066309790650807,5.413695475639901,8.108563837983356,18.70320622481392,0.21752887062980467,0.3293904556358511,0.0
74882,full,speed_ge_0.2,raw,7216,1.7241552921920142,5.946599014469223,8.737694244073959,18.70320622481392,3.5541322988991534e-05,0.09412610858122485,0.0
74882,full,speed_ge_0.4,raw,1996,2.8829008769637983,7.323588317057725,9.661257252606534,15.78501163049365,-0.4452810908501429,-0.20186272898526272,0.0
74882,full,accel_lt_0.5,raw,2336,0.2471071299072645,2.117992711159862,3.674224707566131,5.878809683868307,0.0,0.015268488622124307,0.0
74882,full,accel_ge_2,raw,3869,2.6032730500538346,7.160691161237,9.668523916332752,18.70320622481392,0.399414179019061,0.6345910439919359,0.0
74882,full,reversal,raw,283,2.7106385380293343,7.947148096227563,15.78501163049365,18.70320622481392,1.981622337449736,2.415198498814901,0.0
74882,full,horizon_40_80ms,raw,10145,1.7474966236584535,5.63314392779356,8.289882566293613,18.70320622481392,0.14197758834993895,0.3812704857812633,0.0
74882,validation,all,raw,13639,1.4887327505229582,5.219765760848276,7.768577098165724,18.70320622481392,0.1057212032145435,0.3282813948796719,0.0
74882,validation,speed_lt_0.01,raw,1351,0.08255142446451531,0.5067612121243968,0.9470291912586319,3.6801176450021993,0.0,0.04362649861799001,0.0
74882,validation,speed_ge_0.05,raw,11558,1.7066309790650807,5.413695475639901,8.108563837983356,18.70320622481392,0.21752887062980467,0.3293904556358511,0.0
74882,validation,speed_ge_0.2,raw,7216,1.7241552921920142,5.946599014469223,8.737694244073959,18.70320622481392,3.5541322988991534e-05,0.09412610858122485,0.0
74882,validation,speed_ge_0.4,raw,1996,2.8829008769637983,7.323588317057725,9.661257252606534,15.78501163049365,-0.4452810908501429,-0.20186272898526272,0.0
74882,validation,accel_lt_0.5,raw,2336,0.2471071299072645,2.117992711159862,3.674224707566131,5.878809683868307,0.0,0.015268488622124307,0.0
74882,validation,accel_ge_2,raw,3869,2.6032730500538346,7.160691161237,9.668523916332752,18.70320622481392,0.399414179019061,0.6345910439919359,0.0
74882,validation,reversal,raw,283,2.7106385380293343,7.947148096227563,15.78501163049365,18.70320622481392,1.981622337449736,2.415198498814901,0.0
74882,validation,horizon_40_80ms,raw,10145,1.7474966236584535,5.63314392779356,8.289882566293613,18.70320622481392,0.14197758834993895,0.3812704857812633,0.0
74882,full,all,ema_0.1,13639,5.212408705837313,15.491679244955936,22.21433039864536,37.136165759149165,1.8950263431367211,3.0141917459871586,11.965686633917443
74882,validation,all,ema_0.1,13639,5.212408705837313,15.491679244955936,22.21433039864536,37.136165759149165,1.8950263431367211,3.0141917459871586,11.965686633917443
74882,full,all,ema_0.25,13639,2.9858960396777046,9.511708531488297,14.27965697394645,28.126862081422363,0.5687300112065905,1.1052741189253281,14.817801891634282
74882,full,speed_lt_0.01,ema_0.25,1351,0.04833534563271746,0.536425879297603,1.108602816375793,8.596371791112931,0.0,0.06775119856179745,69.8741672834937
74882,full,speed_ge_0.05,ema_0.25,11558,3.4395950031424887,9.986801203094124,14.709502267962023,28.126862081422363,0.9070183568409169,1.21068172103867,6.757224433292958
74882,full,speed_ge_0.2,ema_0.25,7216,3.4586895351280686,11.207590385326926,15.16439880222346,28.126862081422363,0.674126839522698,1.0203555633383241,5.335365853658536
74882,full,speed_ge_0.4,ema_0.25,1996,6.0719584551018695,14.12519180683505,16.75251548290387,20.774981801621408,1.058896083849367,1.507190805004092,3.807615230460922
74882,full,accel_lt_0.5,ema_0.25,2336,0.1947766573397808,3.370905148745071,5.354688285275712,7.677725552083321,0.0,0.08157444863901933,44.82020547945205
74882,full,accel_ge_2,ema_0.25,3869,5.491549079697006,12.943488139696138,16.76668716613326,28.126862081422363,1.4483554060650405,2.043737808671707,8.322563970018093
74882,full,reversal,ema_0.25,283,3.3954859727590874,18.532349589903788,23.448572151570886,28.126862081422363,1.674623902932725,2.669621046265166,42.75618374558304
74882,full,horizon_40_80ms,ema_0.25,10145,3.3858616546292506,10.251108235393076,14.877050224991601,28.126862081422363,0.6643344175572747,1.2399556809142116,14.854608181370132
74882,validation,all,ema_0.25,13639,2.9858960396777046,9.511708531488297,14.27965697394645,28.126862081422363,0.5687300112065905,1.1052741189253281,14.817801891634282
74882,validation,speed_lt_0.01,ema_0.25,1351,0.04833534563271746,0.536425879297603,1.108602816375793,8.596371791112931,0.0,0.06775119856179745,69.8741672834937
74882,validation,speed_ge_0.05,ema_0.25,11558,3.4395950031424887,9.986801203094124,14.709502267962023,28.126862081422363,0.9070183568409169,1.21068172103867,6.757224433292958
74882,validation,speed_ge_0.2,ema_0.25,7216,3.4586895351280686,11.207590385326926,15.16439880222346,28.126862081422363,0.674126839522698,1.0203555633383241,5.335365853658536
74882,validation,speed_ge_0.4,ema_0.25,1996,6.0719584551018695,14.12519180683505,16.75251548290387,20.774981801621408,1.058896083849367,1.507190805004092,3.807615230460922
74882,validation,accel_lt_0.5,ema_0.25,2336,0.1947766573397808,3.370905148745071,5.354688285275712,7.677725552083321,0.0,0.08157444863901933,44.82020547945205
74882,validation,accel_ge_2,ema_0.25,3869,5.491549079697006,12.943488139696138,16.76668716613326,28.126862081422363,1.4483554060650405,2.043737808671707,8.322563970018093
74882,validation,reversal,ema_0.25,283,3.3954859727590874,18.532349589903788,23.448572151570886,28.126862081422363,1.674623902932725,2.669621046265166,42.75618374558304
74882,validation,horizon_40_80ms,ema_0.25,10145,3.3858616546292506,10.251108235393076,14.877050224991601,28.126862081422363,0.6643344175572747,1.2399556809142116,14.854608181370132
74882,full,all,ema_0.5,13639,2.004718725977319,6.68747287737446,9.995525174569895,22.79587780160885,0.2347817220498149,0.5576042251446721,19.326930126842143
74882,validation,all,ema_0.5,13639,2.004718725977319,6.68747287737446,9.995525174569895,22.79587780160885,0.2347817220498149,0.5576042251446721,19.326930126842143
74882,full,all,ema_0.75,13639,1.6522558494662085,5.675463923229307,8.553212821610506,20.487853983695672,0.12560305893892273,0.4018309494090777,24.94317765232055
74882,validation,all,ema_0.75,13639,1.6522558494662085,5.675463923229307,8.553212821610506,20.487853983695672,0.12560305893892273,0.4018309494090777,24.94317765232055
74882,full,all,acc_0.1_0.25,13639,1.3937551930686516,4.985775063545187,7.67536056721756,17.96564805194815,0.0,0.1814858700937096,64.40354864726153
74882,validation,all,acc_0.1_0.25,13639,1.3937551930686516,4.985775063545187,7.67536056721756,17.96564805194815,0.0,0.1814858700937096,64.40354864726153
74882,full,all,acc_0.1_0.5,13639,1.3229885452245602,4.930437791928707,7.415391704438314,17.341021671147423,0.0,0.0346903453077466,60.92822054402816
74882,validation,all,acc_0.1_0.5,13639,1.3229885452245602,4.930437791928707,7.415391704438314,17.341021671147423,0.0,0.0346903453077466,60.92822054402816
74882,full,all,acc_0.1_1.0,13639,1.2815985066028737,5.020659170105844,7.772832471284609,16.828738859303552,-0.10517245222726744,-0.2589007042641786,53.808930273480456
74882,validation,all,acc_0.1_1.0,13639,1.2815985066028737,5.020659170105844,7.772832471284609,16.828738859303552,-0.10517245222726744,-0.2589007042641786,53.808930273480456
74882,full,all,acc_0.25_0.25,13639,1.3295950044959404,4.824676301933472,7.328156078342412,17.173573594903676,0.02604613982739055,0.2002684815668622,69.41124715888262
74882,validation,all,acc_0.25_0.25,13639,1.3295950044959404,4.824676301933472,7.328156078342412,17.173573594903676,0.02604613982739055,0.2002684815668622,69.41124715888262
74882,full,all,acc_0.25_0.5,13639,1.2039167355348919,4.635553001236316,7.184607119346566,15.830106087336947,0.0,0.07225556825405259,65.69396583327224
74882,validation,all,acc_0.25_0.5,13639,1.2039167355348919,4.635553001236316,7.184607119346566,15.830106087336947,0.0,0.07225556825405259,65.69396583327224
74882,full,all,acc_0.25_1.0,13639,1.1834889813942069,4.804467196612776,7.879200419750005,18.785169973105887,-0.03522076820191433,-0.18377025837156716,56.29444973971699
74882,validation,all,acc_0.25_1.0,13639,1.1834889813942069,4.804467196612776,7.879200419750005,18.785169973105887,-0.03522076820191433,-0.18377025837156716,56.29444973971699
74882,full,all,acc_0.5_0.25,13639,1.3157081031170461,4.704978432436222,7.102367012008311,16.483560201975138,0.04119202620785642,0.21449863431045715,68.66339174426278
74882,validation,all,acc_0.5_0.25,13639,1.3157081031170461,4.704978432436222,7.102367012008311,16.483560201975138,0.04119202620785642,0.21449863431045715,68.66339174426278
74882,full,all,acc_0.5_0.5,13639,1.2157055635117269,4.530180700310855,6.990718926855414,14.962937174958771,0.0,0.10071587374124227,63.3257570203094
74882,validation,all,acc_0.5_0.5,13639,1.2157055635117269,4.530180700310855,6.990718926855414,14.962937174958771,0.0,0.10071587374124227,63.3257570203094
74882,full,all,acc_0.5_1.0,13639,1.2894375570495502,5.025229911485653,8.156948538838282,20.544095720105013,0.0,-0.12684964739718738,51.50670870298409
74882,validation,all,acc_0.5_1.0,13639,1.2894375570495502,5.025229911485653,8.156948538838282,20.544095720105013,0.0,-0.12684964739718738,51.50670870298409
74882,full,all,acc_1.0_0.25,13639,1.3620176245771498,4.765764928275419,7.150722091553715,15.824235461654872,0.05805265551421819,0.21863466511378704,60.986875870665
74882,validation,all,acc_1.0_0.25,13639,1.3620176245771498,4.765764928275419,7.150722091553715,15.824235461654872,0.05805265551421819,0.21863466511378704,60.986875870665
74882,full,all,acc_1.0_0.5,13639,1.362274404109206,4.797364883963082,7.481862203323775,15.890720032776349,0.0,0.108987935347902,52.43786201334408
74882,validation,all,acc_1.0_0.5,13639,1.362274404109206,4.797364883963082,7.481862203323775,15.890720032776349,0.0,0.108987935347902,52.43786201334408
74882,full,all,acc_1.0_1.0,13639,1.784677641573299,6.3560316824756695,10.653557304919865,25.032716758553992,0.0,-0.11030552418386828,36.11701737664051
74882,validation,all,acc_1.0_1.0,13639,1.784677641573299,6.3560316824756695,10.653557304919865,25.032716758553992,0.0,-0.11030552418386828,36.11701737664051
74882,full,all,guard_acc_0.25_0.25_2.0,13639,1.3471995352090664,4.846315315490459,7.462118413745926,18.15975179038796,0.03782116273052898,0.22311293305237373,68.77337048170688
74882,validation,all,guard_acc_0.25_0.25_2.0,13639,1.3471995352090664,4.846315315490459,7.462118413745926,18.15975179038796,0.03782116273052898,0.22311293305237373,68.77337048170688
74882,full,all,guard_acc_0.25_0.5_2.0,13639,1.2260018459711237,4.71003602009527,7.251803859887751,17.64207435587276,0.0,0.11794447122507562,65.6499743382946
74882,validation,all,guard_acc_0.25_0.5_2.0,13639,1.2260018459711237,4.71003602009527,7.251803859887751,17.64207435587276,0.0,0.11794447122507562,65.6499743382946
74882,full,all,guard_acc_0.25_0.25_4.0,13639,1.3316165375678801,4.825389906264001,7.33746946148852,17.720452485573052,0.027344901582704872,0.20293591427712432,67.80555759219884
74882,validation,all,guard_acc_0.25_0.25_4.0,13639,1.3316165375678801,4.825389906264001,7.33746946148852,17.720452485573052,0.027344901582704872,0.20293591427712432,67.80555759219884
74882,full,all,guard_acc_0.25_0.5_4.0,13639,1.2044661406549744,4.6359264680215455,7.1933046025231535,16.82639993910329,0.0,0.07759043367457719,64.27890607815823
74882,validation,all,guard_acc_0.25_0.5_4.0,13639,1.2044661406549744,4.6359264680215455,7.1933046025231535,16.82639993910329,0.0,0.07759043367457719,64.27890607815823
74882,full,all,guard_acc_0.5_0.25_2.0,13639,1.3374472235026285,4.794075632691458,7.300629646323816,18.046966631504628,0.048767925537526194,0.23725473263471025,67.2923234841264
74882,validation,all,guard_acc_0.5_0.25_2.0,13639,1.3374472235026285,4.794075632691458,7.300629646323816,18.046966631504628,0.048767925537526194,0.23725473263471025,67.2923234841264
74882,full,all,guard_acc_0.5_0.5_2.0,13639,1.2319908422645702,4.579726272602609,7.127765051324771,17.40846727066612,0.0,0.14622807038974847,63.29642935699098
74882,validation,all,guard_acc_0.5_0.5_2.0,13639,1.2319908422645702,4.579726272602609,7.127765051324771,17.40846727066612,0.0,0.14622807038974847,63.29642935699098
74882,full,all,guard_acc_0.5_0.25_4.0,13639,1.3183718005391867,4.712350159654457,7.238447296509906,17.45755728018231,0.044195247674024135,0.217747718009219,67.15301708336389
74882,validation,all,guard_acc_0.5_0.25_4.0,13639,1.3183718005391867,4.712350159654457,7.238447296509906,17.45755728018231,0.044195247674024135,0.217747718009219,67.15301708336389
74882,full,all,guard_acc_0.5_0.5_4.0,13639,1.211406095783762,4.501222923180325,6.929120501748211,16.28334215167545,0.0,0.10721404113876583,62.335948383312555
74882,validation,all,guard_acc_0.5_0.5_4.0,13639,1.211406095783762,4.501222923180325,6.929120501748211,16.28334215167545,0.0,0.10721404113876583,62.335948383312555
74882,full,all,ls1_3,13639,1.7611114062502775,6.065241705791314,9.036260149336254,22.229733469858132,0.12748805469895547,0.43862745927909097,23.31549233814796
74882,validation,all,ls1_3,13639,1.7611114062502775,6.065241705791314,9.036260149336254,22.229733469858132,0.12748805469895547,0.43862745927909097,23.31549233814796
74882,full,all,ls2_3,13639,1.7846817158831216,6.361365308031614,10.683086379650378,30.358165321825332,0.0,-0.11065758923459303,36.10968546081091
74882,validation,all,ls2_3,13639,1.7846817158831216,6.361365308031614,10.683086379650378,30.358165321825332,0.0,-0.11065758923459303,36.10968546081091
74882,full,all,ls2_3_damped_0.25,13639,1.3620161162658952,4.765766404835316,7.150724672055506,15.824235898809269,0.0580540389533391,0.21860793645749746,60.986875870665
74882,validation,all,ls2_3_damped_0.25,13639,1.3620161162658952,4.765766404835316,7.150724672055506,15.824235898809269,0.0580540389533391,0.21860793645749746,60.986875870665
74882,full,all,ls2_3_damped_0.5,13639,1.3622773098695227,4.797366575244495,7.4818656152369325,15.890720864480501,0.0,0.10893447803532282,52.43786201334408
74882,validation,all,ls2_3_damped_0.5,13639,1.3622773098695227,4.797366575244495,7.4818656152369325,15.890720864480501,0.0,0.10893447803532282,52.43786201334408
74882,full,all,ls1_4,13639,2.066914219548186,6.964502103724606,10.307092304357706,23.7208911424133,0.19571433061084606,0.5448292012461563,18.31512574235648
74882,validation,all,ls1_4,13639,2.066914219548186,6.964502103724606,10.307092304357706,23.7208911424133,0.19571433061084606,0.5448292012461563,18.31512574235648
74882,full,all,ls2_4,13639,1.327983943083742,5.270760783870863,8.956774292079533,23.57806890518309,0.0,-0.09518164983086384,51.565364029620945
74882,validation,all,ls2_4,13639,1.327983943083742,5.270760783870863,8.956774292079533,23.57806890518309,0.0,-0.09518164983086384,51.565364029620945
74882,full,all,ls2_4_damped_0.25,13639,1.30473639315008,4.686478383526617,7.066742833227117,16.986281438055528,0.036531758727095874,0.22255894173103274,70.84097074565584
74882,validation,all,ls2_4_damped_0.25,13639,1.30473639315008,4.686478383526617,7.066742833227117,16.986281438055528,0.036531758727095874,0.22255894173103274,70.84097074565584
74882,full,all,ls2_4_damped_0.5,13639,1.2051845425131036,4.446058852967727,7.135423990424823,16.851397308213322,0.0,0.11683648858239322,65.34203387345113
74882,validation,all,ls2_4_damped_0.5,13639,1.2051845425131036,4.446058852967727,7.135423990424823,16.851397308213322,0.0,0.11683648858239322,65.34203387345113
74882,full,all,ls1_5,13639,2.3545936834903136,7.795288479067565,11.624494039074838,24.893325717869953,0.26772145081901033,0.6620231116503354,16.826746828946405
74882,validation,all,ls1_5,13639,2.3545936834903136,7.795288479067565,11.624494039074838,24.893325717869953,0.26772145081901033,0.6620231116503354,16.826746828946405
74882,full,all,ls2_5,13639,1.2826913435932783,5.4895905509539995,9.360153986594986,22.852009787616165,0.0,-0.13456081237899215,51.8733044944644
74882,validation,all,ls2_5,13639,1.2826913435932783,5.4895905509539995,9.360153986594986,22.852009787616165,0.0,-0.13456081237899215,51.8733044944644
74882,full,all,ls2_5_damped_0.25,13639,1.3201650363726505,4.761525520972687,7.296349706051393,17.849086679886458,0.029042867266239142,0.21263451283322585,71.00960480973679
74882,validation,all,ls2_5_damped_0.25,13639,1.3201650363726505,4.761525520972687,7.296349706051393,17.849086679886458,0.029042867266239142,0.21263451283322585,71.00960480973679
74882,full,all,ls2_5_damped_0.5,13639,1.2045788409290172,4.623834466553828,7.418575974292594,17.117412296453736,0.0,0.09698763078678069,65.18073172519979
74882,validation,all,ls2_5_damped_0.5,13639,1.2045788409290172,4.623834466553828,7.418575974292594,17.117412296453736,0.0,0.09698763078678069,65.18073172519979
74882,full,all,ls1_7,13639,2.895724449087032,9.527208437371753,14.375449658873839,27.390482154264774,0.40194673124505664,0.9071744156055932,14.326563531050663
74882,validation,all,ls1_7,13639,2.895724449087032,9.527208437371753,14.375449658873839,27.390482154264774,0.40194673124505664,0.9071744156055932,14.326563531050663
74882,full,all,ls2_7,13639,1.3804475064013593,6.130305936053705,10.360462971796773,24.381407882338838,-0.03973063948390921,-0.18865010468586685,51.858640662805186
74882,validation,all,ls2_7,13639,1.3804475064013593,6.130305936053705,10.360462971796773,24.381407882338838,-0.03973063948390921,-0.18865010468586685,51.858640662805186
74882,full,all,ls2_7_damped_0.25,13639,1.3363554213639304,4.965779876744162,7.655052873885812,18.18248969675453,0.010674329104164805,0.19904851998828715,70.45971112251631
74882,validation,all,ls2_7_damped_0.25,13639,1.3363554213639304,4.965779876744162,7.655052873885812,18.18248969675453,0.010674329104164805,0.19904851998828715,70.45971112251631
74882,full,all,ls2_7_damped_0.5,13639,1.2354621819960563,5.0655189491098485,8.02309072417335,17.845359751046143,0.0,0.0698156450969025,64.61617420632011
74882,validation,all,ls2_7_damped_0.5,13639,1.2354621819960563,5.0655189491098485,8.02309072417335,17.845359751046143,0.0,0.0698156450969025,64.61617420632011
74882,full,all,ls1_9,13639,3.41217892932016,10.993277062146497,16.72463238100013,30.24716667138631,0.5150280655602313,1.171832041680832,13.27076765158736
74882,validation,all,ls1_9,13639,3.41217892932016,10.993277062146497,16.72463238100013,30.24716667138631,0.5150280655602313,1.171832041680832,13.27076765158736
74882,full,all,ls2_9,13639,1.5597061589187893,7.0912163766391165,11.814969796490798,23.09069923404482,-0.10480640277934275,-0.25537226664703017,44.108805630911355
74882,validation,all,ls2_9,13639,1.5597061589187893,7.0912163766391165,11.814969796490798,23.09069923404482,-0.10480640277934275,-0.25537226664703017,44.108805630911355
74882,full,all,ls2_9_damped_0.25,13639,1.3640261020186972,5.2711037399627685,8.037481963710459,18.15482854922659,0.0,0.1823679794979965,64.66749761712735
74882,validation,all,ls2_9_damped_0.25,13639,1.3640261020186972,5.2711037399627685,8.037481963710459,18.15482854922659,0.0,0.1823679794979965,64.66749761712735
74882,full,all,ls2_9_damped_0.5,13639,1.318258956668982,5.578540232855149,9.133413713453258,17.797849593474275,0.0,0.03645456411632074,58.919275606716035
74882,validation,all,ls2_9_damped_0.5,13639,1.318258956668982,5.578540232855149,9.133413713453258,17.797849593474275,0.0,0.03645456411632074,58.919275606716035
74882,full,all,bounded_acceleration,13639,1.2260018459711421,4.710036020095203,7.251803859887751,17.642074355872733,0.0,0.11794447122507519,65.6499743382946
74882,full,speed_lt_0.01,bounded_acceleration,1351,0.08255142446451531,0.5067612121243968,0.9470291912586319,3.6801176450021993,0.0,0.04362649861799001,0.0
74882,full,speed_ge_0.05,bounded_acceleration,11558,1.3925176081610053,4.969254690594067,7.546476824942045,17.642074355872733,0.03797298781170294,0.09238954452468168,74.52846513237584
74882,full,speed_ge_0.2,bounded_acceleration,7216,1.441826752730268,5.32111176849658,7.978425280947912,17.642074355872733,-0.21125754491192708,-0.13994743536260573,75.1940133037694
74882,full,speed_ge_0.4,bounded_acceleration,1996,2.4668676669322744,6.695168577194203,8.784935828407669,15.187153446570814,-0.742337256687997,-0.572192991660292,79.75951903807615
74882,full,accel_lt_0.5,bounded_acceleration,2336,0.24011422182341008,2.0031891169187475,3.260685242405233,5.68105440532672,0.0,-0.007394751102916029,30.65068493150685
74882,full,accel_ge_2,bounded_acceleration,3869,2.1426218318324075,6.549566788375233,8.829114307298681,17.642074355872733,0.183452199594481,0.3046282809790287,73.81752390798655
74882,full,reversal,bounded_acceleration,283,2.3102287790794067,8.152006025277988,15.187153446570814,17.642074355872733,1.7242127378895453,2.275581828342314,51.23674911660777
74882,full,horizon_40_80ms,bounded_acceleration,10145,1.4270256125683551,5.169479710719093,7.630753283070448,17.642074355872733,0.0,0.1379877061370531,65.69738787580089
74882,validation,all,bounded_acceleration,13639,1.2260018459711421,4.710036020095203,7.251803859887751,17.642074355872733,0.0,0.11794447122507519,65.6499743382946
74882,validation,speed_lt_0.01,bounded_acceleration,1351,0.08255142446451531,0.5067612121243968,0.9470291912586319,3.6801176450021993,0.0,0.04362649861799001,0.0
74882,validation,speed_ge_0.05,bounded_acceleration,11558,1.3925176081610053,4.969254690594067,7.546476824942045,17.642074355872733,0.03797298781170294,0.09238954452468168,74.52846513237584
74882,validation,speed_ge_0.2,bounded_acceleration,7216,1.441826752730268,5.32111176849658,7.978425280947912,17.642074355872733,-0.21125754491192708,-0.13994743536260573,75.1940133037694
74882,validation,speed_ge_0.4,bounded_acceleration,1996,2.4668676669322744,6.695168577194203,8.784935828407669,15.187153446570814,-0.742337256687997,-0.572192991660292,79.75951903807615
74882,validation,accel_lt_0.5,bounded_acceleration,2336,0.24011422182341008,2.0031891169187475,3.260685242405233,5.68105440532672,0.0,-0.007394751102916029,30.65068493150685
74882,validation,accel_ge_2,bounded_acceleration,3869,2.1426218318324075,6.549566788375233,8.829114307298681,17.642074355872733,0.183452199594481,0.3046282809790287,73.81752390798655
74882,validation,reversal,bounded_acceleration,283,2.3102287790794067,8.152006025277988,15.187153446570814,17.642074355872733,1.7242127378895453,2.275581828342314,51.23674911660777
74882,validation,horizon_40_80ms,bounded_acceleration,10145,1.4270256125683551,5.169479710719093,7.630753283070448,17.642074355872733,0.0,0.1379877061370531,65.69738787580089
74882,full,all,abg_0.5_0.1_0,13639,4.598667118306721,14.073874537557048,20.59755967023108,35.474081071619736,0.9743664367050542,1.8405509716678616,11.687073832392404
74882,validation,all,abg_0.5_0.1_0,13639,4.598667118306721,14.073874537557048,20.59755967023108,35.474081071619736,0.9743664367050542,1.8405509716678616,11.687073832392404
74882,full,all,abg_0.8_0.2_0,13639,3.2324719413896075,10.192701573588502,15.425650610594706,29.235633120356358,0.5929508221041342,1.1822461653545582,14.084610308673657
74882,validation,all,abg_0.8_0.2_0,13639,3.2324719413896075,10.192701573588502,15.425650610594706,29.235633120356358,0.5929508221041342,1.1822461653545582,14.084610308673657
74882,full,all,abg_1.0_0.5_0,13639,2.004718680154378,6.6874715360232235,9.99552447206335,22.79587673380671,0.234783244170125,0.557604537894684,19.326930126842143
74882,validation,all,abg_1.0_0.5_0,13639,2.004718680154378,6.6874715360232235,9.99552447206335,22.79587673380671,0.234783244170125,0.557604537894684,19.326930126842143
74882,full,all,abg_0.5_0.1_0.01,13639,4.012642912589379,14.140432995497585,21.58074844820468,36.073500549432474,-0.3491662853353091,-0.8511243772367328,11.679741916562799
74882,validation,all,abg_0.5_0.1_0.01,13639,4.012642912589379,14.140432995497585,21.58074844820468,36.073500549432474,-0.3491662853353091,-0.8511243772367328,11.679741916562799
74882,full,all,abg_0.8_0.3_0.05,13639,1.6674682645330665,8.139814654154655,13.572379928280304,24.103596215737294,-0.031767121923224374,-0.25735696828480564,41.36666911063861
74882,validation,all,abg_0.8_0.3_0.05,13639,1.6674682645330665,8.139814654154655,13.572379928280304,24.103596215737294,-0.031767121923224374,-0.25735696828480564,41.36666911063861
74882,full,all,abg_1.0_0.5_0.1,13639,1.311105036763915,6.1625098111047105,10.402769303306581,21.365745825322755,-0.02525039526675836,-0.17025316280043512,52.56250458244739
74882,validation,all,abg_1.0_0.5_0.1,13639,1.311105036763915,6.1625098111047105,10.402769303306581,21.365745825322755,-0.02525039526675836,-0.17025316280043512,52.56250458244739
79629,full,all,raw,12003,0.8542404064868185,4.361257826519762,7.350249164812825,22.38589641872444,0.05633429786338752,0.2295235150219807,0.0
79629,full,speed_lt_0.01,raw,1149,0.19697490754934915,0.7177031093031871,1.152548634482504,2.6818789530366667,0.0,0.10434525046805439,0.0
79629,full,speed_ge_0.05,raw,9161,0.9793734086334883,4.768697609812687,7.616598605718224,22.38589641872444,0.02684004368143356,0.1736213853399303,0.0
79629,full,speed_ge_0.2,raw,4450,1.0269052998315007,6.074569509349538,8.80934794052172,22.38589641872444,-0.06850434991006896,0.07130275850753856,0.0
79629,full,speed_ge_0.4,raw,908,4.111640803693658,8.540350636406725,17.709856409846036,22.38589641872444,0.21110541460302368,0.261661950471332,0.0
79629,full,accel_lt_0.5,raw,3487,0.41191816748590604,1.535102084568299,2.5870193627583404,6.339883330999407,0.0,0.0837563054818859,0.0
79629,full,accel_ge_2,raw,1785,2.889787411863198,7.5109624134457595,11.5610999584532,22.38589641872444,0.44972308266864114,0.5081619711528258,0.0
79629,full,reversal,raw,328,2.1306076379267553,5.428103810636178,6.846293666828387,8.88708859025237,1.5533991955255038,1.8564594384950275,0.0
79629,full,horizon_40_80ms,raw,9018,0.9804545390697472,4.7306810568254525,7.547959485221492,22.38589641872444,0.06321755245241553,0.25782451870257045,0.0
79629,validation,all,raw,12003,0.8542404064868185,4.361257826519762,7.350249164812825,22.38589641872444,0.05633429786338752,0.2295235150219807,0.0
79629,validation,speed_lt_0.01,raw,1149,0.19697490754934915,0.7177031093031871,1.152548634482504,2.6818789530366667,0.0,0.10434525046805439,0.0
79629,validation,speed_ge_0.05,raw,9161,0.9793734086334883,4.768697609812687,7.616598605718224,22.38589641872444,0.02684004368143356,0.1736213853399303,0.0
79629,validation,speed_ge_0.2,raw,4450,1.0269052998315007,6.074569509349538,8.80934794052172,22.38589641872444,-0.06850434991006896,0.07130275850753856,0.0
79629,validation,speed_ge_0.4,raw,908,4.111640803693658,8.540350636406725,17.709856409846036,22.38589641872444,0.21110541460302368,0.261661950471332,0.0
79629,validation,accel_lt_0.5,raw,3487,0.41191816748590604,1.535102084568299,2.5870193627583404,6.339883330999407,0.0,0.0837563054818859,0.0
79629,validation,accel_ge_2,raw,1785,2.889787411863198,7.5109624134457595,11.5610999584532,22.38589641872444,0.44972308266864114,0.5081619711528258,0.0
79629,validation,reversal,raw,328,2.1306076379267553,5.428103810636178,6.846293666828387,8.88708859025237,1.5533991955255038,1.8564594384950275,0.0
79629,validation,horizon_40_80ms,raw,9018,0.9804545390697472,4.7306810568254525,7.547959485221492,22.38589641872444,0.06321755245241553,0.25782451870257045,0.0
79629,full,all,ema_0.1,12003,2.7708894890451345,12.593723718015179,18.881907301019698,27.864804700096833,0.6657374319145825,1.5055756282096315,9.980838123802382
79629,validation,all,ema_0.1,12003,2.7708894890451345,12.593723718015179,18.881907301019698,27.864804700096833,0.6657374319145825,1.5055756282096315,9.980838123802382
79629,full,all,ema_0.25,12003,1.5555401554496093,8.149701021343885,12.438129672315632,24.980452756768518,0.20622846476308135,0.6312280342300696,17.062401066400064
79629,full,speed_lt_0.01,ema_0.25,1149,0.21128555395373552,1.1962931393908403,2.342423644338258,3.3002796818311473,0.0,0.15256799470554286,49.956483899042645
79629,full,speed_ge_0.05,ema_0.25,9161,1.796598297050075,8.908810124528127,13.270775413311895,24.980452756768518,0.23902596966637976,0.6310385926396186,11.450714987446785
79629,full,speed_ge_0.2,ema_0.25,4450,1.8098220802810516,11.116724719839048,14.394339068328728,24.980452756768518,0.21123341504155274,0.6756731787445603,9.932584269662922
79629,full,speed_ge_0.4,ema_0.25,908,7.958922412147601,14.195643145290727,18.09052185945215,24.980452756768518,2.7115003290173405,1.6415605364638943,5.176211453744493
79629,full,accel_lt_0.5,ema_0.25,3487,0.6329933269411734,2.565222567963165,3.6392373152844693,9.000693954211878,0.0613418133655272,0.28702757514767346,28.13306567249785
79629,full,accel_ge_2,ema_0.25,1785,5.973358849800703,13.127632834880766,16.540458317259933,24.980452756768518,1.675054568817163,1.5655401443208963,8.627450980392156
79629,full,reversal,ema_0.25,328,2.461560048028776,10.896906434507251,13.851994544003446,14.234369469166731,1.4769051255895735,2.082103647407701,43.90243902439025
79629,full,horizon_40_80ms,ema_0.25,9018,1.7572519325700842,8.798593253339519,13.125024677570075,24.980452756768518,0.22940958140051043,0.6870958571399223,17.3430915945886
79629,validation,all,ema_0.25,12003,1.5555401554496093,8.149701021343885,12.438129672315632,24.980452756768518,0.20622846476308135,0.6312280342300696,17.062401066400064
79629,validation,speed_lt_0.01,ema_0.25,1149,0.21128555395373552,1.1962931393908403,2.342423644338258,3.3002796818311473,0.0,0.15256799470554286,49.956483899042645
79629,validation,speed_ge_0.05,ema_0.25,9161,1.796598297050075,8.908810124528127,13.270775413311895,24.980452756768518,0.23902596966637976,0.6310385926396186,11.450714987446785
79629,validation,speed_ge_0.2,ema_0.25,4450,1.8098220802810516,11.116724719839048,14.394339068328728,24.980452756768518,0.21123341504155274,0.6756731787445603,9.932584269662922
79629,validation,speed_ge_0.4,ema_0.25,908,7.958922412147601,14.195643145290727,18.09052185945215,24.980452756768518,2.7115003290173405,1.6415605364638943,5.176211453744493
79629,validation,accel_lt_0.5,ema_0.25,3487,0.6329933269411734,2.565222567963165,3.6392373152844693,9.000693954211878,0.0613418133655272,0.28702757514767346,28.13306567249785
79629,validation,accel_ge_2,ema_0.25,1785,5.973358849800703,13.127632834880766,16.540458317259933,24.980452756768518,1.675054568817163,1.5655401443208963,8.627450980392156
79629,validation,reversal,ema_0.25,328,2.461560048028776,10.896906434507251,13.851994544003446,14.234369469166731,1.4769051255895735,2.082103647407701,43.90243902439025
79629,validation,horizon_40_80ms,ema_0.25,9018,1.7572519325700842,8.798593253339519,13.125024677570075,24.980452756768518,0.22940958140051043,0.6870958571399223,17.3430915945886
79629,full,all,ema_0.5,12003,1.0823405576871379,5.657731555577316,9.123626704012695,24.246799183938002,0.09505404824398413,0.3572751539142444,23.519120219945012
79629,validation,all,ema_0.5,12003,1.0823405576871379,5.657731555577316,9.123626704012695,24.246799183938002,0.09505404824398413,0.3572751539142444,23.519120219945012
79629,full,all,ema_0.75,12003,0.9158684885652786,4.799090696458042,7.891328884509672,22.978290068997254,0.0547078760981751,0.27093000161884484,31.15887694742981
79629,validation,all,ema_0.75,12003,0.9158684885652786,4.799090696458042,7.891328884509672,22.978290068997254,0.0547078760981751,0.27093000161884484,31.15887694742981
79629,full,all,acc_0.1_0.25,12003,0.7973256171802332,4.1234814229471555,7.096772841205949,22.78919331625925,0.02479488663521136,0.15975566836053237,61.309672581854535
79629,validation,all,acc_0.1_0.25,12003,0.7973256171802332,4.1234814229471555,7.096772841205949,22.78919331625925,0.02479488663521136,0.15975566836053237,61.309672581854535
79629,full,all,acc_0.1_0.5,12003,0.7559667510825323,4.057881752523468,7.122682457864608,23.20531970015104,0.0,0.08998782169908362,58.74364742147796
79629,validation,all,acc_0.1_0.5,12003,0.7559667510825323,4.057881752523468,7.122682457864608,23.20531970015104,0.0,0.08998782169908362,58.74364742147796
79629,full,all,acc_0.1_1.0,12003,0.7420046131984329,4.164841445830467,7.3985903216393645,24.07337935729449,0.0,-0.04954787162381376,52.79513454969591
79629,validation,all,acc_0.1_1.0,12003,0.7420046131984329,4.164841445830467,7.3985903216393645,24.07337935729449,0.0,-0.04954787162381376,52.79513454969591
79629,full,all,acc_0.25_0.25,12003,0.791207926174798,3.9831113217964367,7.036783368280861,22.721730366710684,0.038193590585711146,0.16335459195209065,62.69266016829126
79629,validation,all,acc_0.25_0.25,12003,0.791207926174798,3.9831113217964367,7.036783368280861,22.721730366710684,0.038193590585711146,0.16335459195209065,62.69266016829126
79629,full,all,acc_0.25_0.5,12003,0.7530970796531586,3.8378650561879484,6.820454455476272,23.136699910809078,0.0,0.09718566888220065,58.585353661584605
79629,validation,all,acc_0.25_0.5,12003,0.7530970796531586,3.8378650561879484,6.820454455476272,23.136699910809078,0.0,0.09718566888220065,58.585353661584605
79629,full,all,acc_0.25_1.0,12003,0.7658375814006037,4.067323318186724,7.507582322006678,24.45684387660644,0.0,-0.03515217725757927,49.97917187369824
79629,validation,all,acc_0.25_1.0,12003,0.7658375814006037,4.067323318186724,7.507582322006678,24.45684387660644,0.0,-0.03515217725757927,49.97917187369824
79629,full,all,acc_0.5_0.25,12003,0.8028501297123211,3.8721514933653065,6.772013499934928,22.379125974851142,0.04867330204714228,0.1654945562419262,61.75956010997251
79629,validation,all,acc_0.5_0.25,12003,0.8028501297123211,3.8721514933653065,6.772013499934928,22.379125974851142,0.04867330204714228,0.1654945562419262,61.75956010997251
79629,full,all,acc_0.5_0.5,12003,0.7814217863240096,3.7495472406021557,6.6655552062096755,23.903832285965994,0.01713980310553173,0.1014655974618716,56.61084728817796
79629,validation,all,acc_0.5_0.5,12003,0.7814217863240096,3.7495472406021557,6.6655552062096755,23.903832285965994,0.01713980310553173,0.1014655974618716,56.61084728817796
79629,full,all,acc_0.5_1.0,12003,0.8677597574268147,4.233411295275383,7.915922017222521,28.27384910974196,0.0,-0.02659232009823811,44.872115304507204
79629,validation,all,acc_0.5_1.0,12003,0.8677597574268147,4.233411295275383,7.915922017222521,28.27384910974196,0.0,-0.02659232009823811,44.872115304507204
79629,full,all,acc_1.0_0.25,12003,0.8663318647282595,3.9065852753658863,6.788968810035602,22.819984914078926,0.056685774216009274,0.16610643163624875,52.61184703824044
79629,validation,all,acc_1.0_0.25,12003,0.8663318647282595,3.9065852753658863,6.788968810035602,22.819984914078926,0.056685774216009274,0.16610643163624875,52.61184703824044
79629,full,all,acc_1.0_0.5,12003,0.9464410418591016,4.062727031545169,7.284450146778679,25.664359661521164,0.027067438039121136,0.10268934825051715,44.34724652170291
79629,validation,all,acc_1.0_0.5,12003,0.9464410418591016,4.062727031545169,7.284450146778679,25.664359661521164,0.027067438039121136,0.10268934825051715,44.34724652170291
79629,full,all,acc_1.0_1.0,12003,1.269429986141361,5.4515618202455185,10.672917934048325,31.950408262050832,0.0,-0.024144818520947034,29.95084562192785
79629,validation,all,acc_1.0_1.0,12003,1.269429986141361,5.4515618202455185,10.672917934048325,31.950408262050832,0.0,-0.024144818520947034,29.95084562192785
79629,full,all,guard_acc_0.25_0.25_2.0,12003,0.7915941317989469,4.075270693260644,6.977393762627928,22.490490629847116,0.04641095773339151,0.17435097148535741,60.643172540198286
79629,validation,all,guard_acc_0.25_0.25_2.0,12003,0.7915941317989469,4.075270693260644,6.977393762627928,22.490490629847116,0.04641095773339151,0.17435097148535741,60.643172540198286
79629,full,all,guard_acc_0.25_0.5_2.0,12003,0.7498648481869914,3.9069867301215755,6.92914659175474,22.600167547622107,0.004507106786616614,0.11917842794873422,57.21902857618929
79629,validation,all,guard_acc_0.25_0.5_2.0,12003,0.7498648481869914,3.9069867301215755,6.92914659175474,22.600167547622107,0.004507106786616614,0.11917842794873422,57.21902857618929
79629,full,all,guard_acc_0.25_0.25_4.0,12003,0.7914070272905047,3.977798890995425,7.0065706879685425,22.602709005624412,0.038193590585711146,0.1658757140498345,60.21827876364242
79629,validation,all,guard_acc_0.25_0.25_4.0,12003,0.7914070272905047,3.977798890995425,7.0065706879685425,22.602709005624412,0.038193590585711146,0.1658757140498345,60.21827876364242
79629,full,all,guard_acc_0.25_0.5_4.0,12003,0.7516518066735534,3.8650471860955813,6.779043937679853,22.833116425250093,0.002641042144341894,0.10222791307768837,56.37757227359826
79629,validation,all,guard_acc_0.25_0.5_4.0,12003,0.7516518066735534,3.8650471860955813,6.779043937679853,22.833116425250093,0.002641042144341894,0.10222791307768837,56.37757227359826
79629,full,all,guard_acc_0.5_0.25_2.0,12003,0.8008378435288969,3.946533713798335,6.9706464973661575,22.378505325800987,0.05581324834463804,0.1756501877370197,59.260184953761566
79629,validation,all,guard_acc_0.5_0.25_2.0,12003,0.8008378435288969,3.946533713798335,6.9706464973661575,22.378505325800987,0.05581324834463804,0.1756501877370197,59.260184953761566
79629,full,all,guard_acc_0.5_0.5_2.0,12003,0.7802358214880954,3.8254516457086853,6.636184373879114,22.382030930894047,0.022335081669070618,0.12177686045205831,54.76964092310256
79629,validation,all,guard_acc_0.5_0.5_2.0,12003,0.7802358214880954,3.8254516457086853,6.636184373879114,22.382030930894047,0.022335081669070618,0.12177686045205831,54.76964092310256
79629,full,all,guard_acc_0.5_0.25_4.0,12003,0.8018485249400231,3.8734358631204793,6.7868741006945585,22.38800328475197,0.05082036355720648,0.16715314205458615,58.91027243189203
79629,validation,all,guard_acc_0.5_0.25_4.0,12003,0.8018485249400231,3.8734358631204793,6.7868741006945585,22.38800328475197,0.05082036355720648,0.16715314205458615,58.91027243189203
79629,full,all,guard_acc_0.5_0.5_4.0,12003,0.778989196363025,3.722956288319482,6.505277057143486,22.428225287651895,0.018602310021911227,0.10478276908719157,54.26976589186037
79629,validation,all,guard_acc_0.5_0.5_4.0,12003,0.778989196363025,3.722956288319482,6.505277057143486,22.428225287651895,0.018602310021911227,0.10478276908719157,54.26976589186037
79629,full,all,ls1_3,12003,0.9602718436997986,5.066654934205279,8.322879587212428,24.521604367036968,0.06532862018110422,0.29104670273912436,30.359076897442307
79629,validation,all,ls1_3,12003,0.9602718436997986,5.066654934205279,8.322879587212428,24.521604367036968,0.06532862018110422,0.29104670273912436,30.359076897442307
79629,full,all,ls2_3,12003,1.269429812868835,5.451566821218799,10.818440686677802,38.871884424934706,0.0,-0.01874421898472821,29.91752061984504
79629,validation,all,ls2_3,12003,1.269429812868835,5.451566821218799,10.818440686677802,38.871884424934706,0.0,-0.01874421898472821,29.91752061984504
79629,full,all,ls2_3_damped_0.25,12003,0.8663315774920208,3.9065854982692274,6.845835199841137,23.150141813621666,0.05672743642603117,0.16646615916817664,52.61184703824044
79629,validation,all,ls2_3_damped_0.25,12003,0.8663315774920208,3.9065854982692274,6.845835199841137,23.150141813621666,0.05672743642603117,0.16646615916817664,52.61184703824044
79629,full,all,ls2_3_damped_0.5,12003,0.946439419706772,4.062727291427726,7.3366632954580995,26.38962312926542,0.027069937292983307,0.10340880331437215,44.3389152711822
79629,validation,all,ls2_3_damped_0.5,12003,0.946439419706772,4.062727291427726,7.3366632954580995,26.38962312926542,0.027069937292983307,0.10340880331437215,44.3389152711822
79629,full,all,ls1_4,12003,1.106799576550797,5.882276896134443,9.49715081674272,26.90270314751809,0.08223393554286507,0.35283729547319037,23.044238940264933
79629,validation,all,ls1_4,12003,1.106799576550797,5.882276896134443,9.49715081674272,26.90270314751809,0.08223393554286507,0.35283729547319037,23.044238940264933
79629,full,all,ls2_4,12003,0.8518556836205516,4.412196732939956,8.282295385413356,31.104051521431487,0.0,-0.014834684739204467,44.638840289927515
79629,validation,all,ls2_4,12003,0.8518556836205516,4.412196732939956,8.282295385413356,31.104051521431487,0.0,-0.014834684739204467,44.638840289927515
79629,full,all,ls2_4_damped_0.25,12003,0.7777126308454675,3.837936673397524,6.766086654317501,23.147102938943497,0.03867779622582618,0.16749250251887052,64.20061651253853
79629,validation,all,ls2_4_damped_0.25,12003,0.7777126308454675,3.837936673397524,6.766086654317501,23.147102938943497,0.03867779622582618,0.16749250251887052,64.20061651253853
79629,full,all,ls2_4_damped_0.5,12003,0.7501725220231092,3.7609196509803215,6.737719522324041,24.09974437373671,0.02398678175531699,0.10546149001576005,58.118803632425234
79629,validation,all,ls2_4_damped_0.5,12003,0.7501725220231092,3.7609196509803215,6.737719522324041,24.09974437373671,0.02398678175531699,0.10546149001576005,58.118803632425234
79629,full,all,ls1_5,12003,1.2474137674533863,6.635608978678521,10.615930990159676,27.35535187662105,0.10637107282892425,0.41732764361186775,19.73673248354578
79629,validation,all,ls1_5,12003,1.2474137674533863,6.635608978678521,10.615930990159676,27.35535187662105,0.10637107282892425,0.41732764361186775,19.73673248354578
79629,full,all,ls2_5,12003,0.8082115177282282,4.779766770453077,8.930424865548092,28.04741159375225,0.0,-0.0257550146527199,47.62142797633925
79629,validation,all,ls2_5,12003,0.8082115177282282,4.779766770453077,8.930424865548092,28.04741159375225,0.0,-0.0257550146527199,47.62142797633925
79629,full,all,ls2_5_damped_0.25,12003,0.778001938491462,3.940734251406326,6.965784410298573,23.429868436817355,0.03393580256444798,0.16512697251597938,65.25868532866784
79629,validation,all,ls2_5_damped_0.25,12003,0.778001938491462,3.940734251406326,6.965784410298573,23.429868436817355,0.03393580256444798,0.16512697251597938,65.25868532866784
79629,full,all,ls2_5_damped_0.5,12003,0.7356468305669775,3.9780748223676174,7.017682187031603,24.74854238614305,0.0,0.10073043000997821,59.86836624177288
79629,validation,all,ls2_5_damped_0.5,12003,0.7356468305669775,3.9780748223676174,7.017682187031603,24.74854238614305,0.0,0.10073043000997821,59.86836624177288
79629,full,all,ls1_7,12003,1.5294228072348914,8.161687082156199,12.809168811182234,27.487999176725147,0.13697167650419287,0.5537445581483911,15.554444722152796
79629,validation,all,ls1_7,12003,1.5294228072348914,8.161687082156199,12.809168811182234,27.487999176725147,0.13697167650419287,0.5537445581483911,15.554444722152796
79629,full,all,ls2_7,12003,0.7717654509734463,5.294538474736707,9.584897314828774,29.209318395206424,0.0,-0.05173465085291096,48.2795967674748
79629,validation,all,ls2_7,12003,0.7717654509734463,5.294538474736707,9.584897314828774,29.209318395206424,0.0,-0.05173465085291096,48.2795967674748
79629,full,all,ls2_7_damped_0.25,12003,0.7732626728505635,4.08360336355589,6.975836997456279,23.258227885873143,0.022056385611398287,0.15909774964686488,66.05015412813464
79629,validation,all,ls2_7_damped_0.25,12003,0.7732626728505635,4.08360336355589,6.975836997456279,23.258227885873143,0.022056385611398287,0.15909774964686488,66.05015412813464
79629,full,all,ls2_7_damped_0.5,12003,0.7262465180345128,4.322781683150084,7.429295877459743,25.229571174967344,0.0,0.08867198427174938,60.87644755477797
79629,validation,all,ls2_7_damped_0.5,12003,0.7262465180345128,4.322781683150084,7.429295877459743,25.229571174967344,0.0,0.08867198427174938,60.87644755477797
79629,full,all,ls1_9,12003,1.8165953849318854,9.644853344755838,14.953279279094163,27.684629273683093,0.17948858336756818,0.6948303306657437,12.988419561776224
79629,validation,all,ls1_9,12003,1.8165953849318854,9.644853344755838,14.953279279094163,27.684629273683093,0.17948858336756818,0.6948303306657437,12.988419561776224
79629,full,all,ls2_9,12003,0.8371192630933298,6.134509826096793,11.119494748248174,29.099784002671612,0.0,-0.06883931449999993,42.256102641006414
79629,validation,all,ls2_9,12003,0.8371192630933298,6.134509826096793,11.119494748248174,29.099784002671612,0.0,-0.06883931449999993,42.256102641006414
79629,full,all,ls2_9_damped_0.25,12003,0.779727206254563,4.259030988289843,7.421613543911914,23.32443709460598,0.00530259583799296,0.15493280764148587,61.39298508706157
79629,validation,all,ls2_9_damped_0.25,12003,0.779727206254563,4.259030988289843,7.421613543911914,23.32443709460598,0.00530259583799296,0.15493280764148587,61.39298508706157
79629,full,all,ls2_9_damped_0.5,12003,0.7478856356540583,4.733842347091147,8.132042556057195,25.07292980642171,0.0,0.08034210026099073,55.544447221527946
79629,validation,all,ls2_9_damped_0.5,12003,0.7478856356540583,4.733842347091147,8.132042556057195,25.07292980642171,0.0,0.08034210026099073,55.544447221527946
79629,full,all,bounded_acceleration,12003,0.749864848187037,3.906986730121477,6.92914659175474,22.600167547622075,0.004507106786626487,0.1191784279487339,57.21902857618929
79629,full,speed_lt_0.01,bounded_acceleration,1149,0.19697490754934915,0.7177031093031871,1.152548634482504,2.6818789530366667,0.0,0.10434525046805439,0.0
79629,full,speed_ge_0.05,bounded_acceleration,9161,0.8449607294191334,4.447604803040739,7.20445459393308,22.600167547622075,-0.03060657851792814,0.04935824473944296,65.00382054360878
79629,full,speed_ge_0.2,bounded_acceleration,4450,0.9356042942034424,5.605870988897219,8.661481020627711,22.600167547622075,-0.16593405620332707,-0.08033063416641693,64.13483146067416
79629,full,speed_ge_0.4,bounded_acceleration,908,3.6170056055188216,8.372207167402863,17.777300845474734,22.600167547622075,-0.23200687221692595,0.018306732215405287,75.77092511013215
79629,full,accel_lt_0.5,bounded_acceleration,3487,0.37978364943238313,1.3711389049629337,2.6567538995993973,7.02867588951098,0.0,0.023088053326080014,42.41468310868942
79629,full,accel_ge_2,bounded_acceleration,1785,2.5656864735005516,7.049418407817045,10.91687816068579,22.600167547622075,0.3423284714401585,0.2700831317140199,68.4593837535014
79629,full,reversal,bounded_acceleration,328,2.242428696409888,5.134559772146952,6.800198309506094,8.887869184817472,1.633290544256695,1.8245408349568284,39.63414634146341
79629,full,horizon_40_80ms,bounded_acceleration,9018,0.8429364635368444,4.349617322630494,7.135785887178973,22.600167547622075,0.012508929575142162,0.13332390698462626,57.29651807496119
79629,validation,all,bounded_acceleration,12003,0.749864848187037,3.906986730121477,6.92914659175474,22.600167547622075,0.004507106786626487,0.1191784279487339,57.21902857618929
79629,validation,speed_lt_0.01,bounded_acceleration,1149,0.19697490754934915,0.7177031093031871,1.152548634482504,2.6818789530366667,0.0,0.10434525046805439,0.0
79629,validation,speed_ge_0.05,bounded_acceleration,9161,0.8449607294191334,4.447604803040739,7.20445459393308,22.600167547622075,-0.03060657851792814,0.04935824473944296,65.00382054360878
79629,validation,speed_ge_0.2,bounded_acceleration,4450,0.9356042942034424,5.605870988897219,8.661481020627711,22.600167547622075,-0.16593405620332707,-0.08033063416641693,64.13483146067416
79629,validation,speed_ge_0.4,bounded_acceleration,908,3.6170056055188216,8.372207167402863,17.777300845474734,22.600167547622075,-0.23200687221692595,0.018306732215405287,75.77092511013215
79629,validation,accel_lt_0.5,bounded_acceleration,3487,0.37978364943238313,1.3711389049629337,2.6567538995993973,7.02867588951098,0.0,0.023088053326080014,42.41468310868942
79629,validation,accel_ge_2,bounded_acceleration,1785,2.5656864735005516,7.049418407817045,10.91687816068579,22.600167547622075,0.3423284714401585,0.2700831317140199,68.4593837535014
79629,validation,reversal,bounded_acceleration,328,2.242428696409888,5.134559772146952,6.800198309506094,8.887869184817472,1.633290544256695,1.8245408349568284,39.63414634146341
79629,validation,horizon_40_80ms,bounded_acceleration,9018,0.8429364635368444,4.349617322630494,7.135785887178973,22.600167547622075,0.012508929575142162,0.13332390698462626,57.29651807496119
79629,full,all,abg_0.5_0.1_0,12003,2.399565378611223,12.252769928272718,18.441239872246534,28.367533119547502,0.27837249171046546,1.0097460272111711,9.89752561859535
79629,validation,all,abg_0.5_0.1_0,12003,2.399565378611223,12.252769928272718,18.441239872246534,28.367533119547502,0.27837249171046546,1.0097460272111711,9.89752561859535
79629,full,all,abg_0.8_0.2_0,12003,1.6875518149970292,8.792040256079096,13.446074144233597,26.154905560000195,0.20624813727364413,0.6769151934179816,15.129550945596934
79629,validation,all,abg_0.8_0.2_0,12003,1.6875518149970292,8.792040256079096,13.446074144233597,26.154905560000195,0.20624813727364413,0.6769151934179816,15.129550945596934
79629,full,all,abg_1.0_0.5_0,12003,1.082340287274039,5.657731432664098,9.12362697402647,24.24679823266885,0.09505345560470797,0.3572753477461124,23.519120219945012
79629,validation,all,abg_1.0_0.5_0,12003,1.082340287274039,5.657731432664098,9.12362697402647,24.24679823266885,0.09505345560470797,0.3572753477461124,23.519120219945012
79629,full,all,abg_0.5_0.1_0.01,12003,1.8354845130462587,14.347627218915486,24.73109817102863,47.15046448869353,0.0,-0.06054010988374339,15.137882196117639
79629,validation,all,abg_0.5_0.1_0.01,12003,1.8354845130462587,14.347627218915486,24.73109817102863,47.15046448869353,0.0,-0.06054010988374339,15.137882196117639
79629,full,all,abg_0.8_0.3_0.05,12003,0.933588173927811,6.936618024548014,12.578412546747096,28.675120173545118,0.0,-0.061511649837711596,35.86603349162709
79629,validation,all,abg_0.8_0.3_0.05,12003,0.933588173927811,6.936618024548014,12.578412546747096,28.675120173545118,0.0,-0.061511649837711596,35.86603349162709
79629,full,all,abg_1.0_0.5_0.1,12003,0.7538327625105299,5.2632468230760585,9.365904498607126,26.67139902695944,0.0,-0.05258243835309204,50.31242189452637
79629,validation,all,abg_1.0_0.5_0.1,12003,0.7538327625105299,5.2632468230760585,9.365904498607126,26.67139902695944,0.0,-0.05258243835309204,50.31242189452637
84285,full,all,raw,11053,0.8568872783077642,5.162827268730628,20.914262040086147,373.5126387017982,0.00688681196086107,0.4814988282977385,0.0
84285,full,speed_lt_0.01,raw,1074,0.20320096348968714,0.7648208610227532,1.6305874485141494,2.1800260674819394,0.0,0.07668944088273275,0.0
84285,full,speed_ge_0.05,raw,9223,0.9351973568859301,5.533624954806077,40.85717933043559,373.5126387017982,0.03131350643126011,0.5117837929148041,0.0
84285,full,speed_ge_0.2,raw,5012,0.8917009568453654,6.753018888328276,81.47792649411478,373.5126387017982,-0.0001098716991325085,0.6542754207712395,0.0
84285,full,speed_ge_0.4,raw,624,3.649360192183087,44.02366136726687,253.9448250585932,373.5126387017982,-0.7913439384674061,2.7114870276143224,0.0
84285,full,accel_lt_0.5,raw,2711,0.43705135176701765,1.5885689417779127,7.800935071923493,243.15408107221734,0.0,-0.14516532754684275,0.0
84285,full,accel_ge_2,raw,2080,2.8411553203969957,10.289660206384829,87.05371884355112,373.5126387017982,0.6282905584089558,1.8084669085943028,0.0
84285,full,reversal,raw,332,3.542926683643593,97.17092490508381,316.00825595797266,373.5126387017982,2.835916090397224,16.483076228489043,0.0
84285,full,horizon_40_80ms,raw,7989,0.9682881483529738,5.61397058448057,20.67540622435215,373.5126387017982,0.0,0.39777497939099205,0.0
84285,validation,all,raw,11053,0.8568872783077642,5.162827268730628,20.914262040086147,373.5126387017982,0.00688681196086107,0.4814988282977385,0.0
84285,validation,speed_lt_0.01,raw,1074,0.20320096348968714,0.7648208610227532,1.6305874485141494,2.1800260674819394,0.0,0.07668944088273275,0.0
84285,validation,speed_ge_0.05,raw,9223,0.9351973568859301,5.533624954806077,40.85717933043559,373.5126387017982,0.03131350643126011,0.5117837929148041,0.0
84285,validation,speed_ge_0.2,raw,5012,0.8917009568453654,6.753018888328276,81.47792649411478,373.5126387017982,-0.0001098716991325085,0.6542754207712395,0.0
84285,validation,speed_ge_0.4,raw,624,3.649360192183087,44.02366136726687,253.9448250585932,373.5126387017982,-0.7913439384674061,2.7114870276143224,0.0
84285,validation,accel_lt_0.5,raw,2711,0.43705135176701765,1.5885689417779127,7.800935071923493,243.15408107221734,0.0,-0.14516532754684275,0.0
84285,validation,accel_ge_2,raw,2080,2.8411553203969957,10.289660206384829,87.05371884355112,373.5126387017982,0.6282905584089558,1.8084669085943028,0.0
84285,validation,reversal,raw,332,3.542926683643593,97.17092490508381,316.00825595797266,373.5126387017982,2.835916090397224,16.483076228489043,0.0
84285,validation,horizon_40_80ms,raw,7989,0.9682881483529738,5.61397058448057,20.67540622435215,373.5126387017982,0.0,0.39777497939099205,0.0
84285,full,all,ema_0.1,11053,2.6649162546068594,11.233033699747116,23.180078810856017,241.19525194591893,0.5638223964405276,1.5874713642407958,17.832262734099338
84285,validation,all,ema_0.1,11053,2.6649162546068594,11.233033699747116,23.180078810856017,241.19525194591893,0.5638223964405276,1.5874713642407958,17.832262734099338
84285,full,all,ema_0.25,11053,1.4543755538816843,8.057492587931582,26.94665494500803,242.27482033660667,0.11695124700868012,0.802772340861035,26.02008504478422
84285,full,speed_lt_0.01,ema_0.25,1074,0.08788366479591152,1.6133000505831443,40.76053234747598,63.86824404349617,0.0,0.7751215254986943,87.243947858473
84285,full,speed_ge_0.05,ema_0.25,9223,1.5558021340834656,8.476981555206649,26.334573176607638,242.27482033660667,0.20021524684252787,0.7065804150306978,19.212837471538542
84285,full,speed_ge_0.2,ema_0.25,5012,1.4614064116437,11.199249754190747,57.9414626091986,242.27482033660667,0.2039245339369914,0.7495103660209143,18.296089385474858
84285,full,speed_ge_0.4,ema_0.25,624,5.838438161116935,22.915732278049404,70.43508134915439,84.49571643532609,0.4171773986754258,1.525531343387141,26.602564102564102
84285,full,accel_lt_0.5,ema_0.25,2711,0.709799358259899,3.1874230401277432,33.79958244435739,242.27482033660667,0.0,0.10667330014120158,34.747325710070086
84285,full,accel_ge_2,ema_0.25,2080,4.418487754976397,17.404186928461506,51.24728199566174,84.49571643532609,1.2028794552144917,2.1836713514157857,29.567307692307693
84285,full,reversal,ema_0.25,332,4.119691048358926,76.46752144913714,154.83183803905345,213.54926043053626,2.5747214381188592,10.223495555055148,40.66265060240964
84285,full,horizon_40_80ms,ema_0.25,7989,1.5825098999222653,8.87393836099562,27.58630474188917,242.27482033660667,0.11168927179074219,0.7423871984358815,26.56152209287771
84285,validation,all,ema_0.25,11053,1.4543755538816843,8.057492587931582,26.94665494500803,242.27482033660667,0.11695124700868012,0.802772340861035,26.02008504478422
84285,validation,speed_lt_0.01,ema_0.25,1074,0.08788366479591152,1.6133000505831443,40.76053234747598,63.86824404349617,0.0,0.7751215254986943,87.243947858473
84285,validation,speed_ge_0.05,ema_0.25,9223,1.5558021340834656,8.476981555206649,26.334573176607638,242.27482033660667,0.20021524684252787,0.7065804150306978,19.212837471538542
84285,validation,speed_ge_0.2,ema_0.25,5012,1.4614064116437,11.199249754190747,57.9414626091986,242.27482033660667,0.2039245339369914,0.7495103660209143,18.296089385474858
84285,validation,speed_ge_0.4,ema_0.25,624,5.838438161116935,22.915732278049404,70.43508134915439,84.49571643532609,0.4171773986754258,1.525531343387141,26.602564102564102
84285,validation,accel_lt_0.5,ema_0.25,2711,0.709799358259899,3.1874230401277432,33.79958244435739,242.27482033660667,0.0,0.10667330014120158,34.747325710070086
84285,validation,accel_ge_2,ema_0.25,2080,4.418487754976397,17.404186928461506,51.24728199566174,84.49571643532609,1.2028794552144917,2.1836713514157857,29.567307692307693
84285,validation,reversal,ema_0.25,332,4.119691048358926,76.46752144913714,154.83183803905345,213.54926043053626,2.5747214381188592,10.223495555055148,40.66265060240964
84285,validation,horizon_40_80ms,ema_0.25,7989,1.5825098999222653,8.87393836099562,27.58630474188917,242.27482033660667,0.11168927179074219,0.7423871984358815,26.56152209287771
84285,full,all,ema_0.5,11053,1.0123374413925044,6.210738786376651,24.85693771702772,242.82533411964093,0.06191603720091097,0.5820132576823862,35.28453813444314
84285,validation,all,ema_0.5,11053,1.0123374413925044,6.210738786376651,24.85693771702772,242.82533411964093,0.06191603720091097,0.5820132576823862,35.28453813444314
84285,full,all,ema_0.75,11053,0.8866472183394211,5.495564559012475,25.74831625069862,277.02624404637834,0.02981436467287753,0.5139573601450719,41.21957839500588
84285,validation,all,ema_0.75,11053,0.8866472183394211,5.495564559012475,25.74831625069862,277.02624404637834,0.02981436467287753,0.5139573601450719,41.21957839500588
84285,full,all,acc_0.1_0.25,11053,0.7965682632569039,5.123778476826365,21.92485171254506,378.4477522863421,0.0,0.4171352164290347,58.33710304894599
84285,validation,all,acc_0.1_0.25,11053,0.7965682632569039,5.123778476826365,21.92485171254506,378.4477522863421,0.0,0.4171352164290347,58.33710304894599
84285,full,all,acc_0.1_0.5,11053,0.7667381380652769,5.060066053785758,22.935971670012695,383.3828658931456,0.0,0.3527716045603312,56.111462951234955
84285,validation,all,acc_0.1_0.5,11053,0.7667381380652769,5.060066053785758,22.935971670012695,383.3828658931456,0.0,0.3527716045603312,56.111462951234955
84285,full,all,acc_0.1_1.0,11053,0.7306927389781908,5.181485823206688,24.959544740696472,393.2530931701788,-0.014335917931977978,0.22404438082292394,49.805482674387044
84285,validation,all,acc_0.1_1.0,11053,0.7306927389781908,5.181485823206688,24.959544740696472,393.2530931701788,-0.014335917931977978,0.22404438082292394,49.805482674387044
84285,full,all,acc_0.25_0.25,11053,0.8037695570467944,4.954703653250284,23.439211955570894,378.4477524528754,0.0,0.41665516932290747,57.233330317560835
84285,validation,all,acc_0.25_0.25,11053,0.8037695570467944,4.954703653250284,23.439211955570894,378.4477524528754,0.0,0.41665516932290747,57.233330317560835
84285,full,all,acc_0.25_0.5,11053,0.7678545620508859,5.060131799399837,26.019141813886677,383.3828662219246,0.0,0.351811510348076,53.180132090835066
84285,validation,all,acc_0.25_0.5,11053,0.7678545620508859,5.060131799399837,26.019141813886677,383.3828662219246,0.0,0.351811510348076,53.180132090835066
84285,full,all,acc_0.25_1.0,11053,0.7676202625839129,5.6123355486437605,29.785362278940905,393.2530938112327,0.0,0.22212419239841313,44.99230978015019
84285,validation,all,acc_0.25_1.0,11053,0.7676202625839129,5.6123355486437605,29.785362278940905,393.2530938112327,0.0,0.22212419239841313,44.99230978015019
84285,full,all,acc_0.5_0.25,11053,0.8214060783220788,4.919988509054092,23.518137762065546,378.4477525029281,0.0,0.4167030990107017,52.845381344431374
84285,validation,all,acc_0.5_0.25,11053,0.8214060783220788,4.919988509054092,23.518137762065546,378.4477525029281,0.0,0.4167030990107017,52.845381344431374
84285,full,all,acc_0.5_0.5,11053,0.8117718901731491,5.166397264981046,26.16119453693115,383.38286632074136,0.0,0.3519073697236642,47.23604451280195
84285,validation,all,acc_0.5_0.5,11053,0.8117718901731491,5.166397264981046,26.16119453693115,383.38286632074136,0.0,0.3519073697236642,47.23604451280195
84285,full,all,acc_0.5_1.0,11053,0.9208414111833457,6.34185547210837,30.21920138699009,393.25309400390586,0.0,0.22231591114959057,38.071111915317104
84285,validation,all,acc_0.5_1.0,11053,0.9208414111833457,6.34185547210837,30.21920138699009,393.25309400390586,0.0,0.22231591114959057,38.071111915317104
84285,full,all,acc_1.0_0.25,11053,0.8964484069815739,5.1451481029517065,23.513110924971688,378.44775230243783,0.015029281884347958,0.4218019787812989,42.486202840857686
84285,validation,all,acc_1.0_0.25,11053,0.8964484069815739,5.1451481029517065,23.513110924971688,378.44775230243783,0.015029281884347958,0.4218019787812989,42.486202840857686
84285,full,all,acc_1.0_0.5,11053,1.0134149493751048,5.9481469092455,26.152170645256405,383.38286592492267,0.0,0.36210512926485944,35.501673753732014
84285,validation,all,acc_1.0_0.5,11053,1.0134149493751048,5.9481469092455,26.152170645256405,383.38286592492267,0.0,0.36210512926485944,35.501673753732014
84285,full,all,acc_1.0_1.0,11053,1.418752616549928,8.51430507630208,30.067077178796524,393.25309323213764,0.0,0.2427114302319811,25.468198679091646
84285,validation,all,acc_1.0_1.0,11053,1.418752616549928,8.51430507630208,30.067077178796524,393.25309323213764,0.0,0.2427114302319811,25.468198679091646
84285,full,all,guard_acc_0.25_0.25_2.0,11053,0.7940867200616469,5.059494410854598,21.115088248177436,373.7086505690947,0.0,0.43696203363487185,57.00714738080159
84285,validation,all,guard_acc_0.25_0.25_2.0,11053,0.7940867200616469,5.059494410854598,21.115088248177436,373.7086505690947,0.0,0.43696203363487185,57.00714738080159
84285,full,all,guard_acc_0.25_0.5_2.0,11053,0.7567481648705505,4.953349006815189,21.339283676874675,373.9046637793094,0.0,0.39242523897200515,53.48774088482765
84285,validation,all,guard_acc_0.25_0.5_2.0,11053,0.7567481648705505,4.953349006815189,21.339283676874675,373.9046637793094,0.0,0.39242523897200515,53.48774088482765
84285,full,all,guard_acc_0.25_0.25_4.0,11053,0.7954165486073173,4.970766518635195,21.22425583305173,374.01709544234626,0.0,0.4255166486350514,56.400977110286796
84285,validation,all,guard_acc_0.25_0.25_4.0,11053,0.7954165486073173,4.970766518635195,21.22425583305173,374.01709544234626,0.0,0.4255166486350514,56.400977110286796
84285,full,all,guard_acc_0.25_0.5_4.0,11053,0.7574156594237398,4.907885471283073,21.535314489696777,374.52155351079244,0.0,0.3695344689723634,52.41111010585361
84285,validation,all,guard_acc_0.25_0.5_4.0,11053,0.7574156594237398,4.907885471283073,21.535314489696777,374.52155351079244,0.0,0.3695344689723634,52.41111010585361
84285,full,all,guard_acc_0.5_0.25_2.0,11053,0.8159283099585701,4.996563239217845,21.2065397678939,374.0452729925276,0.00012139917158549614,0.439417514515326,52.73681353478693
84285,validation,all,guard_acc_0.5_0.25_2.0,11053,0.8159283099585701,4.996563239217845,21.2065397678939,374.0452729925276,0.00012139917158549614,0.439417514515326,52.73681353478693
84285,full,all,guard_acc_0.5_0.5_2.0,11053,0.8042495953492367,4.882748042141034,21.499068601417278,374.57790778791565,0.0,0.39733620073291404,47.56174794173528
84285,validation,all,guard_acc_0.5_0.5_2.0,11053,0.8042495953492367,4.882748042141034,21.499068601417278,374.57790778791565,0.0,0.39733620073291404,47.56174794173528
84285,full,all,guard_acc_0.5_0.25_4.0,11053,0.815064103365523,4.921096725254252,21.46087616171151,374.66216218359165,0.0,0.4270361756645968,52.36587351850176
84285,validation,all,guard_acc_0.5_0.25_4.0,11053,0.815064103365523,4.921096725254252,21.46087616171151,374.66216218359165,0.0,0.4270361756645968,52.36587351850176
84285,full,all,guard_acc_0.5_0.5_4.0,11053,0.8057395959389969,4.891041258469087,22.00835651524359,375.8116861532498,0.0,0.37257352303145463,46.97367230616123
84285,validation,all,guard_acc_0.5_0.5_4.0,11053,0.8057395959389969,4.891041258469087,22.00835651524359,375.8116861532498,0.0,0.37257352303145463,46.97367230616123
84285,full,all,ls1_3,11053,0.8943249195651328,5.790582182342099,30.312878668554927,268.04842988422473,0.02459503309523866,0.6253200071919245,39.61820320275039
84285,validation,all,ls1_3,11053,0.8943249195651328,5.790582182342099,30.312878668554927,268.04842988422473,0.02459503309523866,0.6253200071919245,39.61820320275039
84285,full,all,ls2_3,11053,1.4189688123735413,8.775794177499764,55.384889694219865,1061.08343132104,0.0,0.3792565624318783,25.35963086944721
84285,validation,all,ls2_3,11053,1.4189688123735413,8.775794177499764,55.384889694219865,1061.08343132104,0.0,0.3792565624318783,25.35963086944721
84285,full,all,ls2_3_damped_0.25,11053,0.896447549237425,5.209940802157814,29.629792246826028,441.4999593371148,0.014838672046941604,0.4440900024332322,42.45001357097621
84285,validation,all,ls2_3_damped_0.25,11053,0.896447549237425,5.209940802157814,29.629792246826028,441.4999593371148,0.014838672046941604,0.4440900024332322,42.45001357097621
84285,full,all,ls2_3_damped_0.5,11053,1.0134156624816137,6.100143778554575,41.26269723209287,509.4872826463237,0.0,0.4066811765687254,35.45643716638017
84285,validation,all,ls2_3_damped_0.5,11053,1.0134156624816137,6.100143778554575,41.26269723209287,509.4872826463237,0.0,0.4066811765687254,35.45643716638017
84285,full,all,ls1_4,11053,1.0238164656920867,6.423601808242334,38.45445719344013,242.87828788842342,0.04565655135676881,0.726866096350911,32.570342893332125
84285,validation,all,ls1_4,11053,1.0238164656920867,6.423601808242334,38.45445719344013,242.87828788842342,0.04565655135676881,0.726866096350911,32.570342893332125
84285,full,all,ls2_4,11053,0.8999252782379471,6.60527476397613,58.14158316260977,818.872754085243,0.0,0.3885336574232525,43.02904188907989
84285,validation,all,ls2_4,11053,0.8999252782379471,6.60527476397613,58.14158316260977,818.872754085243,0.0,0.3885336574232525,43.02904188907989
84285,full,all,ls2_4_damped_0.25,11053,0.7904721215228713,4.984923802620787,32.34110008778324,414.91058431611964,0.0,0.4515478363431219,61.49461684610513
84285,validation,all,ls2_4_damped_0.25,11053,0.7904721215228713,4.984923802620787,32.34110008778324,414.91058431611964,0.0,0.4515478363431219,61.49461684610513
84285,full,all,ls2_4_damped_0.5,11053,0.7678260879886954,5.2525679149740885,41.80735362496431,456.3085309365858,0.0,0.4215968443885055,55.686239030127574
84285,validation,all,ls2_4_damped_0.5,11053,0.7678260879886954,5.2525679149740885,41.80735362496431,456.3085309365858,0.0,0.4215968443885055,55.686239030127574
84285,full,all,ls1_5,11053,1.1382744243591614,7.171446256688128,43.8111691534509,242.67742153107,0.061282668795239144,0.8039862009314659,29.99185741427667
84285,validation,all,ls1_5,11053,1.1382744243591614,7.171446256688128,43.8111691534509,242.67742153107,0.061282668795239144,0.8039862009314659,29.99185741427667
84285,full,all,ls2_5,11053,0.8404892567834592,6.861009182097024,58.07853198083366,650.6267755480789,0.0,0.41243512712586106,42.45906088844657
84285,validation,all,ls2_5,11053,0.8404892567834592,6.861009182097024,58.07853198083366,650.6267755480789,0.0,0.41243512712586106,42.45906088844657
84285,full,all,ls2_5_damped_0.25,11053,0.7956053976335302,5.06748060809962,37.17110262659859,393.9419233978188,0.0,0.4584533847320062,60.28227630507554
84285,validation,all,ls2_5_damped_0.25,11053,0.7956053976335302,5.06748060809962,37.17110262659859,393.9419233978188,0.0,0.4584533847320062,60.28227630507554
84285,full,all,ls2_5_damped_0.5,11053,0.7632632272262987,5.46127368527023,41.76167112940142,414.37120848250817,0.0,0.435407941166274,55.043879489731296
84285,validation,all,ls2_5_damped_0.5,11053,0.7632632272262987,5.46127368527023,41.76167112940142,414.37120848250817,0.0,0.435407941166274,55.043879489731296
84285,full,all,ls1_7,11053,1.3862703777892622,8.521652655347992,44.021697903656914,242.2462944224449,0.08278997022667928,0.8927791723764386,25.81199674296571
84285,validation,all,ls1_7,11053,1.3862703777892622,8.521652655347992,44.021697903656914,242.2462944224449,0.08278997022667928,0.8927791723764386,25.81199674296571
84285,full,all,ls2_7,11053,0.7671948099050481,7.494075976236513,71.70317231661714,437.945734216926,0.0,0.5416384642139536,49.615489007509275
84285,validation,all,ls2_7,11053,0.7671948099050481,7.494075976236513,71.70317231661714,437.945734216926,0.0,0.5416384642139536,49.615489007509275
84285,full,all,ls2_7_damped_0.25,11053,0.7781483566269386,5.479855414798516,40.332640612569165,363.35801165126213,0.0,0.48362121375086337,67.65584004342713
84285,validation,all,ls2_7_damped_0.25,11053,0.7781483566269386,5.479855414798516,40.332640612569165,363.35801165126213,0.0,0.48362121375086337,67.65584004342713
84285,full,all,ls2_7_damped_0.5,11053,0.732079903359081,5.864642343970552,48.60266195403504,353.2033893515467,0.0,0.48574359920398824,62.30887541843843
84285,validation,all,ls2_7_damped_0.5,11053,0.732079903359081,5.864642343970552,48.60266195403504,353.2033893515467,0.0,0.48574359920398824,62.30887541843843
84285,full,all,ls1_9,11053,1.6232705377608534,9.93581628727532,42.98065502033959,241.94747437691115,0.08411003311628523,0.9766933498256622,23.25160589885099
84285,validation,all,ls1_9,11053,1.6232705377608534,9.93581628727532,42.98065502033959,241.94747437691115,0.08411003311628523,0.9766933498256622,23.25160589885099
84285,full,all,ls2_9,11053,0.8046175219753285,8.148868580342008,74.47290047616896,351.5358011107122,-0.004089046438324536,0.5605898283931738,47.78793087849453
84285,validation,all,ls2_9,11053,0.8046175219753285,8.148868580342008,74.47290047616896,351.5358011107122,-0.004089046438324536,0.5605898283931738,47.78793087849453
84285,full,all,ls2_9_damped_0.25,11053,0.7859843865107958,5.748109393031205,39.670051721984045,341.8596023897842,0.0,0.4893169604484191,65.52972043789018
84285,validation,all,ls2_9_damped_0.25,11053,0.7859843865107958,5.748109393031205,39.670051721984045,341.8596023897842,0.0,0.4893169604484191,65.52972043789018
84285,full,all,ls2_9_damped_0.5,11053,0.7448411068662643,6.2533926888596225,50.2972369792275,310.2065810138034,0.0,0.49713509259910016,59.52230163756447
84285,validation,all,ls2_9_damped_0.5,11053,0.7448411068662643,6.2533926888596225,50.2972369792275,310.2065810138034,0.0,0.49713509259910016,59.52230163756447
84285,full,all,bounded_acceleration,11053,0.7567481648705475,4.953349006815166,21.339283676874683,373.9046637793094,0.0,0.3924252676756982,53.48774088482765
84285,full,speed_lt_0.01,bounded_acceleration,1074,0.20320096348968714,0.7648208610227532,1.6305874485141494,2.1800260674819394,0.0,0.07668944088273275,0.0
84285,full,speed_ge_0.05,bounded_acceleration,9223,0.842973323971445,5.252599183583621,40.842141841384134,373.9046637793094,0.0057605231408917905,0.42458026440707236,58.87455274856337
84285,full,speed_ge_0.2,bounded_acceleration,5012,0.8371064339518588,6.588714201794157,81.48336432905826,373.9046637793094,-0.06437685411463656,0.5577713788800222,57.18276137270551
84285,full,speed_ge_0.4,bounded_acceleration,624,3.524258205098461,44.01248872083394,254.31276333605985,373.9046637793094,-0.8286985669224347,2.4562569137688817,57.37179487179487
84285,full,accel_lt_0.5,bounded_acceleration,2711,0.3994265596922709,1.3232282064888008,8.041090420454113,243.54463139181388,0.0,-0.1653143089149248,48.80118037624493
84285,full,accel_ge_2,bounded_acceleration,2080,2.738669098670232,9.783682863256798,86.94635480550741,373.9046637793094,0.36518696966400416,1.6214789689105165,51.00961538461538
84285,full,reversal,bounded_acceleration,332,3.7233542952521796,97.3227650907144,316.30830559329274,373.9046637793094,2.85820211903373,16.437585696721698,50.30120481927711
84285,full,horizon_40_80ms,bounded_acceleration,7989,0.849554977700222,5.263088830463353,21.349545785488328,373.9046637793094,0.0,0.29616106623008437,53.61121542120415
84285,validation,all,bounded_acceleration,11053,0.7567481648705475,4.953349006815166,21.339283676874683,373.9046637793094,0.0,0.3924252676756982,53.48774088482765
84285,validation,speed_lt_0.01,bounded_acceleration,1074,0.20320096348968714,0.7648208610227532,1.6305874485141494,2.1800260674819394,0.0,0.07668944088273275,0.0
84285,validation,speed_ge_0.05,bounded_acceleration,9223,0.842973323971445,5.252599183583621,40.842141841384134,373.9046637793094,0.0057605231408917905,0.42458026440707236,58.87455274856337
84285,validation,speed_ge_0.2,bounded_acceleration,5012,0.8371064339518588,6.588714201794157,81.48336432905826,373.9046637793094,-0.06437685411463656,0.5577713788800222,57.18276137270551
84285,validation,speed_ge_0.4,bounded_acceleration,624,3.524258205098461,44.01248872083394,254.31276333605985,373.9046637793094,-0.8286985669224347,2.4562569137688817,57.37179487179487
84285,validation,accel_lt_0.5,bounded_acceleration,2711,0.3994265596922709,1.3232282064888008,8.041090420454113,243.54463139181388,0.0,-0.1653143089149248,48.80118037624493
84285,validation,accel_ge_2,bounded_acceleration,2080,2.738669098670232,9.783682863256798,86.94635480550741,373.9046637793094,0.36518696966400416,1.6214789689105165,51.00961538461538
84285,validation,reversal,bounded_acceleration,332,3.7233542952521796,97.3227650907144,316.30830559329274,373.9046637793094,2.85820211903373,16.437585696721698,50.30120481927711
84285,validation,horizon_40_80ms,bounded_acceleration,7989,0.849554977700222,5.263088830463353,21.349545785488328,373.9046637793094,0.0,0.29616106623008437,53.61121542120415
84285,full,all,abg_0.5_0.1_0,11053,2.178486859198328,12.651988682373025,39.49407161059459,241.65414302682188,0.15082434826056723,1.1230477614032597,18.926988148014114
84285,validation,all,abg_0.5_0.1_0,11053,2.178486859198328,12.651988682373025,39.49407161059459,241.65414302682188,0.15082434826056723,1.1230477614032597,18.926988148014114
84285,full,all,abg_0.8_0.2_0,11053,1.5547089739950906,8.878152137106966,30.90149534317541,242.18540393923297,0.13134177739065986,0.8546979937384951,24.165384963358363
84285,validation,all,abg_0.8_0.2_0,11053,1.5547089739950906,8.878152137106966,30.90149534317541,242.18540393923297,0.13134177739065986,0.8546979937384951,24.165384963358363
84285,full,all,abg_1.0_0.5_0,11053,1.012336976967247,6.2107369704211415,24.8569361079462,242.82533342467727,0.06191597143410006,0.5820134397097584,35.28453813444314
84285,validation,all,abg_1.0_0.5_0,11053,1.012336976967247,6.2107369704211415,24.8569361079462,242.82533342467727,0.06191597143410006,0.5820134397097584,35.28453813444314
84285,full,all,abg_0.5_0.1_0.01,11053,1.6112028247666965,17.21122878091468,51.9160530095686,242.6275348453067,-0.019424822374815378,-0.11988352992619147,22.147833167465848
84285,validation,all,abg_0.5_0.1_0.01,11053,1.6112028247666965,17.21122878091468,51.9160530095686,242.6275348453067,-0.019424822374815378,-0.11988352992619147,22.147833167465848
84285,full,all,abg_0.8_0.3_0.05,11053,0.8266368583322368,8.798221645025333,39.4471329696264,243.6550090619934,-0.0073610611306511526,0.25763463999280534,46.95557767122048
84285,validation,all,abg_0.8_0.3_0.05,11053,0.8266368583322368,8.798221645025333,39.4471329696264,243.6550090619934,-0.0073610611306511526,0.25763463999280534,46.95557767122048
84285,full,all,abg_1.0_0.5_0.1,11053,0.7387300295969002,6.888843810969045,27.45826147976968,244.15026104729392,0.0,0.2010222189685238,54.220573599927626
84285,validation,all,abg_1.0_0.5_0.1,11053,0.7387300295969002,6.888843810969045,27.45826147976968,244.15026104729392,0.0,0.2010222189685238,54.220573599927626
88726,full,all,raw,9591,1.546667467066418,7.772822355121853,13.646136605902509,44.69932626493195,0.04376944112461318,0.5153277018026086,0.0
88726,full,speed_lt_0.01,raw,1049,0.2443046444531479,0.5852678732077927,1.2120907864421115,1.2839176359218702,0.0,0.05332782794749471,0.0
88726,full,speed_ge_0.05,raw,6906,1.923950849230233,8.9961643397538,14.71786688739196,44.69932626493195,0.11502312063467267,0.5509222538085952,0.0
88726,full,speed_ge_0.2,raw,4548,1.8252055623248973,9.81289971916759,15.824991928437186,44.69932626493195,-0.04131208980133838,0.36878325898262476,0.0
88726,full,speed_ge_0.4,raw,1450,3.381244301702822,11.360966011805587,22.37625707801249,44.69932626493195,0.009728444085297952,0.47952125087401454,0.0
88726,full,accel_lt_0.5,raw,2721,0.4835597095099835,2.439293830449004,3.5520644425226426,6.2843608412699234,0.0,0.08543278014877198,0.0
88726,full,accel_ge_2,raw,2286,4.001005094968987,12.386140281292102,18.6623917193577,44.69932626493195,0.753480375057434,1.468223459384208,0.0
88726,full,reversal,raw,441,3.021762292602342,18.232766065283457,37.88230925552869,44.69932626493195,2.23031907372305,4.192695013935418,0.0
88726,full,horizon_40_80ms,raw,9562,1.552461767726674,7.795448174515166,13.646153326060778,44.69932626493195,0.04599270214773492,0.5148716257919277,0.0
88726,validation,all,raw,9591,1.546667467066418,7.772822355121853,13.646136605902509,44.69932626493195,0.04376944112461318,0.5153277018026086,0.0
88726,validation,speed_lt_0.01,raw,1049,0.2443046444531479,0.5852678732077927,1.2120907864421115,1.2839176359218702,0.0,0.05332782794749471,0.0
88726,validation,speed_ge_0.05,raw,6906,1.923950849230233,8.9961643397538,14.71786688739196,44.69932626493195,0.11502312063467267,0.5509222538085952,0.0
88726,validation,speed_ge_0.2,raw,4548,1.8252055623248973,9.81289971916759,15.824991928437186,44.69932626493195,-0.04131208980133838,0.36878325898262476,0.0
88726,validation,speed_ge_0.4,raw,1450,3.381244301702822,11.360966011805587,22.37625707801249,44.69932626493195,0.009728444085297952,0.47952125087401454,0.0
88726,validation,accel_lt_0.5,raw,2721,0.4835597095099835,2.439293830449004,3.5520644425226426,6.2843608412699234,0.0,0.08543278014877198,0.0
88726,validation,accel_ge_2,raw,2286,4.001005094968987,12.386140281292102,18.6623917193577,44.69932626493195,0.753480375057434,1.468223459384208,0.0
88726,validation,reversal,raw,441,3.021762292602342,18.232766065283457,37.88230925552869,44.69932626493195,2.23031907372305,4.192695013935418,0.0
88726,validation,horizon_40_80ms,raw,9562,1.552461767726674,7.795448174515166,13.646153326060778,44.69932626493195,0.04599270214773492,0.5148716257919277,0.0
88726,full,all,ema_0.1,9591,5.075721719453001,19.249302655991265,26.36064468600326,54.07402645711667,0.8604000028829054,2.6271350166689644,12.178083620060473
88726,validation,all,ema_0.1,9591,5.075721719453001,19.249302655991265,26.36064468600326,54.07402645711667,0.8604000028829054,2.6271350166689644,12.178083620060473
88726,full,all,ema_0.25,9591,2.7470574594708688,13.054362800302215,19.8146275963134,46.02001710071671,0.2027041622783491,1.15516157107128,19.914503180064642
88726,full,speed_lt_0.01,ema_0.25,1049,0.1723742196593075,0.5349767907640405,1.1319262414364537,1.2748293852659516,0.0,0.04674959052340722,65.39561487130601
88726,full,speed_ge_0.05,ema_0.25,6906,3.5438775767624837,14.451751367839092,21.104303874877974,46.02001710071671,0.6380104064395261,1.356533968257953,9.860990443092962
88726,full,speed_ge_0.2,ema_0.25,4548,3.316345828909353,15.621561954626324,21.69969207370319,46.02001710071671,0.40464405717947594,1.3033603529962738,8.883025505716798
88726,full,speed_ge_0.4,ema_0.25,1450,6.9494871812269166,18.24850864869631,24.995050131358234,45.177105672841044,1.1366415460633503,2.154443532449568,2.9655172413793105
88726,full,accel_lt_0.5,ema_0.25,2721,0.6465191590525196,4.1324004625054584,6.0407807861139755,9.890008072965282,0.0,0.18414448250066032,31.93678794560823
88726,full,accel_ge_2,ema_0.25,2286,7.303069866346945,18.906581196757983,31.62093693871369,46.02001710071671,1.9579000445082277,3.01705623638075,15.57305336832896
88726,full,reversal,ema_0.25,441,3.620332014268381,27.12660826580919,43.09643596188849,46.02001710071671,2.177363359885733,4.269658798933048,41.49659863945578
88726,full,horizon_40_80ms,ema_0.25,9562,2.7518875018533024,13.061602562386385,19.81740624150621,46.02001710071671,0.20362966296813453,1.1548524119377162,19.79711357456599
88726,validation,all,ema_0.25,9591,2.7470574594708688,13.054362800302215,19.8146275963134,46.02001710071671,0.2027041622783491,1.15516157107128,19.914503180064642
88726,validation,speed_lt_0.01,ema_0.25,1049,0.1723742196593075,0.5349767907640405,1.1319262414364537,1.2748293852659516,0.0,0.04674959052340722,65.39561487130601
88726,validation,speed_ge_0.05,ema_0.25,6906,3.5438775767624837,14.451751367839092,21.104303874877974,46.02001710071671,0.6380104064395261,1.356533968257953,9.860990443092962
88726,validation,speed_ge_0.2,ema_0.25,4548,3.316345828909353,15.621561954626324,21.69969207370319,46.02001710071671,0.40464405717947594,1.3033603529962738,8.883025505716798
88726,validation,speed_ge_0.4,ema_0.25,1450,6.9494871812269166,18.24850864869631,24.995050131358234,45.177105672841044,1.1366415460633503,2.154443532449568,2.9655172413793105
88726,validation,accel_lt_0.5,ema_0.25,2721,0.6465191590525196,4.1324004625054584,6.0407807861139755,9.890008072965282,0.0,0.18414448250066032,31.93678794560823
88726,validation,accel_ge_2,ema_0.25,2286,7.303069866346945,18.906581196757983,31.62093693871369,46.02001710071671,1.9579000445082277,3.01705623638075,15.57305336832896
88726,validation,reversal,ema_0.25,441,3.620332014268381,27.12660826580919,43.09643596188849,46.02001710071671,2.177363359885733,4.269658798933048,41.49659863945578
88726,validation,horizon_40_80ms,ema_0.25,9562,2.7518875018533024,13.061602562386385,19.81740624150621,46.02001710071671,0.20362966296813453,1.1548524119377162,19.79711357456599
88726,full,all,ema_0.5,9591,1.8965111304619886,9.983211698745787,16.440861322286665,44.36812636292759,0.09007065185806046,0.7229094874984241,27.296423730580756
88726,validation,all,ema_0.5,9591,1.8965111304619886,9.983211698745787,16.440861322286665,44.36812636292759,0.09007065185806046,0.7229094874984241,27.296423730580756
88726,full,all,ema_0.75,9591,1.6293752635908114,8.64254067326759,14.206531541228166,44.74572522748553,0.03849656379673701,0.5850916207403626,33.86508184756543
88726,validation,all,ema_0.75,9591,1.6293752635908114,8.64254067326759,14.206531541228166,44.74572522748553,0.03849656379673701,0.5850916207403626,33.86508184756543
88726,full,all,acc_0.1_0.25,9591,1.3989414303686134,7.640064313856328,13.810902761603726,44.54320002231925,0.0,0.37781359917363877,61.58898967782296
88726,validation,all,acc_0.1_0.25,9591,1.3989414303686134,7.640064313856328,13.810902761603726,44.54320002231925,0.0,0.37781359917363877,61.58898967782296
88726,full,all,acc_0.1_0.5,9591,1.277459624271472,7.728260826701229,14.171722449309108,44.43475113268105,0.0,0.2402994965446693,58.82598269210718
88726,validation,all,acc_0.1_0.5,9591,1.277459624271472,7.728260826701229,14.171722449309108,44.43475113268105,0.0,0.2402994965446693,58.82598269210718
88726,full,all,acc_0.1_1.0,9591,1.2054394415540315,8.173545032637417,14.554345965243535,44.36213034931437,-0.028680831822164608,-0.03472870871327026,52.17391304347826
88726,validation,all,acc_0.1_1.0,9591,1.2054394415540315,8.173545032637417,14.554345965243535,44.36213034931437,-0.028680831822164608,-0.03472870871327026,52.17391304347826
88726,full,all,acc_0.25_0.25,9591,1.3631991781554291,7.462323140231403,13.61476842873979,44.794873808775016,0.0,0.3906366159232369,63.93493900531748
88726,validation,all,acc_0.25_0.25,9591,1.3631991781554291,7.462323140231403,13.61476842873979,44.794873808775016,0.0,0.3906366159232369,63.93493900531748
88726,full,all,acc_0.25_0.5,9591,1.2331229364232486,7.381388718779842,13.90825736003139,44.96078957374201,0.0,0.26594553004386534,59.08664372849547
88726,validation,all,acc_0.25_0.5,9591,1.2331229364232486,7.381388718779842,13.90825736003139,44.96078957374201,0.0,0.26594553004386534,59.08664372849547
88726,full,all,acc_0.25_1.0,9591,1.2235199299094992,8.411689742896067,15.44514156458658,45.50032026073861,0.0,0.01656335828512225,49.61943488687311
88726,validation,all,acc_0.25_1.0,9591,1.2235199299094992,8.411689742896067,15.44514156458658,45.50032026073861,0.0,0.01656335828512225,49.61943488687311
88726,full,all,acc_0.5_0.25,9591,1.3836554230744462,7.238130983967295,13.17780070055856,45.07138351463702,0.0,0.395024507842107,59.691377332916275
88726,validation,all,acc_0.5_0.25,9591,1.3836554230744462,7.238130983967295,13.17780070055856,45.07138351463702,0.0,0.395024507842107,59.691377332916275
88726,full,all,acc_0.5_0.5,9591,1.3423612982982938,7.1611964362935385,13.346958373197756,45.56743899181933,0.0,0.27472131388160476,54.88478782191638
88726,validation,all,acc_0.5_0.5,9591,1.3423612982982938,7.1611964362935385,13.346958373197756,45.56743899181933,0.0,0.27472131388160476,54.88478782191638
88726,full,all,acc_0.5_1.0,9591,1.467600121011071,8.666715981649855,16.89836554522732,46.91483121431415,0.0,0.0341149259606009,42.6024397873006
88726,validation,all,acc_0.5_1.0,9591,1.467600121011071,8.666715981649855,16.89836554522732,46.91483121431415,0.0,0.0341149259606009,42.6024397873006
88726,full,all,acc_1.0_0.25,9591,1.522211366816897,7.348006595252668,12.319895793974128,44.23531822161283,0.0213995770853206,0.3949538026976488,51.16254822229174
88726,validation,all,acc_1.0_0.25,9591,1.522211366816897,7.348006595252668,12.319895793974128,44.23531822161283,0.0213995770853206,0.3949538026976488,51.16254822229174
88726,full,all,acc_1.0_0.5,9591,1.6774734529077833,7.80796891085614,13.290044347188525,44.14982063899281,0.0,0.27457990359268875,43.113335418621624
88726,validation,all,acc_1.0_0.5,9591,1.6774734529077833,7.80796891085614,13.290044347188525,44.14982063899281,0.0,0.27457990359268875,43.113335418621624
88726,full,all,acc_1.0_1.0,9591,2.310398483714156,11.400879054307717,19.257633436303866,45.113437632363464,0.0,0.03383210538276934,28.391200083411533
88726,validation,all,acc_1.0_1.0,9591,2.310398483714156,11.400879054307717,19.257633436303866,45.113437632363464,0.0,0.03383210538276934,28.391200083411533
88726,full,all,guard_acc_0.25_0.25_2.0,9591,1.375449693348711,7.59835904869179,13.319040410328162,44.76938442043661,0.0,0.42230194549989086,63.04869148159733
88726,validation,all,guard_acc_0.25_0.25_2.0,9591,1.375449693348711,7.59835904869179,13.319040410328162,44.76938442043661,0.0,0.42230194549989086,63.04869148159733
88726,full,all,guard_acc_0.25_0.5_2.0,9591,1.2325634956811522,7.425619113283586,13.213881331096003,44.85199089669835,0.0,0.32927618919717283,59.33687832342821
88726,validation,all,guard_acc_0.25_0.5_2.0,9591,1.2325634956811522,7.425619113283586,13.213881331096003,44.85199089669835,0.0,0.32927618919717283,59.33687832342821
88726,full,all,guard_acc_0.25_0.25_4.0,9591,1.3586630560449389,7.496512999653255,13.271955313274685,44.79234002198138,0.0,0.39870303884217645,62.85058909394223
88726,validation,all,guard_acc_0.25_0.25_4.0,9591,1.3586630560449389,7.496512999653255,13.271955313274685,44.79234002198138,0.0,0.39870303884217645,62.85058909394223
88726,full,all,guard_acc_0.25_0.5_4.0,9591,1.2325627652727433,7.36343352922276,13.430643290110456,44.92675320042733,0.0,0.2820783758817438,58.51318944844125
88726,validation,all,guard_acc_0.25_0.5_4.0,9591,1.2325627652727433,7.36343352922276,13.430643290110456,44.92675320042733,0.0,0.2820783758817438,58.51318944844125
88726,full,all,guard_acc_0.5_0.25_2.0,9591,1.3823272440596353,7.519125653210452,13.14619312022829,44.86513636191825,0.008427221804811933,0.4292657812692252,59.88947972057137
88726,validation,all,guard_acc_0.5_0.25_2.0,9591,1.3823272440596353,7.519125653210452,13.14619312022829,44.86513636191825,0.008427221804811933,0.4292657812692252,59.88947972057137
88726,full,all,guard_acc_0.5_0.5_2.0,9591,1.3266817517225422,7.280814604675509,13.03889532011365,45.04981562061855,0.0,0.3432038607358419,56.07340214784694
88726,validation,all,guard_acc_0.5_0.5_2.0,9591,1.3266817517225422,7.280814604675509,13.03889532011365,45.04981562061855,0.0,0.3432038607358419,56.07340214784694
88726,full,all,guard_acc_0.5_0.25_4.0,9591,1.3782837019143173,7.326473758930218,13.037756551342842,45.01319986242032,0.008463519244465348,0.40584906820530514,59.27431967469503
88726,validation,all,guard_acc_0.5_0.25_4.0,9591,1.3782837019143173,7.326473758930218,13.037756551342842,45.01319986242032,0.008463519244465348,0.40584906820530514,59.27431967469503
88726,full,all,guard_acc_0.5_0.5_4.0,9591,1.3364641690597396,7.093407686048135,12.936910439391744,45.39600133031578,0.0,0.29637043460800144,54.968199353560635
88726,validation,all,guard_acc_0.5_0.5_4.0,9591,1.3364641690597396,7.093407686048135,12.936910439391744,45.39600133031578,0.0,0.29637043460800144,54.968199353560635
88726,full,all,ls1_3,9591,1.6912922228917089,9.149602513392868,15.602188559672351,45.31950407808557,0.03220966034612534,0.623032244666011,33.249921801689084
88726,validation,all,ls1_3,9591,1.6912922228917089,9.149602513392868,15.602188559672351,45.31950407808557,0.03220966034612534,0.623032244666011,33.249921801689084
88726,full,all,ls2_3,9591,2.3104008219691528,11.42838026083105,20.124197142878284,72.80570493554488,0.0,0.023089957456843124,28.359920759044936
88726,validation,all,ls2_3,9591,2.3104008219691528,11.42838026083105,20.124197142878284,72.80570493554488,0.0,0.023089957456843124,28.359920759044936
88726,full,all,ls2_3_damped_0.25,9591,1.5222120800711143,7.348007610350321,12.319897165887735,44.23531719340284,0.021093592650399343,0.39425299158842186,51.14169533938067
88726,validation,all,ls2_3_damped_0.25,9591,1.5222120800711143,7.348007610350321,12.319897165887735,44.23531719340284,0.021093592650399343,0.39425299158842186,51.14169533938067
88726,full,all,ls2_3_damped_0.5,9591,1.677477987954866,7.83170976020274,13.454618909571447,44.149818962131846,0.0,0.27317828137423483,43.0716296527995
88726,validation,all,ls2_3_damped_0.5,9591,1.677477987954866,7.83170976020274,13.454618909571447,44.149818962131846,0.0,0.27317828137423483,43.0716296527995
88726,full,all,ls1_4,9591,1.9412299099634054,10.482225243993962,17.296015829964432,45.26790049914418,0.05885138613070068,0.7220910889477543,25.013033051819416
88726,validation,all,ls1_4,9591,1.9412299099634054,10.482225243993962,17.296015829964432,45.26790049914418,0.05885138613070068,0.7220910889477543,25.013033051819416
88726,full,all,ls2_4,9591,1.457985473627811,9.16049985893858,18.63723170007018,65.81325154186717,0.0,0.050649114995572786,44.12470023980815
88726,validation,all,ls2_4,9591,1.457985473627811,9.16049985893858,18.63723170007018,65.81325154186717,0.0,0.050649114995572786,44.12470023980815
88726,full,all,ls2_4_damped_0.25,9591,1.3472204122571556,7.2010495077049175,12.936070565749288,45.72130949192954,0.004939555190356337,0.4002999979439678,64.5083932853717
88726,validation,all,ls2_4_damped_0.25,9591,1.3472204122571556,7.2010495077049175,12.936070565749288,45.72130949192954,0.004939555190356337,0.4002999979439678,64.5083932853717
88726,full,all,ls2_4_damped_0.5,9591,1.255493851510084,7.307119608177135,13.75673797469649,46.841006920240524,0.0,0.2852722940853273,56.657282869356685
88726,validation,all,ls2_4_damped_0.5,9591,1.255493851510084,7.307119608177135,13.75673797469649,46.841006920240524,0.0,0.2852722940853273,56.657282869356685
88726,full,all,ls1_5,9591,2.1689799965623973,11.509969602786136,19.08935553581797,46.901672849961315,0.07787835675819363,0.824796071708803,22.25002606610364
88726,validation,all,ls1_5,9591,2.1689799965623973,11.509969602786136,19.08935553581797,46.901672849961315,0.07787835675819363,0.824796071708803,22.25002606610364
88726,full,all,ls2_5,9591,1.2296430462048622,9.705246974426514,19.335931174593767,50.692802879361665,0.0,0.04047664526294662,47.82608695652174
88726,validation,all,ls2_5,9591,1.2296430462048622,9.705246974426514,19.335931174593767,50.692802879361665,0.0,0.04047664526294662,47.82608695652174
88726,full,all,ls2_5_damped_0.25,9591,1.3346620629517731,7.488826106248757,13.660814457307701,46.06400044106676,0.0,0.39660223692820007,65.46762589928058
88726,validation,all,ls2_5_damped_0.25,9591,1.3346620629517731,7.488826106248757,13.660814457307701,46.06400044106676,0.0,0.39660223692820007,65.46762589928058
88726,full,all,ls2_5_damped_0.5,9591,1.200825708999253,7.7592175432540325,14.888414506756202,47.52334172317519,0.0,0.27787677205379147,58.523615889896774
88726,validation,all,ls2_5_damped_0.5,9591,1.200825708999253,7.7592175432540325,14.888414506756202,47.52334172317519,0.0,0.27787677205379147,58.523615889896774
88726,full,all,ls1_7,9591,2.6512039035464636,13.629373165051955,21.50291482525809,47.749614386604996,0.15772984957701303,1.031547040947549,18.42352205192368
88726,validation,all,ls1_7,9591,2.6512039035464636,13.629373165051955,21.50291482525809,47.749614386604996,0.15772984957701303,1.031547040947549,18.42352205192368
88726,full,all,ls2_7,9591,1.1116383071649185,10.906354014166345,21.722655911427044,52.11080198289573,-0.02633859665213979,0.025730801218553707,51.058283807736416
88726,validation,all,ls2_7,9591,1.1116383071649185,10.906354014166345,21.722655911427044,52.11080198289573,-0.02633859665213979,0.025730801218553707,51.058283807736416
88726,full,all,ls2_7_damped_0.25,9591,1.340925568324789,7.883659449527871,14.500013518473834,45.65265828992164,0.0,0.3914160714394186,68.23063288499635
88726,validation,all,ls2_7_damped_0.25,9591,1.340925568324789,7.883659449527871,14.500013518473834,45.65265828992164,0.0,0.3914160714394186,68.23063288499635
88726,full,all,ls2_7_damped_0.5,9591,1.1664917825304273,8.366313131743816,16.329148320240044,46.68159981053003,0.0,0.267504441076228,62.51694296736524
88726,validation,all,ls2_7_damped_0.5,9591,1.1664917825304273,8.366313131743816,16.329148320240044,46.68159981053003,0.0,0.267504441076228,62.51694296736524
88726,full,all,ls1_9,9591,3.1045893809944607,15.690458650560302,23.260350116141254,48.026567996547655,0.21173737065975917,1.2435242824340578,16.30695443645084
88726,validation,all,ls1_9,9591,3.1045893809944607,15.690458650560302,23.260350116141254,48.026567996547655,0.21173737065975917,1.2435242824340578,16.30695443645084
88726,full,all,ls2_9,9591,1.221634880281953,12.394771290312516,24.89202164196314,52.222912877810444,-0.03533860183297907,0.008626703789564332,49.22323011156292
88726,validation,all,ls2_9,9591,1.221634880281953,12.394771290312516,24.89202164196314,52.222912877810444,-0.03533860183297907,0.008626703789564332,49.22323011156292
88726,full,all,ls2_9_damped_0.25,9591,1.3615485410461485,8.239767676918907,15.617667945461525,44.67679230394614,0.0,0.38806114236816763,65.96809508914608
88726,validation,all,ls2_9_damped_0.25,9591,1.3615485410461485,8.239767676918907,15.617667945461525,44.67679230394614,0.0,0.38806114236816763,65.96809508914608
88726,full,all,ls2_9_damped_0.5,9591,1.2011703087804253,9.0783828378597,18.388394977988593,44.65801742219814,0.0,0.26079458293372676,60.95297674903556
88726,validation,all,ls2_9_damped_0.5,9591,1.2011703087804253,9.0783828378597,18.388394977988593,44.65801742219814,0.0,0.26079458293372676,60.95297674903556
88726,full,all,bounded_acceleration,9591,1.2325634956811649,7.425619113283583,13.213881331095987,44.85199089669835,0.0,0.32929199469726633,59.33687832342821
88726,full,speed_lt_0.01,bounded_acceleration,1049,0.2443046444531479,0.5852678732077927,1.2120907864421115,1.2839176359218702,0.0,0.05332782794749471,0.0
88726,full,speed_ge_0.05,bounded_acceleration,6906,1.5690624818993748,8.382761376288512,14.884092158382806,44.85199089669835,-0.06757406154901378,0.3233887368700795,72.21256878077035
88726,full,speed_ge_0.2,bounded_acceleration,4548,1.5748299739907607,9.364888792820928,15.875568739185011,44.85199089669835,-0.2163868005554317,0.12033763113455427,69.81090589270009
88726,full,speed_ge_0.4,bounded_acceleration,1450,3.1016006761447223,10.617504637923371,22.455666772702646,44.85199089669835,-0.3249881466252016,0.06070382027958313,79.72413793103448
88726,full,accel_lt_0.5,bounded_acceleration,2721,0.4396650777729589,1.9398379755240605,2.8334693111668336,4.9489575576966836,0.0,0.04578384927138882,44.50569643513414
88726,full,accel_ge_2,bounded_acceleration,2286,3.68398772995883,12.52469447195489,18.842207434280446,44.85199089669835,0.5052618165286755,1.1094487334645395,62.02974628171478
88726,full,reversal,bounded_acceleration,441,2.903430273883508,18.842207434280446,37.98442103444524,44.85199089669835,2.085329962921242,4.042403379141349,43.99092970521542
88726,full,horizon_40_80ms,bounded_acceleration,9562,1.2384349591364803,7.432261062343295,13.238391484610242,44.85199089669835,0.0,0.32892242053067744,59.412256850031376
88726,validation,all,bounded_acceleration,9591,1.2325634956811649,7.425619113283583,13.213881331095987,44.85199089669835,0.0,0.32929199469726633,59.33687832342821
88726,validation,speed_lt_0.01,bounded_acceleration,1049,0.2443046444531479,0.5852678732077927,1.2120907864421115,1.2839176359218702,0.0,0.05332782794749471,0.0
88726,validation,speed_ge_0.05,bounded_acceleration,6906,1.5690624818993748,8.382761376288512,14.884092158382806,44.85199089669835,-0.06757406154901378,0.3233887368700795,72.21256878077035
88726,validation,speed_ge_0.2,bounded_acceleration,4548,1.5748299739907607,9.364888792820928,15.875568739185011,44.85199089669835,-0.2163868005554317,0.12033763113455427,69.81090589270009
88726,validation,speed_ge_0.4,bounded_acceleration,1450,3.1016006761447223,10.617504637923371,22.455666772702646,44.85199089669835,-0.3249881466252016,0.06070382027958313,79.72413793103448
88726,validation,accel_lt_0.5,bounded_acceleration,2721,0.4396650777729589,1.9398379755240605,2.8334693111668336,4.9489575576966836,0.0,0.04578384927138882,44.50569643513414
88726,validation,accel_ge_2,bounded_acceleration,2286,3.68398772995883,12.52469447195489,18.842207434280446,44.85199089669835,0.5052618165286755,1.1094487334645395,62.02974628171478
88726,validation,reversal,bounded_acceleration,441,2.903430273883508,18.842207434280446,37.98442103444524,44.85199089669835,2.085329962921242,4.042403379141349,43.99092970521542
88726,validation,horizon_40_80ms,bounded_acceleration,9562,1.2384349591364803,7.432261062343295,13.238391484610242,44.85199089669835,0.0,0.32892242053067744,59.412256850031376
88726,full,all,abg_0.5_0.1_0,9591,3.8885630853314135,18.304124989216128,26.569253549061628,53.06412772401351,0.3500471468443733,1.6566450068297798,13.470962360546345
88726,validation,all,abg_0.5_0.1_0,9591,3.8885630853314135,18.304124989216128,26.569253549061628,53.06412772401351,0.3500471468443733,1.6566450068297798,13.470962360546345
88726,full,all,abg_0.8_0.2_0,9591,2.8968513466294694,14.047484510919965,21.157784181708642,47.888935949759556,0.2085157970105169,1.2091994038772622,18.663330205400896
88726,validation,all,abg_0.8_0.2_0,9591,2.8968513466294694,14.047484510919965,21.157784181708642,47.888935949759556,0.2085157970105169,1.2091994038772622,18.663330205400896
88726,full,all,abg_1.0_0.5_0,9591,1.8965108093259246,9.983212427088567,16.440862347050043,44.36812538088907,0.0900708413918292,0.7229098615685741,27.296423730580756
88726,validation,all,abg_1.0_0.5_0,9591,1.8965108093259246,9.983212427088567,16.440862347050043,44.36812538088907,0.0900708413918292,0.7229098615685741,27.296423730580756
88726,full,all,abg_0.5_0.1_0.01,9591,2.405373694664977,21.509542146071766,31.63559149967647,51.03841135819384,-0.12138232260420496,-0.2656737623277663,23.459493274945263
88726,validation,all,abg_0.5_0.1_0.01,9591,2.405373694664977,21.509542146071766,31.63559149967647,51.03841135819384,-0.12138232260420496,-0.2656737623277663,23.459493274945263
88726,full,all,abg_0.8_0.3_0.05,9591,1.263471011361753,14.135142299749251,25.8089944055117,43.16619447383538,-0.027332828236397422,0.06818472366642253,47.79480763215515
88726,validation,all,abg_0.8_0.3_0.05,9591,1.263471011361753,14.135142299749251,25.8089944055117,43.16619447383538,-0.027332828236397422,0.06818472366642253,47.79480763215515
88726,full,all,abg_1.0_0.5_0.1,9591,1.080413029088691,11.093736349420205,20.992466084761812,48.04294698474479,-0.02092587915093659,0.02736038249517226,52.83077885517673
88726,validation,all,abg_1.0_0.5_0.1,9591,1.080413029088691,11.093736349420205,20.992466084761812,48.04294698474479,-0.02092587915093659,0.02736038249517226,52.83077885517673
94976,full,all,raw,8025,2.0127334707219235,8.818326530101379,14.464881721326817,27.68603576362062,0.28252862557511965,0.6005315543326554,0.0
94976,full,speed_lt_0.01,raw,629,0.25486801982369417,0.7156757486318205,1.3118129900277655,1.4712456682904356,0.0,0.07199479947288774,0.0
94976,full,speed_ge_0.05,raw,6268,2.3838085751552356,9.5105171338156,15.329126211300434,27.68603576362062,0.41178822397484816,0.623382223716957,0.0
94976,full,speed_ge_0.2,raw,3630,2.1953818129634186,11.288594108260968,17.518395699348034,27.68603576362062,0.014490332469502525,0.314059247038105,0.0
94976,full,speed_ge_0.4,raw,1250,4.326696300423392,13.361962985078996,19.726925624807713,26.724919666956527,-0.14033167799083457,0.35848901862105753,0.0
94976,full,accel_lt_0.5,raw,1381,0.503287276359934,3.0971046290877253,4.762022231310117,7.7769034259808825,0.0,0.10769559684465546,0.0
94976,full,accel_ge_2,raw,2200,3.86314925361203,13.208031085929477,19.797243988553927,27.68603576362062,0.7272514407736881,1.1557175963801523,0.0
94976,full,reversal,raw,380,3.9172018720745294,19.013939426460194,24.95144439230489,27.68603576362062,2.51467577512806,3.715613396637369,0.0
94976,full,horizon_40_80ms,raw,8009,2.013972631638373,8.823023108351618,14.464881721326817,27.68603576362062,0.2846431714169205,0.6002728592305883,0.0
94976,validation,all,raw,8025,2.0127334707219235,8.818326530101379,14.464881721326817,27.68603576362062,0.28252862557511965,0.6005315543326554,0.0
94976,validation,speed_lt_0.01,raw,629,0.25486801982369417,0.7156757486318205,1.3118129900277655,1.4712456682904356,0.0,0.07199479947288774,0.0
94976,validation,speed_ge_0.05,raw,6268,2.3838085751552356,9.5105171338156,15.329126211300434,27.68603576362062,0.41178822397484816,0.623382223716957,0.0
94976,validation,speed_ge_0.2,raw,3630,2.1953818129634186,11.288594108260968,17.518395699348034,27.68603576362062,0.014490332469502525,0.314059247038105,0.0
94976,validation,speed_ge_0.4,raw,1250,4.326696300423392,13.361962985078996,19.726925624807713,26.724919666956527,-0.14033167799083457,0.35848901862105753,0.0
94976,validation,accel_lt_0.5,raw,1381,0.503287276359934,3.0971046290877253,4.762022231310117,7.7769034259808825,0.0,0.10769559684465546,0.0
94976,validation,accel_ge_2,raw,2200,3.86314925361203,13.208031085929477,19.797243988553927,27.68603576362062,0.7272514407736881,1.1557175963801523,0.0
94976,validation,reversal,raw,380,3.9172018720745294,19.013939426460194,24.95144439230489,27.68603576362062,2.51467577512806,3.715613396637369,0.0
94976,validation,horizon_40_80ms,raw,8009,2.013972631638373,8.823023108351618,14.464881721326817,27.68603576362062,0.2846431714169205,0.6002728592305883,0.0
94976,full,all,ema_0.1,8025,5.812884337978555,22.629233303277385,34.61927957187061,60.22127244570586,2.058852737671362,3.5553972614006444,13.046728971962619
94976,validation,all,ema_0.1,8025,5.812884337978555,22.629233303277385,34.61927957187061,60.22127244570586,2.058852737671362,3.5553972614006444,13.046728971962619
94976,full,all,ema_0.25,8025,3.4932620271107724,14.604509685844679,23.963534600211673,49.08438932263275,0.7839351599320636,1.607385126341758,17.53271028037383
94976,full,speed_lt_0.01,ema_0.25,629,0.2118120007074064,0.8133117487501613,1.5718140335758835,1.8713148468007441,0.0,0.09291626357500676,56.75675675675676
94976,full,speed_ge_0.05,ema_0.25,6268,4.220771597202309,16.087895860118444,25.2134942424308,49.08438932263275,1.3318267459161413,1.823833314580519,10.322271857051692
94976,full,speed_ge_0.2,ema_0.25,3630,4.300282612948555,18.705446771831408,28.23723644175313,49.08438932263275,0.8096756286790019,1.6100361380470454,7.052341597796143
94976,full,speed_ge_0.4,ema_0.25,1250,7.102588865706479,23.250019594819676,31.601250526145577,40.598657664967064,0.9595143609294512,2.5523345994158,8.559999999999999
94976,full,accel_lt_0.5,ema_0.25,1381,0.5478935855490054,4.966946749139846,7.022726853510851,9.216041529512339,0.03606243779258114,0.14046176504055086,37.29181752353367
94976,full,accel_ge_2,ema_0.25,2200,6.57466210648405,22.125555076529643,33.95950315417444,49.08438932263275,1.829534424084474,3.3010824925371045,16.727272727272727
94976,full,reversal,ema_0.25,380,3.6900707111856197,33.959197612917485,41.955331101953256,49.08438932263275,2.0453794368137888,4.809275986397558,48.68421052631579
94976,full,horizon_40_80ms,ema_0.25,8009,3.4988864115616334,14.605948842893945,23.963534600211673,49.08438932263275,0.7861194078727222,1.6080195536358872,17.54276439006118
94976,validation,all,ema_0.25,8025,3.4932620271107724,14.604509685844679,23.963534600211673,49.08438932263275,0.7839351599320636,1.607385126341758,17.53271028037383
94976,validation,speed_lt_0.01,ema_0.25,629,0.2118120007074064,0.8133117487501613,1.5718140335758835,1.8713148468007441,0.0,0.09291626357500676,56.75675675675676
94976,validation,speed_ge_0.05,ema_0.25,6268,4.220771597202309,16.087895860118444,25.2134942424308,49.08438932263275,1.3318267459161413,1.823833314580519,10.322271857051692
94976,validation,speed_ge_0.2,ema_0.25,3630,4.300282612948555,18.705446771831408,28.23723644175313,49.08438932263275,0.8096756286790019,1.6100361380470454,7.052341597796143
94976,validation,speed_ge_0.4,ema_0.25,1250,7.102588865706479,23.250019594819676,31.601250526145577,40.598657664967064,0.9595143609294512,2.5523345994158,8.559999999999999
94976,validation,accel_lt_0.5,ema_0.25,1381,0.5478935855490054,4.966946749139846,7.022726853510851,9.216041529512339,0.03606243779258114,0.14046176504055086,37.29181752353367
94976,validation,accel_ge_2,ema_0.25,2200,6.57466210648405,22.125555076529643,33.95950315417444,49.08438932263275,1.829534424084474,3.3010824925371045,16.727272727272727
94976,validation,reversal,ema_0.25,380,3.6900707111856197,33.959197612917485,41.955331101953256,49.08438932263275,2.0453794368137888,4.809275986397558,48.68421052631579
94976,validation,horizon_40_80ms,ema_0.25,8009,3.4988864115616334,14.605948842893945,23.963534600211673,49.08438932263275,0.7861194078727222,1.6080195536358872,17.54276439006118
94976,full,all,ema_0.5,8025,2.5656668285196758,10.953952848664017,17.676055742616818,37.37219212212219,0.4551358675133507,0.9525748747023735,23.725856697819314
94976,validation,all,ema_0.5,8025,2.5656668285196758,10.953952848664017,17.676055742616818,37.37219212212219,0.4551358675133507,0.9525748747023735,23.725856697819314
94976,full,all,ema_0.75,8025,2.1823804736953623,9.402155953296864,15.1920007475494,31.2351418581651,0.34247178818847734,0.7233365896602082,29.034267912772588
94976,validation,all,ema_0.75,8025,2.1823804736953623,9.402155953296864,15.1920007475494,31.2351418581651,0.34247178818847734,0.7233365896602082,29.034267912772588
94976,full,all,acc_0.1_0.25,8025,1.849534776905669,8.272901238224778,14.062745917129552,26.370676853478177,0.1627171186635846,0.40804542256465365,62.85358255451713
94976,validation,all,acc_0.1_0.25,8025,1.849534776905669,8.272901238224778,14.062745917129552,26.370676853478177,0.1627171186635846,0.40804542256465365,62.85358255451713
94976,full,all,acc_0.1_0.5,8025,1.72674669032401,8.129138438692165,14.135783422882046,26.381985803948,0.052393711716505906,0.21555929079665148,60.02492211838006
94976,validation,all,acc_0.1_0.5,8025,1.72674669032401,8.129138438692165,14.135783422882046,26.381985803948,0.052393711716505906,0.21555929079665148,60.02492211838006
94976,full,all,acc_0.1_1.0,8025,1.655127539805043,8.30969838159314,14.621107186060343,28.74477391634207,-0.06448366656217956,-0.16941297273935177,53.7196261682243
94976,validation,all,acc_0.1_1.0,8025,1.655127539805043,8.30969838159314,14.621107186060343,28.74477391634207,-0.06448366656217956,-0.16941297273935177,53.7196261682243
94976,full,all,acc_0.25_0.25,8025,1.79687225835184,8.099975836054382,13.097212021288067,26.21869705911483,0.17125733311600308,0.4041899971404813,66.25545171339564
94976,validation,all,acc_0.25_0.25,8025,1.79687225835184,8.099975836054382,13.097212021288067,26.21869705911483,0.17125733311600308,0.4041899971404813,66.25545171339564
94976,full,all,acc_0.25_0.5,8025,1.634985619979098,7.7441227035408975,12.861051216123618,28.731769069917263,0.06508920909773275,0.20784843994830568,61.90654205607476
94976,validation,all,acc_0.25_0.5,8025,1.634985619979098,7.7441227035408975,12.861051216123618,28.731769069917263,0.06508920909773275,0.20784843994830568,61.90654205607476
94976,full,all,acc_0.25_1.0,8025,1.583457712011945,8.18490786470391,14.349330697072421,34.54697906398959,-0.03194169482359665,-0.18483467443604282,53.495327102803735
94976,validation,all,acc_0.25_1.0,8025,1.583457712011945,8.18490786470391,14.349330697072421,34.54697906398959,-0.03194169482359665,-0.18483467443604282,53.495327102803735
94976,full,all,acc_0.5_0.25,8025,1.7859098078627391,7.904417349642519,12.959987085121814,29.026104501738324,0.1665756588597964,0.3955741347925082,64.3613707165109
94976,validation,all,acc_0.5_0.25,8025,1.7859098078627391,7.904417349642519,12.959987085121814,29.026104501738324,0.1665756588597964,0.3955741347925082,64.3613707165109
94976,full,all,acc_0.5_0.5,8025,1.6956517523186263,7.532434781377522,13.341840264880359,34.41537183443669,0.07596467423866357,0.19061671525236132,59.476635514018696
94976,validation,all,acc_0.5_0.5,8025,1.6956517523186263,7.532434781377522,13.341840264880359,34.41537183443669,0.07596467423866357,0.19061671525236132,59.476635514018696
94976,full,all,acc_0.5_1.0,8025,1.822362107224613,9.009414631806946,15.284667339322441,45.35257010601298,0.0,-0.21929812382793332,47.09034267912773
94976,validation,all,acc_0.5_1.0,8025,1.822362107224613,9.009414631806946,15.284667339322441,45.35257010601298,0.0,-0.21929812382793332,47.09034267912773
94976,full,all,acc_1.0_0.25,8025,1.9132265041618473,8.175015216699734,13.862648601178629,29.235491566588298,0.18282000269744225,0.3851769718633133,54.890965732087224
94976,validation,all,acc_1.0_0.25,8025,1.9132265041618473,8.175015216699734,13.862648601178629,29.235491566588298,0.18282000269744225,0.3851769718633133,54.890965732087224
94976,full,all,acc_1.0_0.5,8025,2.045553889203196,8.487409020730164,14.913234214780493,34.81155644652137,0.062235119680649126,0.16982238939397096,46.890965732087224
94976,validation,all,acc_1.0_0.5,8025,2.045553889203196,8.487409020730164,14.913234214780493,34.81155644652137,0.062235119680649126,0.16982238939397096,46.890965732087224
94976,full,all,acc_1.0_1.0,8025,2.7967726955534107,11.934484957125603,22.80995298523793,46.084939848369984,0.0,-0.26088677554471396,31.376947040498443
94976,validation,all,acc_1.0_1.0,8025,2.7967726955534107,11.934484957125603,22.80995298523793,46.084939848369984,0.0,-0.26088677554471396,31.376947040498443
94976,full,all,guard_acc_0.25_0.25_2.0,8025,1.8075567707245817,8.32404467119557,13.924954260632576,26.746817939234543,0.19507683259466166,0.4615686579613872,64.83489096573209
94976,validation,all,guard_acc_0.25_0.25_2.0,8025,1.8075567707245817,8.32404467119557,13.924954260632576,26.746817939234543,0.19507683259466166,0.4615686579613872,64.83489096573209
94976,full,all,guard_acc_0.25_0.5_2.0,8025,1.6526758028451178,8.027473151821878,13.408504885334432,25.916003702132702,0.10979607539918909,0.3226057615901186,61.99376947040498
94976,validation,all,guard_acc_0.25_0.5_2.0,8025,1.6526758028451178,8.027473151821878,13.408504885334432,25.916003702132702,0.10979607539918909,0.3226057615901186,61.99376947040498
94976,full,all,guard_acc_0.25_0.25_4.0,8025,1.7964720467492312,8.184110485834772,13.551261518462542,25.864874824700326,0.17324705978622118,0.4263724257178781,64.21183800623052
94976,validation,all,guard_acc_0.25_0.25_4.0,8025,1.7964720467492312,8.184110485834772,13.551261518462542,25.864874824700326,0.17324705978622118,0.4263724257178781,64.21183800623052
94976,full,all,guard_acc_0.25_0.5_4.0,8025,1.6326203842056966,7.851674366044318,12.81815258004409,25.18147817227994,0.07484698651778214,0.2522132971031009,60.573208722741434
94976,validation,all,guard_acc_0.25_0.5_4.0,8025,1.6326203842056966,7.851674366044318,12.81815258004409,25.18147817227994,0.07484698651778214,0.2522132971031009,60.573208722741434
94976,full,all,guard_acc_0.5_0.25_2.0,8025,1.7948325112072006,8.170193310048004,13.768898106185912,26.34144334111695,0.18977642791236787,0.46231113869301155,63.32710280373832
94976,validation,all,guard_acc_0.5_0.25_2.0,8025,1.7948325112072006,8.170193310048004,13.768898106185912,26.34144334111695,0.18977642791236787,0.46231113869301155,63.32710280373832
94976,full,all,guard_acc_0.5_0.5_2.0,8025,1.680863775252429,7.960545571117323,12.831210351522728,25.799155375279955,0.1065506829036638,0.3240907230533669,59.62616822429907
94976,validation,all,guard_acc_0.5_0.5_2.0,8025,1.680863775252429,7.960545571117323,12.831210351522728,25.799155375279955,0.1065506829036638,0.3240907230533669,59.62616822429907
94976,full,all,guard_acc_0.5_0.25_4.0,8025,1.7860844763635984,8.020981406917855,12.930752202669485,25.795834843681813,0.1698190281090339,0.42288485998623215,63.252336448598136
94976,validation,all,guard_acc_0.5_0.25_4.0,8025,1.7860844763635984,8.020981406917855,12.930752202669485,25.795834843681813,0.1698190281090339,0.42288485998623215,63.252336448598136
94976,full,all,guard_acc_0.5_0.5_4.0,8025,1.6896552128192006,7.698562518379505,12.680438583373435,25.908918620145442,0.08588757419693917,0.24523816563980907,58.45482866043614
94976,validation,all,guard_acc_0.5_0.5_4.0,8025,1.6896552128192006,7.698562518379505,12.680438583373435,25.908918620145442,0.08588757419693917,0.24523816563980907,58.45482866043614
94976,full,all,ls1_3,8025,2.3010351619385205,10.00940832253387,16.309712039500525,32.97265957003053,0.36677366236284387,0.7929317738171783,28.82242990654206
94976,validation,all,ls1_3,8025,2.3010351619385205,10.00940832253387,16.309712039500525,32.97265957003053,0.36677366236284387,0.7929317738171783,28.82242990654206
94976,full,all,ls2_3,8025,2.796769583072672,12.42346718091954,27.525018613974524,70.62525377291706,0.0,-0.303098445167601,31.35202492211838
94976,validation,all,ls2_3,8025,2.796769583072672,12.42346718091954,27.525018613974524,70.62525377291706,0.0,-0.303098445167601,31.35202492211838
94976,full,all,ls2_3_damped_0.25,8025,1.9132253857174357,8.197467914536972,13.862648901999753,30.38240746222941,0.18401000472146645,0.38293262058721367,54.85358255451713
94976,validation,all,ls2_3_damped_0.25,8025,1.9132253857174357,8.197467914536972,13.862648901999753,30.38240746222941,0.18401000472146645,0.38293262058721367,54.85358255451713
94976,full,all,ls2_3_damped_0.5,8025,2.0455599425617796,8.550941465473228,15.296959774089794,37.130051883475545,0.06182087648979326,0.16533368684177133,46.8785046728972
94976,validation,all,ls2_3_damped_0.5,8025,2.0455599425617796,8.550941465473228,15.296959774089794,37.130051883475545,0.06182087648979326,0.16533368684177133,46.8785046728972
94976,full,all,ls1_4,8025,2.631684210224929,11.262198117081423,18.18388269256069,38.932698823202344,0.4518903812227417,0.9634935893985795,21.457943925233643
94976,validation,all,ls1_4,8025,2.631684210224929,11.262198117081423,18.18388269256069,38.932698823202344,0.4518903812227417,0.9634935893985795,21.457943925233643
94976,full,all,ls2_4,8025,1.8438489977582755,9.868821787580128,18.504900865467413,41.70374839683691,0.0,-0.19826342237566472,47.85046728971963
94976,validation,all,ls2_4,8025,1.8438489977582755,9.868821787580128,18.504900865467413,41.70374839683691,0.0,-0.19826342237566472,47.85046728971963
94976,full,all,ls2_4_damped_0.25,8025,1.7620267470810669,7.993762414993296,12.972271608556143,28.06783053816245,0.1765224296213914,0.4032925404789941,67.85046728971963
94976,validation,all,ls2_4_damped_0.25,8025,1.7620267470810669,7.993762414993296,12.972271608556143,28.06783053816245,0.1765224296213914,0.4032925404789941,67.85046728971963
94976,full,all,ls2_4_damped_0.5,8025,1.638139813754643,7.83342441808201,13.552825925559786,32.521423212873856,0.09070347375991754,0.2060535266253335,61.532710280373834
94976,validation,all,ls2_4_damped_0.5,8025,1.638139813754643,7.83342441808201,13.552825925559786,32.521423212873856,0.09070347375991754,0.2060535266253335,61.532710280373834
94976,full,all,ls1_5,8025,2.942313459887355,12.467960844924901,20.301158279425987,44.486077096313124,0.5550760227581579,1.1358732315643865,18.965732087227412
94976,validation,all,ls1_5,8025,2.942313459887355,12.467960844924901,20.301158279425987,44.486077096313124,0.5550760227581579,1.1358732315643865,18.965732087227412
94976,full,all,ls2_5,8025,1.67440401858676,10.423816053769178,18.3342123849314,31.773893219410542,-0.010351197829330618,-0.18945370105750522,49.42056074766355
94976,validation,all,ls2_5,8025,1.67440401858676,10.423816053769178,18.3342123849314,31.773893219410542,-0.010351197829330618,-0.18945370105750522,49.42056074766355
94976,full,all,ls2_5_damped_0.25,8025,1.769745624027116,8.230441409567876,13.102019965635119,25.930627728834637,0.1772633992670195,0.4048546356732392,67.15264797507788
94976,validation,all,ls2_5_damped_0.25,8025,1.769745624027116,8.230441409567876,13.102019965635119,25.930627728834637,0.1772633992670195,0.4048546356732392,67.15264797507788
94976,full,all,ls2_5_damped_0.5,8025,1.604733133414129,8.259901660994542,13.757227912786396,25.73757133114786,0.06836390418759773,0.20917771701382376,61.47040498442367
94976,validation,all,ls2_5_damped_0.5,8025,1.604733133414129,8.259901660994542,13.757227912786396,25.73757133114786,0.06836390418759773,0.20917771701382376,61.47040498442367
94976,full,all,ls1_7,8025,3.536977440864746,14.685571770583826,24.919852124269738,51.3112333943551,0.6585878703228737,1.457893481290151,15.950155763239875
94976,validation,all,ls1_7,8025,3.536977440864746,14.685571770583826,24.919852124269738,51.3112333943551,0.6585878703228737,1.457893481290151,15.950155763239875
94976,full,all,ls2_7,8025,1.6435926301220463,10.753545564676152,18.427261198489614,33.98177339857745,-0.08931145548343773,-0.12547163288421162,49.794392523364486
94976,validation,all,ls2_7,8025,1.6435926301220463,10.753545564676152,18.427261198489614,33.98177339857745,-0.08931145548343773,-0.12547163288421162,49.794392523364486
94976,full,all,ls2_7_damped_0.25,8025,1.7630381654471767,8.377580757564926,14.211557889196257,26.330054044674032,0.16209603319213756,0.41975526166609767,67.88785046728972
94976,validation,all,ls2_7_damped_0.25,8025,1.7630381654471767,8.377580757564926,14.211557889196257,26.330054044674032,0.16209603319213756,0.41975526166609767,67.88785046728972
94976,full,all,ls2_7_damped_0.5,8025,1.6045721749050739,8.571906156809877,14.59317617034225,26.34982010394211,0.0518274619053335,0.23897896899954005,61.50778816199377
94976,validation,all,ls2_7_damped_0.5,8025,1.6045721749050739,8.571906156809877,14.59317617034225,26.34982010394211,0.0518274619053335,0.23897896899954005,61.50778816199377
94976,full,all,ls1_9,8025,4.013615265441973,16.891953072225615,28.930891724685683,56.33628292440167,0.792062652466465,1.7773140048594849,13.121495327102803
94976,validation,all,ls1_9,8025,4.013615265441973,16.891953072225615,28.930891724685683,56.33628292440167,0.792062652466465,1.7773140048594849,13.121495327102803
94976,full,all,ls2_9,8025,1.8565227190175422,12.35960056489832,20.471615654244452,36.80511398586974,-0.11171655816501494,-0.10177826363572834,44.64797507788162
94976,validation,all,ls2_9,8025,1.8565227190175422,12.35960056489832,20.471615654244452,36.80511398586974,-0.11171655816501494,-0.10177826363572834,44.64797507788162
94976,full,all,ls2_9_damped_0.25,8025,1.8219980945460477,8.74634647383043,14.823317092195294,27.550080575215638,0.13948071594435488,0.4252891688693566,63.26479750778816
94976,validation,all,ls2_9_damped_0.25,8025,1.8219980945460477,8.74634647383043,14.823317092195294,27.550080575215638,0.13948071594435488,0.4252891688693566,63.26479750778816
94976,full,all,ls2_9_damped_0.5,8025,1.6972837844353845,9.530015011893338,15.630769876762411,28.2005764816631,0.005504320780919331,0.2500467834060572,56.88473520249221
94976,validation,all,ls2_9_damped_0.5,8025,1.6972837844353845,9.530015011893338,15.630769876762411,28.2005764816631,0.005504320780919331,0.2500467834060572,56.88473520249221
94976,full,all,bounded_acceleration,8025,1.6526758028451178,8.027473151821878,13.40850488533443,25.916003702132695,0.10979607539918942,0.3226083334872255,61.99376947040498
94976,full,speed_lt_0.01,bounded_acceleration,629,0.25486801982369417,0.7156757486318205,1.3118129900277655,1.4712456682904356,0.0,0.07199479947288774,0.0
94976,full,speed_ge_0.05,bounded_acceleration,6268,1.9441247089233902,8.770098708308534,14.402523597635716,25.916003702132695,0.08737615697093973,0.3003266844794059,71.77728142948308
94976,full,speed_ge_0.2,bounded_acceleration,3630,1.8097247643641783,10.463919307224156,17.250130081822768,25.916003702132695,-0.25779749186459466,-0.007152029316806257,75.67493112947659
94976,full,speed_ge_0.4,bounded_acceleration,1250,3.963488122408912,12.330490366780326,19.558565002326592,25.916003702132695,-0.5422926422454253,-0.09588912482680133,72.39999999999999
94976,full,accel_lt_0.5,bounded_acceleration,1381,0.5280605942360486,2.608535270203953,4.741003384560392,8.655572481636215,0.0,0.08324772172851624,32.72990586531499
94976,full,accel_ge_2,bounded_acceleration,2200,3.730917217655726,12.206991715571519,19.558565002326592,25.916003702132695,0.34916586575222547,0.7179774566638728,64.54545454545455
94976,full,reversal,bounded_acceleration,380,3.962113578878361,17.940803602170654,24.416693818167346,25.916003702132695,2.1388208833454296,3.502358420593715,31.05263157894737
94976,full,horizon_40_80ms,bounded_acceleration,8009,1.6551565529241417,8.028764949568675,13.414655958259901,25.916003702132695,0.11048132635205773,0.322318889124726,62.092645773504806
94976,validation,all,bounded_acceleration,8025,1.6526758028451178,8.027473151821878,13.40850488533443,25.916003702132695,0.10979607539918942,0.3226083334872255,61.99376947040498
94976,validation,speed_lt_0.01,bounded_acceleration,629,0.25486801982369417,0.7156757486318205,1.3118129900277655,1.4712456682904356,0.0,0.07199479947288774,0.0
94976,validation,speed_ge_0.05,bounded_acceleration,6268,1.9441247089233902,8.770098708308534,14.402523597635716,25.916003702132695,0.08737615697093973,0.3003266844794059,71.77728142948308
94976,validation,speed_ge_0.2,bounded_acceleration,3630,1.8097247643641783,10.463919307224156,17.250130081822768,25.916003702132695,-0.25779749186459466,-0.007152029316806257,75.67493112947659
94976,validation,speed_ge_0.4,bounded_acceleration,1250,3.963488122408912,12.330490366780326,19.558565002326592,25.916003702132695,-0.5422926422454253,-0.09588912482680133,72.39999999999999
94976,validation,accel_lt_0.5,bounded_acceleration,1381,0.5280605942360486,2.608535270203953,4.741003384560392,8.655572481636215,0.0,0.08324772172851624,32.72990586531499
94976,validation,accel_ge_2,bounded_acceleration,2200,3.730917217655726,12.206991715571519,19.558565002326592,25.916003702132695,0.34916586575222547,0.7179774566638728,64.54545454545455
94976,validation,reversal,bounded_acceleration,380,3.962113578878361,17.940803602170654,24.416693818167346,25.916003702132695,2.1388208833454296,3.502358420593715,31.05263157894737
94976,validation,horizon_40_80ms,bounded_acceleration,8009,1.6551565529241417,8.028764949568675,13.414655958259901,25.916003702132695,0.11048132635205773,0.322318889124726,62.092645773504806
94976,full,all,abg_0.5_0.1_0,8025,4.918236990791207,20.721960987772736,34.452000484459845,63.47852051054385,1.1391273575015906,2.3837133733423195,12.286604361370717
94976,validation,all,abg_0.5_0.1_0,8025,4.918236990791207,20.721960987772736,34.452000484459845,63.47852051054385,1.1391273575015906,2.3837133733423195,12.286604361370717
94976,full,all,abg_0.8_0.2_0,8025,3.7091990993926762,15.58111712682253,25.70611127320685,51.75948928613219,0.8055957945582961,1.702168045415677,16.473520249221185
94976,validation,all,abg_0.8_0.2_0,8025,3.7091990993926762,15.58111712682253,25.70611127320685,51.75948928613219,0.8055957945582961,1.702168045415677,16.473520249221185
94976,full,all,abg_1.0_0.5_0,8025,2.5656672985306272,10.953953199266902,17.676054706224694,37.37219035203219,0.45513697206062975,0.9525752177738183,23.725856697819314
94976,validation,all,abg_1.0_0.5_0,8025,2.5656672985306272,10.953953199266902,17.676054706224694,37.37219035203219,0.45513697206062975,0.9525752177738183,23.725856697819314
94976,full,all,abg_0.5_0.1_0.01,8025,3.7071305406646307,22.10799342643081,38.71011144617698,64.12232172693577,-0.30083335568374,-0.17797962774429318,18.95327102803738
94976,validation,all,abg_0.5_0.1_0.01,8025,3.7071305406646307,22.10799342643081,38.71011144617698,64.12232172693577,-0.30083335568374,-0.17797962774429318,18.95327102803738
94976,full,all,abg_0.8_0.3_0.05,8025,1.8925281057984367,14.366075070151926,21.76098368561934,33.867060922371316,-0.12803029971594554,-0.05344377620423022,42.940809968847354
94976,validation,all,abg_0.8_0.3_0.05,8025,1.8925281057984367,14.366075070151926,21.76098368561934,33.867060922371316,-0.12803029971594554,-0.05344377620423022,42.940809968847354
94976,full,all,abg_1.0_0.5_0.1,8025,1.5643421438576022,10.95992912801443,17.761255340997504,30.39119961114907,-0.0831515569756409,-0.11923833468666359,52.0
94976,validation,all,abg_1.0_0.5_0.1,8025,1.5643421438576022,10.95992912801443,17.761255340997504,30.39119961114907,-0.0831515569756409,-0.11923833468666359,52.0
96643,full,all,raw,6449,1.970932514790402,6.812043753296759,11.388059451616972,32.77072257541281,0.1490120856445951,0.6147341213648273,0.0
96643,full,speed_lt_0.01,raw,949,0.13939188071503664,0.545115092072965,0.9892438177612247,1.8787918250865427,0.0,0.0373698600895637,0.0
96643,full,speed_ge_0.05,raw,4855,2.449652802805716,7.5785886700170355,11.973549334849595,32.77072257541281,0.5002643634948724,0.6739232381759561,0.0
96643,full,speed_ge_0.2,raw,3133,2.4197813102056878,8.634193858666608,13.715449849011257,32.77072257541281,0.24652088255984997,0.43166039430573483,0.0
96643,full,speed_ge_0.4,raw,1189,2.871041057945352,11.329212182010288,22.01809900632958,32.77072257541281,0.06922094826608868,0.5537163681306614,0.0
96643,full,accel_lt_0.5,raw,1247,0.20613655075425952,3.0889019369816446,5.055681575228772,6.222939444094866,0.0,0.04574560284136314,0.0
96643,full,accel_ge_2,raw,1702,3.54803331807729,10.569957491354398,18.552968661035653,32.77072257541281,0.24865979779430883,0.905939216059042,0.0
96643,full,reversal,raw,252,3.8570714736641905,21.92471951897324,26.77947283547651,32.77072257541281,3.161571942482971,4.721339958866917,0.0
96643,full,horizon_40_80ms,raw,6360,1.9835805359427565,6.858263568573512,11.428565586454143,32.77072257541281,0.15181985984154,0.6193008810150827,0.0
96643,validation,all,raw,6449,1.970932514790402,6.812043753296759,11.388059451616972,32.77072257541281,0.1490120856445951,0.6147341213648273,0.0
96643,validation,speed_lt_0.01,raw,949,0.13939188071503664,0.545115092072965,0.9892438177612247,1.8787918250865427,0.0,0.0373698600895637,0.0
96643,validation,speed_ge_0.05,raw,4855,2.449652802805716,7.5785886700170355,11.973549334849595,32.77072257541281,0.5002643634948724,0.6739232381759561,0.0
96643,validation,speed_ge_0.2,raw,3133,2.4197813102056878,8.634193858666608,13.715449849011257,32.77072257541281,0.24652088255984997,0.43166039430573483,0.0
96643,validation,speed_ge_0.4,raw,1189,2.871041057945352,11.329212182010288,22.01809900632958,32.77072257541281,0.06922094826608868,0.5537163681306614,0.0
96643,validation,accel_lt_0.5,raw,1247,0.20613655075425952,3.0889019369816446,5.055681575228772,6.222939444094866,0.0,0.04574560284136314,0.0
96643,validation,accel_ge_2,raw,1702,3.54803331807729,10.569957491354398,18.552968661035653,32.77072257541281,0.24865979779430883,0.905939216059042,0.0
96643,validation,reversal,raw,252,3.8570714736641905,21.92471951897324,26.77947283547651,32.77072257541281,3.161571942482971,4.721339958866917,0.0
96643,validation,horizon_40_80ms,raw,6360,1.9835805359427565,6.858263568573512,11.428565586454143,32.77072257541281,0.15181985984154,0.6193008810150827,0.0
96643,full,all,ema_0.1,6449,6.082413715380477,19.095471483460496,27.99512185049613,48.26774183235502,2.197592083187856,3.7358451856604473,13.040781516514189
96643,validation,all,ema_0.1,6449,6.082413715380477,19.095471483460496,27.99512185049613,48.26774183235502,2.197592083187856,3.7358451856604473,13.040781516514189
96643,full,all,ema_0.25,6449,3.7123302901987447,11.477533068828427,19.92066671445882,41.83963657329646,0.6341729156107463,1.6143873137363671,18.530004651884013
96643,full,speed_lt_0.01,ema_0.25,949,0.10781680330780141,0.6091215316848912,1.2495403014232307,1.592440543580727,0.0,0.044629178216927835,61.327713382507895
96643,full,speed_ge_0.05,ema_0.25,4855,4.743172134048767,12.943990337872668,20.93249122084946,41.83963657329646,1.4981127507681236,1.8980355954185302,8.753861997940268
96643,full,speed_ge_0.2,ema_0.25,3133,4.766146543866909,14.663095829189654,21.513625186375414,41.83963657329646,1.2388731514689189,1.5705775288586672,6.192148100861794
96643,full,speed_ge_0.4,ema_0.25,1189,5.444311137847548,19.081820534375858,30.71586742869738,41.83963657329646,1.3603088581624823,2.4962077143223698,6.476030277544155
96643,full,accel_lt_0.5,ema_0.25,1247,0.18786986124356211,5.65581428674623,7.6986734855830505,10.282036802131998,0.0,0.19544030889712652,41.218925421010425
96643,full,accel_ge_2,ema_0.25,1702,6.763642921131201,18.768712748279256,31.854106394871785,41.83963657329646,1.7590038285675926,2.6572527688308716,8.28437132784959
96643,full,reversal,ema_0.25,252,6.024789376154953,33.910941916043974,40.4275190815889,41.83963657329646,4.893163664081531,7.557583057712876,30.555555555555557
96643,full,horizon_40_80ms,ema_0.25,6360,3.7327815280571635,11.489535413033662,19.930078893764996,41.83963657329646,0.635421693837416,1.630310832905358,18.49056603773585
96643,validation,all,ema_0.25,6449,3.7123302901987447,11.477533068828427,19.92066671445882,41.83963657329646,0.6341729156107463,1.6143873137363671,18.530004651884013
96643,validation,speed_lt_0.01,ema_0.25,949,0.10781680330780141,0.6091215316848912,1.2495403014232307,1.592440543580727,0.0,0.044629178216927835,61.327713382507895
96643,validation,speed_ge_0.05,ema_0.25,4855,4.743172134048767,12.943990337872668,20.93249122084946,41.83963657329646,1.4981127507681236,1.8980355954185302,8.753861997940268
96643,validation,speed_ge_0.2,ema_0.25,3133,4.766146543866909,14.663095829189654,21.513625186375414,41.83963657329646,1.2388731514689189,1.5705775288586672,6.192148100861794
96643,validation,speed_ge_0.4,ema_0.25,1189,5.444311137847548,19.081820534375858,30.71586742869738,41.83963657329646,1.3603088581624823,2.4962077143223698,6.476030277544155
96643,validation,accel_lt_0.5,ema_0.25,1247,0.18786986124356211,5.65581428674623,7.6986734855830505,10.282036802131998,0.0,0.19544030889712652,41.218925421010425
96643,validation,accel_ge_2,ema_0.25,1702,6.763642921131201,18.768712748279256,31.854106394871785,41.83963657329646,1.7590038285675926,2.6572527688308716,8.28437132784959
96643,validation,reversal,ema_0.25,252,6.024789376154953,33.910941916043974,40.4275190815889,41.83963657329646,4.893163664081531,7.557583057712876,30.555555555555557
96643,validation,horizon_40_80ms,ema_0.25,6360,3.7327815280571635,11.489535413033662,19.930078893764996,41.83963657329646,0.635421693837416,1.630310832905358,18.49056603773585
96643,full,all,ema_0.5,6449,2.6159014255920723,8.529984324180719,15.012069632536688,36.027286280211136,0.2370038478141577,0.9346451295853092,26.019537912854705
96643,validation,all,ema_0.5,6449,2.6159014255920723,8.529984324180719,15.012069632536688,36.027286280211136,0.2370038478141577,0.9346451295853092,26.019537912854705
96643,full,all,ema_0.75,6449,2.18072649310184,7.433992987991713,12.586773311946793,34.020155940666385,0.18049240040978076,0.717900624305686,30.748953326097066
96643,validation,all,ema_0.75,6449,2.18072649310184,7.433992987991713,12.586773311946793,34.020155940666385,0.18049240040978076,0.717900624305686,30.748953326097066
96643,full,all,acc_0.1_0.25,6449,1.7782844736883239,6.767830867301261,10.768165989534348,32.48397114648193,0.008893532140600286,0.41030499279282967,62.567839975189955
96643,validation,all,acc_0.1_0.25,6449,1.7782844736883239,6.767830867301261,10.768165989534348,32.48397114648193,0.008893532140600286,0.41030499279282967,62.567839975189955
96643,full,all,acc_0.1_0.5,6449,1.6337081920402092,6.927342887889104,10.518028569692657,32.254056054981895,0.0,0.2058758642208321,59.544115366723524
96643,validation,all,acc_0.1_0.5,6449,1.6337081920402092,6.927342887889104,10.518028569692657,32.254056054981895,0.0,0.2058758642208321,59.544115366723524
96643,full,all,acc_0.1_1.0,6449,1.4821749687895656,7.200838453590593,11.327644516360222,31.969337102413398,0.0,-0.2029823929231631,53.5276787098775
96643,validation,all,acc_0.1_1.0,6449,1.4821749687895656,7.200838453590593,11.327644516360222,31.969337102413398,0.0,-0.2029823929231631,53.5276787098775
96643,full,all,acc_0.25_0.25,6449,1.7030079236529383,6.599781403802287,10.2090103654418,31.540720551071004,0.006553858743373926,0.4196200648500972,64.38207474026981
96643,validation,all,acc_0.25_0.25,6449,1.7030079236529383,6.599781403802287,10.2090103654418,31.540720551071004,0.006553858743373926,0.4196200648500972,64.38207474026981
96643,full,all,acc_0.25_0.5,6449,1.512707621778648,6.450924284138839,10.017285006033081,30.40967031770283,0.0,0.2245060083353682,60.39696076911149
96643,validation,all,acc_0.25_0.5,6449,1.512707621778648,6.450924284138839,10.017285006033081,30.40967031770283,0.0,0.2245060083353682,60.39696076911149
96643,full,all,acc_0.25_1.0,6449,1.4536134918328871,7.030460779216587,11.081242503785727,28.49057114706991,0.0,-0.16572210469409152,53.18654054892231
96643,validation,all,acc_0.25_1.0,6449,1.4536134918328871,7.030460779216587,11.081242503785727,28.49057114706991,0.0,-0.16572210469409152,53.18654054892231
96643,full,all,acc_0.5_0.25,6449,1.6942036474697797,6.35653847137384,9.677688995537057,30.773639355092424,0.05563827240769017,0.43071824792964836,63.870367498837034
96643,validation,all,acc_0.5_0.25,6449,1.6942036474697797,6.35653847137384,9.677688995537057,30.773639355092424,0.05563827240769017,0.43071824792964836,63.870367498837034
96643,full,all,acc_0.5_0.5,6449,1.5472243786315403,6.1752388723156,9.388728530458753,28.84188023826954,0.0,0.2467023744944675,59.358040006202515
96643,validation,all,acc_0.5_0.5,6449,1.5472243786315403,6.1752388723156,9.388728530458753,28.84188023826954,0.0,0.2467023744944675,59.358040006202515
96643,full,all,acc_0.5_1.0,6449,1.664433973192099,7.079545915706143,11.946046857168081,33.53964755684921,0.0,-0.12132937237589037,49.123895177546906
96643,validation,all,acc_0.5_1.0,6449,1.664433973192099,7.079545915706143,11.946046857168081,33.53964755684921,0.0,-0.12132937237589037,49.123895177546906
96643,full,all,acc_1.0_0.25,6449,1.8224025690405783,6.45099429959772,9.740607583957438,30.5164622626568,0.06876946308836854,0.44868015576449416,56.56690959838735
96643,validation,all,acc_1.0_0.25,6449,1.8224025690405783,6.45099429959772,9.740607583957438,30.5164622626568,0.06876946308836854,0.44868015576449416,56.56690959838735
96643,full,all,acc_1.0_0.5,6449,1.9123827207691648,6.551107924334757,11.32260161534285,28.4650785591621,0.04148020314384036,0.2826261901641611,48.5036439758102
96643,validation,all,acc_1.0_0.5,6449,1.9123827207691648,6.551107924334757,11.32260161534285,28.4650785591621,0.04148020314384036,0.2826261901641611,48.5036439758102
96643,full,all,acc_1.0_1.0,6449,2.513229793371572,9.344661275887882,16.795301119516346,39.71273962277105,0.0,-0.04948174103650674,34.827104977515894
96643,validation,all,acc_1.0_1.0,6449,2.513229793371572,9.344661275887882,16.795301119516346,39.71273962277105,0.0,-0.04948174103650674,34.827104977515894
96643,full,all,guard_acc_0.25_0.25_2.0,6449,1.745406460388339,6.595294350471558,10.870400966510099,32.31520942391645,0.03759989926627424,0.46247205940356406,62.53682741510311
96643,validation,all,guard_acc_0.25_0.25_2.0,6449,1.745406460388339,6.595294350471558,10.870400966510099,32.31520942391645,0.03759989926627424,0.46247205940356406,62.53682741510311
96643,full,all,guard_acc_0.25_0.5_2.0,6449,1.5425721603465787,6.355788303405982,10.516190601275826,31.870696778139273,0.0,0.3102099974423025,60.17987284850365
96643,validation,all,guard_acc_0.25_0.5_2.0,6449,1.5425721603465787,6.355788303405982,10.516190601275826,31.870696778139273,0.0,0.3102099974423025,60.17987284850365
96643,full,all,guard_acc_0.25_0.25_4.0,6449,1.708579663752921,6.5189644187911835,10.596739586847649,31.84454982941923,0.012170867193463239,0.4356246022886655,62.133664133974264
96643,validation,all,guard_acc_0.25_0.25_4.0,6449,1.708579663752921,6.5189644187911835,10.596739586847649,31.84454982941923,0.012170867193463239,0.4356246022886655,62.133664133974264
96643,full,all,guard_acc_0.25_0.5_4.0,6449,1.5212978763621205,6.410188883066964,9.862883787682906,30.961464654167973,0.0,0.2565150832125047,59.3425337261591
96643,validation,all,guard_acc_0.25_0.5_4.0,6449,1.5212978763621205,6.410188883066964,9.862883787682906,30.961464654167973,0.0,0.2565150832125047,59.3425337261591
96643,full,all,guard_acc_0.5_0.25_2.0,6449,1.7126042066765401,6.384901109503018,10.65884173792651,31.974153357494387,0.05690437953932596,0.47295415662107554,62.397270894712356
96643,validation,all,guard_acc_0.5_0.25_2.0,6449,1.7126042066765401,6.384901109503018,10.65884173792651,31.974153357494387,0.05690437953932596,0.47295415662107554,62.397270894712356
96643,full,all,guard_acc_0.5_0.5_2.0,6449,1.5507624985040405,6.205350342558185,10.21325548429194,31.184844574996948,0.0,0.33117419187732555,59.373546286245926
96643,validation,all,guard_acc_0.5_0.5_2.0,6449,1.5507624985040405,6.205350342558185,10.21325548429194,31.184844574996948,0.0,0.33117419187732555,59.373546286245926
96643,full,all,guard_acc_0.5_0.25_4.0,6449,1.6978511603841266,6.312977155526152,10.259797967101937,31.181475088512208,0.05531775094057419,0.4470375481148028,61.85455109319275
96643,validation,all,guard_acc_0.5_0.25_4.0,6449,1.6978511603841266,6.312977155526152,10.259797967101937,31.181475088512208,0.05531775094057419,0.4470375481148028,61.85455109319275
96643,full,all,guard_acc_0.5_0.5_4.0,6449,1.5478071848522248,6.19190059573771,9.467531451327133,29.625335089159734,0.0,0.27934097486477577,58.1950690029462
96643,validation,all,guard_acc_0.5_0.5_4.0,6449,1.5478071848522248,6.19190059573771,9.467531451327133,29.625335089159734,0.0,0.27934097486477577,58.1950690029462
96643,full,all,ls1_3,6449,2.317484473927872,7.818795240728369,13.634186895330535,34.66590260268922,0.173859582725093,0.7637165718125907,28.25244223910684
96643,validation,all,ls1_3,6449,2.317484473927872,7.818795240728369,13.634186895330535,34.66590260268922,0.173859582725093,0.7637165718125907,28.25244223910684
96643,full,all,ls2_3,6449,2.5132344279200045,9.410520663776813,17.50937749448274,51.96684052738757,0.0,-0.0790052848816965,34.79609241742906
96643,validation,all,ls2_3,6449,2.5132344279200045,9.410520663776813,17.50937749448274,51.96684052738757,0.0,-0.0790052848816965,34.79609241742906
96643,full,all,ls2_3_damped_0.25,6449,1.8224025582179988,6.446056786297618,9.740607190629929,30.5164591149289,0.06876733612190289,0.44702172502823945,56.56690959838735
96643,validation,all,ls2_3_damped_0.25,6449,1.8224025582179988,6.446056786297618,9.740607190629929,30.5164591149289,0.06876733612190289,0.44702172502823945,56.56690959838735
96643,full,all,ls2_3_damped_0.5,6449,1.9123750970461364,6.551113785982843,11.452357780274305,28.50717836245691,0.0414772962913086,0.2793093286916518,48.5036439758102
96643,validation,all,ls2_3_damped_0.5,6449,1.9123750970461364,6.551113785982843,11.452357780274305,28.50717836245691,0.0414772962913086,0.2793093286916518,48.5036439758102
96643,full,all,ls1_4,6449,2.67706225817733,8.807901110761264,15.542538096029752,37.4754626511599,0.22714705369537036,0.9277292903092176,24.127771747557762
96643,validation,all,ls1_4,6449,2.67706225817733,8.807901110761264,15.542538096029752,37.4754626511599,0.22714705369537036,0.9277292903092176,24.127771747557762
96643,full,all,ls2_4,6449,1.6949756339396813,7.094843407435249,13.083275774443512,32.049447243319676,0.0,-0.1497619660989414,49.60458985889285
96643,validation,all,ls2_4,6449,1.6949756339396813,7.094843407435249,13.083275774443512,32.049447243319676,0.0,-0.1497619660989414,49.60458985889285
96643,full,all,ls2_4_damped_0.25,6449,1.653524117240464,6.229302956111856,9.501412405335667,30.02446757260057,0.042608547474529516,0.4264025860432542,69.18902155372926
96643,validation,all,ls2_4_damped_0.25,6449,1.653524117240464,6.229302956111856,9.501412405335667,30.02446757260057,0.042608547474529516,0.4264025860432542,69.18902155372926
96643,full,all,ls2_4_damped_0.5,6449,1.5357030849029039,5.996386409906956,9.787755649121856,27.42481594207139,0.0,0.23807105072168164,62.84695301597147
96643,validation,all,ls2_4_damped_0.5,6449,1.5357030849029039,5.996386409906956,9.787755649121856,27.42481594207139,0.0,0.23807105072168164,62.84695301597147
96643,full,all,ls1_5,6449,3.044873966239462,9.739389660567268,17.492021067551732,40.63640557307645,0.2992189419817021,1.0915494219552244,21.19708481935184
96643,validation,all,ls1_5,6449,3.044873966239462,9.739389660567268,17.492021067551732,40.63640557307645,0.2992189419817021,1.0915494219552244,21.19708481935184
96643,full,all,ls2_5,6449,1.6398209119855915,7.656966063477855,12.030407870884304,29.549600206611302,0.0,-0.1588602386179017,50.255853620716394
96643,validation,all,ls2_5,6449,1.6398209119855915,7.656966063477855,12.030407870884304,29.549600206611302,0.0,-0.1588602386179017,50.255853620716394
96643,full,all,ls2_5_damped_0.25,6449,1.674686130053282,6.314492489011924,9.709711005429893,31.030192527914227,0.01396689593025492,0.42360134390488,68.28965731121104
96643,validation,all,ls2_5_damped_0.25,6449,1.674686130053282,6.314492489011924,9.709711005429893,31.030192527914227,0.01396689593025492,0.42360134390488,68.28965731121104
96643,full,all,ls2_5_damped_0.5,6449,1.497054907140048,6.345705189434632,9.714049660108701,29.36067753550004,0.0,0.2324685664449308,62.118157853930846
96643,validation,all,ls2_5_damped_0.5,6449,1.497054907140048,6.345705189434632,9.714049660108701,29.36067753550004,0.0,0.2324685664449308,62.118157853930846
96643,full,all,ls1_7,6449,3.69380066015769,11.634584534463569,21.004022940840038,44.4494123006809,0.386345390746864,1.4270301918914352,18.018297410451233
96643,validation,all,ls1_7,6449,3.69380066015769,11.634584534463569,21.004022940840038,44.4494123006809,0.386345390746864,1.4270301918914352,18.018297410451233
96643,full,all,ls2_7,6449,1.5918016315986112,8.789842969623958,13.462777568164894,35.668116986252,-0.016338239043136065,-0.18310046458400792,52.53527678709877
96643,validation,all,ls2_7,6449,1.5918016315986112,8.789842969623958,13.462777568164894,35.668116986252,-0.016338239043136065,-0.18310046458400792,52.53527678709877
96643,full,all,ls2_7_damped_0.25,6449,1.7293461709005107,6.856942810168057,10.823471659432393,32.229371501327904,0.0039037978415923597,0.41638052004160697,69.56117227477128
96643,validation,all,ls2_7_damped_0.25,6449,1.7293461709005107,6.856942810168057,10.823471659432393,32.229371501327904,0.0039037978415923597,0.41638052004160697,69.56117227477128
96643,full,all,ls2_7_damped_0.5,6449,1.5155268056472426,7.2949644127121696,10.938704330639926,32.08182369403817,0.0,0.21802691871838567,63.83935493875019
96643,validation,all,ls2_7_damped_0.5,6449,1.5155268056472426,7.2949644127121696,10.938704330639926,32.08182369403817,0.0,0.21802691871838567,63.83935493875019
96643,full,all,ls1_9,6449,4.3120629123039995,13.403931845078047,23.88873663283142,47.06177051952858,0.6002260030702536,1.7658685142695498,15.940455884633275
96643,validation,all,ls1_9,6449,4.3120629123039995,13.403931845078047,23.88873663283142,47.06177051952858,0.6002260030702536,1.7658685142695498,15.940455884633275
96643,full,all,ls2_9,6449,1.759156834872364,10.523621084886715,16.968633232060547,38.37333307761371,-0.027186156846208027,-0.20504308103261687,47.0925724918592
96643,validation,all,ls2_9,6449,1.759156834872364,10.523621084886715,16.968633232060547,38.37333307761371,-0.027186156846208027,-0.20504308103261687,47.0925724918592
96643,full,all,ls2_9_damped_0.25,6449,1.773953523944662,7.4008761045862625,11.467427452897725,33.07341960487789,0.01583393817177855,0.40996124470154083,65.14188246239728
96643,validation,all,ls2_9_damped_0.25,6449,1.773953523944662,7.4008761045862625,11.467427452897725,33.07341960487789,0.01583393817177855,0.40996124470154083,65.14188246239728
96643,full,all,ls2_9_damped_0.5,6449,1.6309783244266847,8.211015723643307,12.762783719114017,34.11727128865921,0.0,0.2051883680382531,58.908357884943406
96643,validation,all,ls2_9_damped_0.5,6449,1.6309783244266847,8.211015723643307,12.762783719114017,34.11727128865921,0.0,0.2051883680382531,58.908357884943406
96643,full,all,bounded_acceleration,6449,1.5425721603465452,6.355788303405982,10.516190601275824,31.870696778139266,0.0,0.31009686030514916,60.17987284850365
96643,full,speed_lt_0.01,bounded_acceleration,949,0.13939188071503664,0.545115092072965,0.9892438177612247,1.8787918250865427,0.0,0.0373698600895637,0.0
96643,full,speed_ge_0.05,bounded_acceleration,4855,1.9192891825311302,7.125114239363212,10.942661739979432,31.870696778139266,0.13475300794294023,0.3062844192596012,73.16168898043254
96643,full,speed_ge_0.2,bounded_acceleration,3133,1.9106566713559374,7.847842459585631,13.768562229771538,31.870696778139266,-0.17541379449056851,0.0902960162033183,76.63581232045964
96643,full,speed_ge_0.4,bounded_acceleration,1189,2.5279782276639295,10.474156324906106,21.091842533696067,31.870696778139266,-0.4198724668029901,0.08427681867397019,74.4322960470984
96643,full,accel_lt_0.5,bounded_acceleration,1247,0.2225202555311215,2.5108504370048013,4.366518293382418,6.9710558438625245,0.0,-0.013980718545456117,23.897353648757015
96643,full,accel_ge_2,bounded_acceleration,1702,2.997419463121366,9.602184222732166,17.35840923278706,31.870696778139266,-0.189836224601737,0.5049454346604232,71.7978848413631
96643,full,reversal,bounded_acceleration,252,3.1402796977285377,21.003058625190132,26.072005167893785,31.870696778139266,2.551976224395875,4.125500877303405,61.50793650793651
96643,full,horizon_40_80ms,bounded_acceleration,6360,1.5545993651754217,6.356661064438772,10.571703126736187,31.870696778139266,0.0,0.3108975710291471,60.22012578616353
96643,validation,all,bounded_acceleration,6449,1.5425721603465452,6.355788303405982,10.516190601275824,31.870696778139266,0.0,0.31009686030514916,60.17987284850365
96643,validation,speed_lt_0.01,bounded_acceleration,949,0.13939188071503664,0.545115092072965,0.9892438177612247,1.8787918250865427,0.0,0.0373698600895637,0.0
96643,validation,speed_ge_0.05,bounded_acceleration,4855,1.9192891825311302,7.125114239363212,10.942661739979432,31.870696778139266,0.13475300794294023,0.3062844192596012,73.16168898043254
96643,validation,speed_ge_0.2,bounded_acceleration,3133,1.9106566713559374,7.847842459585631,13.768562229771538,31.870696778139266,-0.17541379449056851,0.0902960162033183,76.63581232045964
96643,validation,speed_ge_0.4,bounded_acceleration,1189,2.5279782276639295,10.474156324906106,21.091842533696067,31.870696778139266,-0.4198724668029901,0.08427681867397019,74.4322960470984
96643,validation,accel_lt_0.5,bounded_acceleration,1247,0.2225202555311215,2.5108504370048013,4.366518293382418,6.9710558438625245,0.0,-0.013980718545456117,23.897353648757015
96643,validation,accel_ge_2,bounded_acceleration,1702,2.997419463121366,9.602184222732166,17.35840923278706,31.870696778139266,-0.189836224601737,0.5049454346604232,71.7978848413631
96643,validation,reversal,bounded_acceleration,252,3.1402796977285377,21.003058625190132,26.072005167893785,31.870696778139266,2.551976224395875,4.125500877303405,61.50793650793651
96643,validation,horizon_40_80ms,bounded_acceleration,6360,1.5545993651754217,6.356661064438772,10.571703126736187,31.870696778139266,0.0,0.3108975710291471,60.22012578616353
96643,full,all,abg_0.5_0.1_0,6449,5.26071135691732,16.0609392839638,28.04817981628027,51.65547885626624,1.0973930866108512,2.4181163037472784,12.498061714994572
96643,validation,all,abg_0.5_0.1_0,6449,5.26071135691732,16.0609392839638,28.04817981628027,51.65547885626624,1.0973930866108512,2.4181163037472784,12.498061714994572
96643,full,all,abg_0.8_0.2_0,6449,3.963620007268318,12.187446220197208,21.44310787577326,44.03504483448189,0.6533591319040225,1.7026426934385468,17.041401767715925
96643,validation,all,abg_0.8_0.2_0,6449,3.963620007268318,12.187446220197208,21.44310787577326,44.03504483448189,0.6533591319040225,1.7026426934385468,17.041401767715925
96643,full,all,abg_1.0_0.5_0,6449,2.615900724021409,8.52998413144742,15.012071316600334,36.02728444043018,0.23700536138649386,0.9346454558239592,26.019537912854705
96643,validation,all,abg_1.0_0.5_0,6449,2.615900724021409,8.52998413144742,15.012071316600334,36.02728444043018,0.23700536138649386,0.9346454558239592,26.019537912854705
96643,full,all,abg_0.5_0.1_0.01,6449,3.749392384025641,21.388408273694807,36.2944247515733,55.59653107880318,-0.15010875346066563,-0.3144049634747,19.11924329353388
96643,validation,all,abg_0.5_0.1_0.01,6449,3.749392384025641,21.388408273694807,36.2944247515733,55.59653107880318,-0.15010875346066563,-0.3144049634747,19.11924329353388
96643,full,all,abg_0.8_0.3_0.05,6449,1.8334673784685542,11.824249773240592,19.129647701814598,38.19303236929272,-0.011776385731691716,-0.19193825991728158,43.929291363002015
96643,validation,all,abg_0.8_0.3_0.05,6449,1.8334673784685542,11.824249773240592,19.129647701814598,38.19303236929272,-0.011776385731691716,-0.19193825991728158,43.929291363002015
96643,full,all,abg_1.0_0.5_0.1,6449,1.5213258160905723,8.984830439402291,14.005422106940808,32.53341990555275,0.0,-0.15802870258731821,54.13242363157078
96643,validation,all,abg_1.0_0.5_0.1,6449,1.5213258160905723,8.984830439402291,14.005422106940808,32.53341990555275,0.0,-0.15802870258731821,54.13242363157078
